#ifndef IMAGE_200x180_RGB565_H
#define IMAGE_200x180_RGB565_H

#include <stdint.h>

#define IMAGE_WIDTH 200
#define IMAGE_HEIGHT 180

const uint16_t image_data[200*180] = {
0xE75D,0xE73E,0xCF15,0xCF36,0xEF50,0xE730,0xE730,0xE731,0xE750,0xE731,0xEF30,0xE731,
0xC758,0xB6F7,0xCF14,0xCF35,0xE731,0xE732,0xBF18,0xAED7,0xDF32,0xDF33,0xE730,0xE731,
0xE730,0xE730,0xD755,0xC6F4,0xA6FB,0xA71C,0xB6F6,0xBF18,0xEF4F,0xE730,0xDF54,0xCEF3,
0xD75D,0xDF9F,0xBEF6,0xC737,0xEF2F,0xE730,0xDF52,0xDF32,0xC6FA,0xD77D,0xEF5D,0xE73D,
0xEF5D,0xEF5E,0xF77B,0x840E,0xFF4F,0xFFB1,0xA4ED,0xB590,0xEF37,0xD654,0xCDF2,0xDE95,
0xFFDA,0x9CAE,0x9CA8,0xFF94,0xFF6F,0xF770,0xFF6F,0xF770,0xFF90,0xF770,0xFF6F,0xF750,
0xFFB5,0x7BA5,0xBDB0,0xF778,0xFF31,0xEE8F,0xF66B,0xF68C,0xF735,0xF756,0xF776,0xEF36,
0xFEF1,0xEEB0,0xF713,0xF755,0xF756,0xF757,0xE779,0xDF18,0xAF1D,0x967C,0x8E9E,0x869E,
0x869E,0x869F,0x963B,0xB73F,0xE7FF,0x9639,0x2E3A,0x2E5B,0x363A,0x363B,0xC6FB,0xE7FF,
0xF7BF,0xF79F,0xF7BE,0xF79F,0xE7FF,0xAEBC,0x2E1A,0x2E3B,0x2E5B,0x263B,0x7DB7,0xB77F,
0xECF1,0xF533,0xF48E,0xEC6E,0xD48F,0xFDB4,0xFEF9,0xCCB1,0xF46E,0xEC2E,0xFE15,0xE533,
0xDC6E,0xF553,0xFF1A,0xCCB1,0xE48E,0xECD0,0xFF3A,0xD512,0xEC6E,0xF48F,0xECAF,0xE48F,
0xFF7D,0xFF9E,0xF4CF,0xE46F,0xEC6E,0xEC8F,0xEEDA,0xFF7E,0xFF7D,0xEF1C,0xF531,0xDC6F,
0xF46E,0xEC2D,0xDE78,0xFFBE,0xFFDD,0xD5D6,0xEC6E,0xEC6E,0xFF3C,0xFF9D,0xF4AF,0xE46F,
0xECF1,0xF573,0xEC4D,0xEC6F,0xEC6D,0xEC4E,0xF46E,0xEC4E,0xF46E,0xEC4E,0xFDB4,0xDCD1,
0xEC6E,0xE42E,0xFDD4,0xE553,0xEC2D,0xEC4E,0xF44D,0xEC2D,0xCD12,0xFF1B,0xF7DF,0xF7FF,
0xFFFF,0xFFFF,0xCFFF,0x965A,0x7E9C,0x7EBD,0xEF9D,0xF7FF,0xDF3D,0xE75D,0xC6F5,0xCF36,
0xE730,0xEF2F,0xDF32,0xDF11,0xDF11,0xE751,0xE730,0xEF30,0xCF56,0xBEF4,0xD712,0xDF52,
0xE70F,0xEF2F,0xCF56,0xC6F3,0xD712,0xDF52,0xE730,0xE72F,0xE710,0xEF2F,0xD734,0xD712,
0xBEDA,0xDFDE,0xC6F6,0xC716,0xE72F,0xEF2F,0xD734,0xCEF2,0xCF1C,0xE7BE,0xBEF7,0xC717,
0xE730,0xE72F,0xDF31,0xE730,0xBEB9,0xD77B,0xE73D,0xEF3C,0xE73D,0xEF3C,0xF79E,0xA4F3,
0xBDAB,0xFFB2,0xE6D1,0x9467,0x840A,0x8C2A,0x8C2A,0x83E8,0x83EB,0xEF38,0x6B25,0xE6D2,
0xF76F,0xFF6E,0xF76F,0xFF6F,0xF74F,0xFF6F,0xF74F,0xFF6F,0xF772,0xD64D,0x6306,0xFF98,
0xFEEF,0xEE4C,0xF64A,0xFE49,0xEE8F,0xFF10,0xF68D,0xF64C,0xF62A,0xF629,0xEEF3,0xFF53,
0xEF36,0xF736,0xF735,0xFF55,0xCF7C,0xAE57,0x7E9F,0x869E,0xA659,0xCF7C,0xD6D8,0xF79B,
0xCFFF,0x7DD7,0x2E3B,0x365A,0x2E5B,0x2E5A,0x4D97,0x8F7E,0xFFDF,0xFFBE,0xF79F,0xF79E,
0xEFDF,0xEFBE,0x3E3A,0x3E19,0x265B,0x2E5B,0x8D75,0x9DF7,0xF40C,0xFC2C,0xEC4E,0xF44D,
0xEC4E,0xEC6D,0xEC6E,0xEC6D,0xEC6E,0xEC4D,0xFE77,0xE511,0xCC4F,0xFDF4,0xFF5B,0xCD11,
0xEC6E,0xEC6D,0xFEFA,0xEE15,0xEC2D,0xF46D,0xEC4E,0xEC4D,0xEEFB,0xFFDE,0xFE78,0xCCB0,
0xF42D,0xF44D,0xEC4E,0xF48F,0xEC6F,0xEC4D,0xEC2D,0xF46D,0xE44E,0xEC6D,0xEF3C,0xFFBD,
0xFF9D,0xDDF6,0xE44D,0xEC6D,0xF71B,0xFF9C,0xECAF,0xE46E,0xED11,0xF511,0xEC2D,0xEC4D,
0xD533,0xFF19,0xFE36,0xD48F,0xF44D,0xF44C,0xF4F1,0xECAF,0xEC4E,0xEC4D,0xE573,0xFE15,
0xE40D,0xEC6D,0xEC2D,0xEC2C,0xCD13,0xFF3A,0xEFBF,0xFFFF,0xFFFF,0xFFFE,0xBFBF,0x9659,
0x767C,0x86BC,0xE77D,0xFFFF,0xE75D,0xDF3D,0xC716,0xC717,0xE72F,0xE72F,0xCF55,0xBEF4,
0xC6F3,0xCF55,0xEF2F,0xE730,0xC736,0xB6F5,0xDF31,0xDF31,0xE72F,0xE730,0xD753,0xCF12,
0xD731,0xD733,0xE72F,0xDF10,0xE72F,0xDF30,0xE750,0xDF31,0xB6F8,0xC77B,0xC716,0xC737,
0xE72F,0xE72F,0xD753,0xCEF2,0xC6FB,0xDFBE,0xCF58,0xBEF8,0xE750,0xDF30,0xE730,0xDF31,
0xBEF8,0xC75A,0xE75D,0xE73D,0xE75C,0xE73D,0xEF7D,0xCE9B,0x9467,0xF794,0xFF6F,0xFF90,
0xFF8F,0xFFB0,0xFFD0,0xFFB0,0xBDD0,0x842A,0x8409,0xB590,0xFFB0,0xF76F,0xF76F,0xF76F,
0xF78F,0xF770,0xF76F,0xF76F,0xF770,0xFFD2,0x7BA8,0xB570,0xFF0F,0xE64C,0xF66A,0xF64A,
0xF66A,0xF64A,0xF64A,0xF64A,0xF66B,0xEE4B,0xF734,0xF735,0xF756,0xEF36,0xF755,0xF735,
0xDF9B,0xBE97,0x869E,0x7E9F,0xC6B6,0xDF9A,0xF757,0xFFB9,0xE7FF,0x9E7A,0x261A,0x2E5B,
0x365A,0x2E3B,0x2E5A,0x261A,0xAEBB,0xD7FF,0xFFBE,0xFFBF,0xE7FF,0xB6DC,0x363A,0x2E3B,
0x2E7B,0x263B,0x9DD6,0xAE59,0xF40C,0xF40C,0xEC4D,0xEC4E,0xEC6D,0xE42D,0xEC6D,0xEC4E,
0xE48E,0xE46F,0xFED8,0xD512,0xD46E,0xFDB4,0xFFBC,0xCD95,0xEC6D,0xE44D,0xEE98,0xFF3B,
0xEC6E,0xE46E,0xEC8D,0xE44D,0xE6D9,0xFFBE,0xFFBE,0xE6BA,0xEC6E,0xE44E,0xF44D,0xEC4D,
0xF46D,0xEC4E,0xF44D,0xEC0C,0xCCD0,0xFE77,0xF7DF,0xEFBF,0xFFBD,0xDE58,0xE42C,0xE44D,
0xF73B,0xFFDE,0xF510,0xD42D,0xF593,0xE511,0xEC4D,0xEC4D,0xCD73,0xFFBD,0xFEF9,0xC4B0,
0xF46D,0xEC4D,0xF511,0xE4B0,0xF46D,0xEC4D,0xD553,0xFF1A,0xE46E,0xE46E,0xF46D,0xEC2D,
0xCD74,0xFF5C,0xF7DE,0xF7FF,0xFFFE,0xFFFF,0xAF9E,0x865A,0x7E9B,0x7EBC,0xEF9D,0xF7FF,
0xE73D,0xE75D,0xC718,0xC717,0xE730,0xE72F,0xDF31,0xE730,0xDF10,0xE730,0xDF31,0xDF31,
0xAEF7,0xB717,0xDF31,0xE730,0xE730,0xE72F,0xDF31,0xDF30,0xD711,0xDF30,0xDF0F,0xE72F,
0xE730,0xE72F,0xE730,0xEF2F,0xC736,0xC6F5,0xBEF6,0xC756,0xE72F,0xEF2F,0xD753,0xD712,
0xC6DB,0xDF9D,0xD77B,0xC6F8,0xE750,0xE750,0xE730,0xEF4F,0xBED8,0xCF38,0xE73D,0xEF5D,
0xE73D,0xEF5C,0xE73D,0xEF7D,0x8C07,0xF733,0xF74F,0xFF4E,0xF72F,0xFF4F,0xF72F,0xFF4E,
0xFFB5,0x8C06,0x41E1,0xDE93,0xFF6F,0xFF6E,0xF74F,0xFF6F,0xF76F,0xFF8F,0xF76F,0xFF6F,
0xF74F,0xFF8F,0xDEB2,0x5AC2,0xF66D,0xF64C,0xF64A,0xFE6A,0xF64A,0xFE4A,0xF64A,0xFE4A,
0xEE4C,0xFE8C,0xF756,0xF755,0xEF36,0xF755,0xF735,0xF735,0xE779,0xD6F6,0x867D,0x8E9D,
0xE736,0xEF77,0xF736,0xFF56,0xF7FF,0xF7DE,0x4E7B,0x3DD8,0x2E3B,0x365A,0x2E3B,0x365A,
0x35F9,0x467B,0x769B,0x7EBB,0x569B,0x45F8,0x2E3A,0x365A,0x363A,0x2E19,0xC6DB,0xE7DF,
0xF616,0xEDD5,0xF46E,0xEC6D,0xCCB0,0xFE35,0xFF5B,0xDDD5,0xE44E,0xEC6E,0xFE98,0xE552,
0xD44F,0xFD72,0xFFBE,0xEEB9,0xE42D,0xEC2C,0xDE38,0xFFDD,0xFDD4,0xD48E,0xEC4D,0xEC4C,
0xEEFB,0xFF9D,0xF7DF,0xFFFF,0xFF1B,0xDDF6,0xF4AF,0xEC6D,0xEC4D,0xF44D,0xDCB0,0xFD72,
0xEF3C,0xFFBE,0xF7BE,0xFFFF,0xFFDE,0xFFBD,0xDDB5,0xE5D5,0xF79E,0xFFBE,0xFE98,0xD573,
0xFF1A,0xE5D4,0xEC0C,0xF42C,0xCD74,0xFF7B,0xFF7C,0xD5B4,0xEC2C,0xEC0C,0xFE15,0xE531,
0xEC4D,0xEC2C,0xD5D6,0xFFDD,0xFDD4,0xD46E,0xEC2D,0xEC0B,0xDE38,0xFF7C,0xF7BE,0xFFFF,
0xFFFF,0xFFDE,0x971D,0x865A,0x7E7B,0x8EDC,0xEF9D,0xFFFF,0xE73C,0xE73D,0xC759,0xBEF8,
0xE750,0xDF30,0xE730,0xDF30,0xE72F,0xE730,0xCF35,0xBED4,0xC759,0xB719,0xE730,0xDF30,
0xE730,0xDF10,0xE750,0xDF30,0xE72F,0xDF30,0xE74F,0xDF30,0xE750,0xDF30,0xE750,0xE730,
0xDF53,0xCF13,0xBEF5,0xC757,0xEF2F,0xE72F,0xD773,0xCF12,0xC6DA,0xD79E,0xE79C,0xCEFA,
0xCF33,0xC754,0xC754,0xBF14,0xBED9,0xCF7C,0xE75D,0xE73D,0xE75C,0xE73D,0xE75D,0xEF9F,
0x9469,0xDED4,0xFF6F,0xF74F,0xFF4F,0xF750,0xFF6F,0xF74F,0xFF92,0xB56A,0xA508,0xF794,
0xF76F,0xF76F,0xF76F,0xF770,0xF78F,0xF770,0xF78F,0xF770,0xFF6F,0xF74F,0xFFD4,0x9CC9,
0x8B83,0xF6B0,0xF649,0xF64A,0xF64A,0xF64A,0xF64A,0xF64A,0xEE4C,0xF6CE,0xF776,0xEF36,
0xF755,0xEF36,0xF755,0xEF36,0xEF57,0xE757,0xAE99,0xB6FB,0xF776,0xEF56,0xFF53,0xEED2,
0xEED5,0xFFFA,0xC7FF,0x7E19,0x263A,0x265B,0x365A,0x2E3B,0x365A,0x2E3B,0x2E3A,0x263B,
0x2E3A,0x2E3B,0x2E5A,0x2E3B,0x45B8,0x66DD,0xF7DE,0xF7BE,0xF7FF,0xF7FF,0xFD51,0xDC6E,
0xCCD0,0xFEFA,0xFFFE,0xD638,0xEC4D,0xE44E,0xFE97,0xE594,0xD44E,0xF593,0xFFDE,0xF7BF,
0xEDF5,0xD533,0xEF5C,0xFFBE,0xFF9C,0xDE38,0xDD73,0xF657,0xF7BE,0xEF9E,0xFFFE,0xF7FF,
0xF7FF,0xF7DF,0xFF9D,0xEF5C,0xF71A,0xF71B,0xEF9D,0xF7DF,0xF7DE,0xF7DF,0xFFFE,0xF7FF,
0xFFFF,0xF7FF,0xF7FE,0xEFDF,0xFFDE,0xF7BE,0xFFDE,0xF7DF,0xFFFE,0xF79D,0xED51,0xDCB0,
0xEEDA,0xFF9E,0xF7BE,0xEF9E,0xEE57,0xDE17,0xFF9C,0xE6BA,0xDC6E,0xE4D0,0xEF7C,0xF7BE,
0xFF9D,0xDE58,0xDCF0,0xE512,0xF77D,0xF77E,0xF7DE,0xFFFF,0xF7FF,0xE7BE,0x86BC,0x767B,
0x867A,0x96FD,0xF7DE,0xFFFF,0xE73D,0xEF3C,0xC75A,0xBED8,0xDF31,0xE730,0xE70F,0xE72F,
0xDF31,0xDF30,0xB6B9,0xCF7B,0xD79B,0xC6F7,0xDF30,0xE730,0xE730,0xE730,0xE730,0xE730,
0xE730,0xE74F,0xE72F,0xE74F,0xD753,0xD711,0xDF32,0xE751,0xE731,0xE751,0xAEF7,0xB717,
0xD711,0xDF31,0xC736,0xBEF4,0xC6DB,0xE79D,0xEF5D,0xEF3C,0xBF1B,0xBF1A,0xBEFB,0xCF3C,
0xE73D,0xEF5C,0xE73D,0xE75C,0xE73D,0xEF5C,0xE73D,0xF7BE,0x948B,0xDEB3,0xF76F,0xFF4E,
0xF74F,0xFF4F,0xF74F,0xFF4F,0xF72F,0xFF6F,0xFF90,0xFF6F,0xF74F,0xF74F,0xF74F,0xF76F,
0xF76F,0xFF6F,0xF76F,0xFF6F,0xF74F,0xFF6F,0xF750,0xFFB1,0x7324,0xB4EB,0xFE8B,0xFE49,
0xF64B,0xFE4A,0xF64A,0xFE4A,0xF64B,0xFE6B,0xF714,0xF754,0xEF36,0xF735,0xEF36,0xF755,
0xEF36,0xF755,0xE736,0xEF56,0xEF36,0xF756,0xFF31,0xEE8E,0xEE2C,0xFECE,0xFFDE,0xFFFE,
0x873E,0x5DD8,0x261A,0x2E5A,0x363B,0x365A,0x363B,0x365A,0x2E5B,0x365A,0x2DFA,0x3619,
0xA67A,0xDFFF,0xF79E,0xFFBD,0xF79E,0xFFDE,0xF531,0xE46E,0xCC8F,0xFE35,0xFFDE,0xDE57,
0xE42D,0xEC4D,0xF678,0xFEB8,0xC4D1,0xFE98,0xF7BF,0xF7BE,0xF7BF,0xF7BE,0xF7BE,0xFFDE,
0xF7DE,0xF7DE,0xEFBE,0xF7DE,0xEF9E,0xFFDE,0xFFFF,0xFFFE,0xFFFF,0xFFDE,0xC79E,0xB6FB,
0xB6FC,0xCFBF,0xFFFF,0xFFFE,0xFFFF,0xFFFE,0xFFFF,0xFFFE,0xFFFF,0xFFFE,0xF7DE,0xF7BD,
0xC75D,0xB6DB,0xBF1D,0xCF5D,0xDF5D,0xEFBE,0xF7BE,0xF7BD,0xF7BF,0xF7BE,0xF79E,0xF7BE,
0xF7DF,0xF7DF,0xF79E,0xF7BE,0xE73C,0xF77C,0xF7BE,0xF79D,0xEF9E,0xF7DE,0xEF9E,0xF7BE,
0xEF7E,0xF79D,0xFFDE,0xFFFE,0xEFFF,0xD73C,0x6E7B,0x769B,0x8E39,0xAF5D,0xFFDE,0xFFFE,
0xE73C,0xE73D,0xD77B,0xB6B9,0xDF51,0xDF31,0xE72F,0xE730,0xDF50,0xDF31,0xB6B9,0xCF9D,
0xD79A,0xBED8,0xE750,0xDF30,0xE730,0xDF30,0xE730,0xE730,0xE750,0xE730,0xE74F,0xE72F,
0xD754,0xCF15,0xCF35,0xCF36,0xCF55,0xC735,0xC73B,0xCF9D,0xBF5B,0xB71B,0xBF1A,0xB71B,
0xE77D,0xE79E,0xEF9D,0xEF7E,0xEF5D,0xEF5D,0xEF7D,0xEF5D,0xEF5D,0xE75D,0xE75C,0xE75D,
0xE75C,0xE75D,0xE75D,0xF7BF,0x9C8A,0xDED4,0xF76F,0xF74F,0xF74F,0xFF70,0xFF90,0xF72F,
0xFF4F,0xF730,0xFF90,0xEF2F,0xF76F,0xF74F,0xF76F,0xF770,0xF76F,0xF76F,0xF78F,0xF770,
0xF76F,0xF76F,0xFF6F,0xFF70,0xE713,0x5AA2,0xDDA9,0xF66D,0xF64A,0xF64A,0xF66A,0xF64B,
0xF66A,0xF64A,0xEEAF,0xFF32,0xEF36,0xEF36,0xF755,0xEF36,0xF735,0xEF36,0xF755,0xEF36,
0xEF55,0xEF56,0xFEEF,0xE64D,0xFE69,0xF64A,0xEEB3,0xFFB7,0xFFFF,0xE7BF,0x7F1D,0x5E19,
0x2E5A,0x263B,0x2E5A,0x2E3B,0x363A,0x3E7C,0x967A,0xBFBF,0xFFDE,0xF7BF,0xF7DE,0xF7DF,
0xF7BE,0xF7DF,0xFDF4,0xCC4E,0xCC4E,0xFE15,0xFFFE,0xE71C,0xE46D,0xDC4E,0xEF1A,0xFFBE,
0xEF9D,0xEFBE,0xF7BE,0xF7DF,0xF7DE,0xF7BE,0xF7DE,0xF7FF,0xFFFF,0xF7FF,0xFFFE,0xF7DF,
0xFFFE,0xFFFF,0xFFFF,0xFFFF,0xFFFF,0xFFFF,0xD7FF,0x9E9B,0x767B,0x76BD,0xE79D,0xF7FF,
0xFFFE,0xFFFF,0xFFFF,0xF7FF,0xFFFE,0xFFFF,0xDFFF,0xBEDB,0x6E9B,0x6E7C,0x6E9B,0x6E9C,
0x769B,0x76BC,0x96BB,0x9F1D,0xDF7D,0xEFDF,0xFFDE,0xF7BE,0xF7BE,0xEFBE,0xF7BE,0xEF9E,
0xF7BE,0xEF9E,0xF7BD,0xEF9E,0xF7BE,0xEF9E,0xF79E,0xEF7E,0xEF9D,0xF7DF,0xFFFE,0xFFFF,
0xD7FF,0xA67A,0x6E9C,0x6E9C,0x9E59,0xC7BF,0xFFFE,0xFFFF,0xE73C,0xE73C,0xD77D,0xC6D9,
0xD712,0xDF52,0xE710,0xE72F,0xE730,0xE730,0xBED8,0xCF7A,0xD77A,0xC6F7,0xE730,0xE750,
0xDF32,0xDF10,0xDF11,0xE751,0xE730,0xE74F,0xD733,0xD753,0xCF19,0xE7BB,0xE79E,0xD6FB,
0xCDD7,0xCDB6,0xEE18,0xEE38,0xE659,0xF699,0xECF4,0xED14,0xECF4,0xF514,0xDD76,0xFE58,
0xEF5D,0xEF5C,0xE73C,0xEF5C,0xE73C,0xEF5C,0xE73C,0xEF5C,0xE73C,0xEF7D,0xEF7E,0xDEFB,
0x7366,0xE6D3,0xFF6F,0xFF6E,0xFF92,0xCE0B,0xAD09,0xFF71,0xF72F,0xFF90,0xB58E,0x7364,
0xFF91,0xFF70,0xF74F,0xFF6F,0xF76F,0xF76F,0xF76F,0xF76F,0xF76F,0xF76F,0xF74F,0xFF4E,
0xFF93,0xD64D,0x6260,0xDE2E,0xFE6A,0xFE49,0xF64A,0xFE4A,0xF64A,0xFE6A,0xEE4C,0xFECD,
0xEF36,0xF735,0xEF35,0xF735,0xEF36,0xF755,0xEF36,0xF756,0xF735,0xF734,0xF66C,0xF64B,
0xF64A,0xFE6A,0xF64B,0xFE6A,0xEF18,0xFFDA,0xFFFF,0xF7DF,0xC77E,0xB71B,0xA6FC,0xAF3C,
0xDF7D,0xCF1B,0xEF7D,0xFFFE,0xFFFF,0xFFFE,0xFFFF,0xFFFE,0xF7DF,0xF7BE,0xFF7C,0xDE37,
0xDDF6,0xFF5B,0xF7BE,0xFFDE,0xE637,0xE616,0xF7BE,0xFFDE,0xF7DE,0xF7BD,0xF7DF,0xFFFE,
0xFFFF,0xFFFE,0xFFFF,0xFFFE,0xFFFF,0xFFFE,0xFFFF,0xFFFF,0xFFFF,0xF79D,0xC638,0xA4F2,
0x8410,0x840F,0x7C51,0xC658,0x86DD,0x7E7B,0x9E5A,0xD7FF,0xFFFF,0xFFFE,0xFFFF,0xFFFE,
0xFFFF,0xFFFE,0xAF7E,0x8E39,0x769C,0x76BB,0x767B,0x769B,0x769C,0x769B,0x6E9C,0x769B,
0x7E5B,0x96FC,0xDF3D,0xF7DE,0xFFFE,0xFFFE,0xFFFF,0xFFFE,0xF7BE,0xF7DE,0xF7DF,0xFFFE,
0xF7BE,0xF7BD,0xF7BE,0xF7DE,0xFFFE,0xFFFE,0xFFFF,0xFFDE,0xA73E,0x8659,0x769C,0x769B,
0xB69A,0xE7FF,0xFFFF,0xFFFE,0xE75C,0xE73D,0xDF9D,0xC6FB,0xD732,0xD753,0xE72F,0xE730,
0xE74F,0xDF30,0xC717,0xC759,0xD79A,0xBEF8,0xE750,0xE730,0xD773,0xCF12,0xD712,0xD753,
0xE751,0xDF31,0xDF3B,0xD6FB,0xF597,0xE515,0xF534,0xECF3,0xED4F,0xF5B1,0xF4F1,0xE46F,
0xEC90,0xF4D2,0xEE30,0xEE31,0xEE50,0xEE50,0xFDF2,0xDCEF,0xE6BA,0xF71D,0xE75C,0xE73D,
0xE75C,0xE75D,0xE75D,0xE73D,0xEF7D,0xCE7A,0x634A,0x73CD,0x6B46,0x94AC,0xFFD0,0xFF90,
0xC5D1,0x41E2,0x9C88,0xFF74,0xF74F,0xFFB1,0x840A,0x6327,0x7BC6,0xD691,0xFF8F,0xF76F,
0xF78F,0xF770,0xF78F,0xF76F,0xF76F,0xF770,0xF76F,0xF74F,0xFF4F,0xFF91,0xC5AE,0x5AA3,
0xEE2A,0xF66C,0xF66A,0xF64A,0xF66B,0xF66C,0xEEAE,0xF6CF,0xF755,0xEF36,0xF756,0xEF36,
0xF755,0xEF35,0xF6CF,0xEE8F,0xF68C,0xEE6C,0xF66A,0xF66B,0xF66A,0xF64B,0xF66A,0xF64A,
0xF64A,0xF66C,0xF6F3,0xF714,0xFFBD,0xFFFF,0xFFFF,0xFFFF,0xEF7C,0x7BEF,0xF7BD,0xFFFF,
0xFFFF,0xF7FF,0xFFFF,0xF7FF,0xFFFF,0xF7DF,0xF7DE,0xF7DF,0xF7DE,0xF7DF,0xFFDE,0xF7BF,
0xFFFF,0xF7DF,0xFFFE,0xF7FF,0xFFFF,0xF7FF,0xFFFF,0xF7FF,0xFFFF,0xFFFF,0xFFFF,0xFFFF,
0xFFFF,0xFFFF,0xFFFF,0xDF1B,0x7C0F,0x4AAA,0x43D0,0x5C73,0x6556,0x6578,0x6D15,0x7DB8,
0xC7DF,0x9EBC,0x7E7B,0x7EBD,0xE77D,0xF7FF,0xFFFE,0xFFFF,0xFFFF,0xFFFF,0x9F3D,0x7E5A,
0x769B,0x76BC,0xBF1C,0xBF5E,0xCF9E,0xBF3D,0x8EFC,0x7E7B,0x6E9C,0x6E9C,0x867B,0x8EDD,
0xD73C,0xE7BF,0xFFFE,0xFFFF,0xFFFF,0xFFFF,0xFFFF,0xFFFF,0xFFFF,0xFFFF,0xFFFF,0xFFFF,
0xFFFE,0xFFDE,0xDFDF,0xBEDC,0x769B,0x769C,0x7E9B,0x7E9C,0xDF5C,0xF7FF,0xFFFE,0xFFFF,
0xE73C,0xE73C,0xDF5D,0xD71B,0xC6F3,0xD754,0xE70F,0xE72F,0xE730,0xE74F,0xC6F7,0xD758,
0xD7DD,0xBF19,0xDF31,0xDF50,0xCF35,0xCF34,0xAF18,0xB758,0xC737,0xC716,0xED13,0xE4D1,
0xEDAF,0xFE31,0xED90,0xED8F,0xEF70,0xEF6F,0xFE33,0xDCEE,0xE48F,0xFD51,0xEF70,0xEF50,
0xE750,0xEF6F,0xFEF4,0xDD8D,0xE65A,0xFF1C,0xE73D,0xE73C,0xE73C,0xE73C,0xE73C,0xE73C,
0xF79D,0x6B4B,0xC5CE,0xFF94,0xB56D,0x9CA9,0xFFB2,0xF750,0x7308,0x7328,0xF750,0xFF50,
0xF74F,0xFF8F,0xBDB0,0x7BA7,0x6B25,0xCE10,0xFF90,0xF76E,0xF74F,0xF76F,0xF74F,0xF76F,
0xF750,0xF76F,0xF750,0xFF4F,0xF74F,0xFF2E,0xFF73,0xC5AB,0x6A81,0xDDEE,0xF66C,0xFEAD,
0xF735,0xF735,0xEF36,0xF755,0xEF35,0xF735,0xEF36,0xF735,0xF735,0xF734,0xF64B,0xF64A,
0xF64A,0xFE49,0xF64A,0xFE6A,0xF64A,0xFE6A,0xF64A,0xFE6A,0xF64A,0xFE69,0xE62C,0xFEAE,
0xF7DE,0xFFFE,0xFFFF,0xF7BD,0x634C,0xD6B9,0xFFFF,0xFFFE,0xFFFF,0xFFFE,0xFFFF,0xFFFE,
0xFFFF,0xFFFE,0xFFFF,0xFFFE,0xFFDF,0xFFFE,0xFFFF,0xFFFE,0xFFDF,0xFFFE,0xFFFF,0xFFFE,
0xFFFF,0xFFFE,0xFFFF,0xFFFE,0xFFFF,0xFFFE,0xFFFF,0xFFFE,0xFFFF,0xFFFF,0x8CD2,0x4A89,
0x5D16,0x96BC,0x8F3F,0x8F3F,0x86FF,0x8F1F,0x86FF,0x86FF,0xA6BD,0xC7BF,0xA73E,0x8E5A,
0x863B,0xAF5E,0xF7BE,0xFFFF,0xFFFF,0xFFFE,0xA77E,0x8659,0x865A,0xA77E,0xFFFF,0xFFFF,
0xB5D6,0xD6B9,0xE7BE,0xDF5C,0x9F1D,0x8E9A,0x6E7C,0x6E9B,0x7E5B,0x8EBC,0xBEDC,0xCF7D,
0xEF7D,0xF7BE,0xF7BE,0xFFDE,0xF7DE,0xFFDE,0xF7BE,0xF7BD,0xD79E,0xC71B,0x86BC,0x7E7A,
0x6E9C,0x769B,0x8619,0xAF3D,0xF7DE,0xFFFE,0xFFFF,0xFFFE,0xE75C,0xE73D,0xDF7D,0xD73D,
0xC714,0xCF56,0xE74F,0xE730,0xE750,0xE750,0xCF18,0xD79B,0xEFBE,0xDF3C,0xC719,0xBEF9,
0xD73A,0xDF7C,0xDE58,0xC5D6,0xDDD6,0xDDD7,0xE4AE,0xED11,0xEF70,0xE750,0xF6B0,0xDE2F,
0xEF50,0xE730,0xFEF2,0xDDEF,0xDC8E,0xFD72,0xEF70,0xE750,0xEF6F,0xE750,0xFF13,0xD5AE,
0xE69A,0xF71D,0xE75C,0xE73D,0xE75C,0xE73D,0xE75C,0xE73D,0xF7BD,0x6B6D,0xA50B,0xF776,
0x7BA6,0xB5AE,0xFFB2,0xDE6E,0x62A5,0xA4CE,0xFFD1,0xF750,0xFF6F,0xF74F,0xFFB1,0xDEAE,
0xDE8D,0xF771,0xF76F,0xF74F,0xF76F,0xF770,0xF76F,0xF770,0xF76F,0xF750,0xFF6F,0xFF90,
0xFFB0,0xFF70,0xFF8F,0xFFD1,0xCE0F,0x62A3,0xC56C,0xFF96,0xF775,0xEF35,0xF735,0xEF35,
0xF735,0xEF36,0xF735,0xEF36,0xEF56,0xEF56,0xFF10,0xE66E,0xF66A,0xF64A,0xF66A,0xF64B,
0xF66A,0xF64B,0xFE6A,0xF64B,0xFE6A,0xF64A,0xE6D4,0xFFF9,0xFFFF,0xFFFF,0xF7BD,0x5B2C,
0xBDF7,0xFFFF,0xFFFF,0xFFFF,0xFFFF,0xFFFF,0xFFFF,0xFFFF,0xFFFF,0xFFFF,0xFFFF,0xFFFF,
0xFFFF,0xFFFF,0xFFFF,0xFFFF,0xFFFF,0xFFFF,0xFFFF,0xFFFF,0xFFFF,0xFFFF,0xFFFF,0xFFFF,
0xFFFF,0xFFFF,0xFFFF,0xFFFF,0xFFFE,0x6B6D,0x3BD0,0x96BD,0x8F3F,0x7EDF,0x86DF,0x7EDF,
0x86DF,0x7EDF,0x86DF,0x7EDF,0x86DE,0x86DF,0xC75E,0xC77F,0x96FD,0x7E5B,0x9EBB,0xB79F,
0xF7BD,0xFFFF,0xBFFF,0x865A,0x865A,0xA77F,0xFFFF,0xA575,0x62C4,0xDEB4,0xF756,0xF777,
0xEFBD,0xE77D,0xAF5D,0x8E9B,0x6E9C,0x6E9C,0x769B,0x769C,0x869B,0x86BD,0x9EDC,0x9EFD,
0xA71C,0x9EFD,0x9EFC,0x8EBC,0x7EBC,0x767C,0x769B,0x6E9C,0x769B,0x6E7B,0xBEBA,0xDFFF,
0xFFFE,0xFFFF,0xFFFF,0xFFFF,0xE73C,0xE73C,0xE73D,0xE75D,0xC6F6,0xCF36,0xE72F,0xEF4F,
0xD735,0xD6F3,0xE555,0xDD13,0xEC92,0xF4B2,0xECB3,0xF4D2,0xF514,0xECD2,0xEC50,0xF490,
0xF491,0xF490,0xE48F,0xF531,0xE730,0xEF2F,0xE710,0xE70F,0xE730,0xE72F,0xEF10,0xEF10,
0xDCEE,0xFDD1,0xE750,0xEF4F,0xEDF0,0xEDCF,0xF5B3,0xED50,0xEEFC,0xF73C,0xE73D,0xEF5C,
0xE73C,0xEF3C,0xE73C,0xEF3C,0xEF5D,0xEF3C,0x632B,0x5287,0x8C06,0xF773,0xFF72,0xD62C,
0x6AC6,0xA4AD,0xFFB1,0xF74F,0xF74F,0xFF4F,0xF74F,0xFF6F,0xF770,0xF74F,0xF74F,0xF74F,
0xF74F,0xF76F,0xF74F,0xFF6F,0xFF90,0xFFAF,0xE6EF,0xC5CA,0x94AB,0x948A,0x9469,0xAD0B,
0xFF51,0xEEEF,0x6307,0x9CAD,0xFF76,0xFF76,0xEF15,0xF735,0xEF35,0xF735,0xEF35,0xF735,
0xEF36,0xF735,0xF755,0xF733,0xF64B,0xF64A,0xF64A,0xFE4A,0xF64A,0xFE6A,0xF64A,0xFE6A,
0xF64A,0xF649,0xE6F7,0xFFFB,0xFFFF,0xDF1B,0x5ACB,0xBDF6,0xFFFF,0xFFFE,0xFFFF,0xFFFE,
0xFFFF,0xFFFE,0xFFFF,0xFFFE,0xFFFF,0xFFFE,0xFFFF,0xFFFE,0xFFFF,0xFFFE,0xFFFF,0xFFFE,
0xFFFF,0xFFFE,0xFFFF,0xFFFE,0xFFFF,0xFFFE,0xFFFF,0xFFFE,0xFFFF,0xFFFE,0xFFFF,0xFFFF,
0x538F,0x6410,0x8F3F,0x86DE,0x86BF,0x86DE,0x86BF,0x86DE,0x86BF,0x86DE,0x86DF,0x86DE,
0x86DF,0x86DE,0x86BE,0x971F,0xC75E,0xCF5D,0x96FD,0x869B,0x869C,0x96FD,0x86DD,0x7E9B,
0x7E3A,0xAF7F,0xCE77,0x5AC8,0xF712,0xFF52,0xF711,0xF730,0xEF36,0xF776,0xEF9D,0xEF9D,
0xBF7E,0xAEDB,0x7EBC,0x767B,0x6E7C,0x769B,0x769C,0x769B,0x769C,0x769B,0x767C,0x769B,
0x769C,0x769B,0x6E9B,0x769B,0x9E7A,0xBF5D,0xF7BE,0xFFFE,0xFFFF,0xFFFE,0xFFFF,0xFFFE,
0xE75C,0xE73D,0xEF5D,0xE75D,0xCF7B,0xB6F9,0xC737,0xB6D6,0xD693,0xD673,0xEE50,0xEE50,
0xEE6F,0xE670,0xEE90,0xEE91,0xE5AE,0xEE10,0xE6CF,0xEEF0,0xEF10,0xEEF1,0xE50F,0xED51,
0xEF50,0xE710,0xE72F,0xE730,0xE72F,0xE730,0xE72F,0xE730,0xEE0F,0xE5F0,0xEF50,0xE730,
0xF610,0xE5B0,0xED32,0xED54,0xF79E,0xE75D,0xEF5C,0xE75D,0xEF5C,0xE73D,0xEF5C,0xE73D,
0xEF5D,0xEF7F,0x94AA,0xD6B3,0xFF8F,0xF74F,0xFF92,0xCE0D,0x83AB,0x83AB,0xF770,0xF770,
0xF76F,0xF750,0xFF6F,0xF750,0xF76F,0xF750,0xF76F,0xF750,0xF76F,0xF76F,0xFFD0,0xF76F,
0xBDCE,0x8428,0x6C0E,0x84F2,0x8E58,0x9EDB,0x9E99,0x7535,0x6B65,0xCE72,0xFFB4,0x9447,
0x6B28,0xC614,0xFFB7,0xF756,0xF735,0xEF36,0xF755,0xEF36,0xF755,0xEF36,0xF756,0xEF56,
0xFF30,0xE66E,0xFE6A,0xF64A,0xF66A,0xF64B,0xF66A,0xF64B,0xFE6A,0xF62A,0xEEF5,0xFFFB,
0xAD75,0x52CB,0xCEB9,0xFFFF,0xFFFE,0xF7FF,0xFFFF,0xF7FF,0xFFFF,0xF7FF,0xFFFF,0xF7FF,
0xFFFF,0xF7FF,0xFFFF,0xF7FF,0xFFFF,0xF7FF,0xFFFF,0xF7FF,0xFFFF,0xF7FF,0xFFFF,0xF7FF,
0xFFFF,0xF7FF,0xFFFF,0xF7FF,0xFFFE,0xF7FF,0xFFFF,0x8C91,0x3BD1,0x9F1E,0x7EFF,0x7EDF,
0x86DF,0x7EDF,0x86DF,0x7EDF,0x86DF,0x7EDF,0x86DF,0x7EDF,0x86DF,0x86DF,0x86FF,0x7EDF,
0x8EBE,0x971F,0xC75D,0xC75E,0xAF3D,0x9EDD,0x86DC,0x86BC,0x9E9B,0xBFBF,0x9CAC,0xD674,
0xFF52,0xF711,0xF734,0xF735,0xF752,0xEF32,0xEF35,0xF756,0xEF9D,0xEFBE,0xDFBE,0xCF3D,
0x9F3D,0x8E9B,0x76BC,0x6E9C,0x6E9B,0x6E7C,0x6E9B,0x6E9C,0x869B,0x86DC,0xB6FB,0xBF5D,
0xEF9D,0xF7DF,0xFFFE,0xF7FF,0xFFFF,0xF7FF,0xFFFF,0xFFFF,0xE73D,0xE75C,0xE73D,0xEF5C,
0xE75D,0xE77D,0xEE56,0xD572,0xF750,0xF74F,0xE750,0xEF50,0xEF50,0xEF50,0xEF30,0xEF50,
0xDE8E,0xF710,0xE750,0xEF4F,0xEF10,0xF750,0xE54F,0xED6F,0xEF30,0xEF2F,0xE730,0xE72F,
0xE710,0xE72F,0xE72F,0xE72F,0xEEF0,0xE6AE,0xEF30,0xEF2F,0xE74F,0xEF6F,0xFE73,0xDD2E,
0xDDB7,0xFEDB,0xE75D,0xEF3C,0xE73C,0xEF3C,0xE73D,0xEF3C,0xF79E,0x9470,0xC5CB,0xFF92,
0xF74F,0xFF4E,0xF771,0xDE6D,0x93CD,0x9C0D,0xD64D,0xFF71,0xF74F,0xFF6F,0xF74F,0xF74F,
0xF74F,0xF74F,0xF74F,0xFF4F,0xFFB0,0xFF8F,0xAD4E,0x7BA7,0x7431,0x9D75,0x9E18,0x95F6,
0x85D6,0x9617,0x9F1B,0xB7DD,0xB6B9,0x4B6B,0xD62C,0xFFF2,0xCE51,0x7344,0x738A,0xCE34,
0xFF96,0xFF96,0xF735,0xF735,0xEF35,0xF755,0xEF36,0xF755,0xFEEF,0xEE4C,0xF64A,0xFE6A,
0xF64A,0xFE6A,0xF64A,0xFE6A,0xFE8A,0xFEAA,0xBD70,0x7326,0x73AF,0xEF9D,0xFFFF,0xFFFE,
0xFFFF,0xFFFE,0xFFFF,0xFFFE,0xFFFF,0xFFFE,0xFFFF,0xFFFE,0xFFFF,0xFFFE,0xFFFF,0xFFFE,
0xFFFF,0xFFFE,0xFFFF,0xFFFE,0xFFFF,0xFFFE,0xFFFF,0xFFFE,0xFFFF,0xFFFE,0xFFFF,0xFFFE,
0xFFFF,0xFFFF,0xCEDB,0x4289,0x8EFF,0x8EDE,0x7EBF,0x86DE,0x7EDF,0x86DE,0x86DF,0x86DE,
0x86BF,0x86DE,0x86DF,0x86DE,0x86DF,0x86DE,0x86BF,0x8EDE,0x86DF,0x86DE,0x86BE,0x8F1F,
0x9DB7,0x84B2,0xF7DF,0xF7BD,0xFFFF,0x8C70,0xAD0B,0xFF74,0xEEF3,0xFF53,0xF77D,0xF79D,
0xF754,0xF713,0xF711,0xF731,0xEF34,0xF754,0xEF7C,0xF7BC,0xEFBE,0xEFBD,0xD77E,0xCF5C,
0xBF3D,0xC75D,0xC73D,0xCF7D,0xE77E,0xEF9D,0xEF7D,0xF7BD,0xF7DE,0xFFFE,0xFFFF,0xFFFE,
0xFFFF,0xFFFE,0xFFFF,0xF7BD,0xE75C,0xE73D,0xE75C,0xE75D,0xEF5D,0xEF7E,0xF5F4,0xDD53,
0xEF50,0xE730,0xEF4F,0xE730,0xE72F,0xE730,0xEF50,0xEF51,0xDE8E,0xEEF0,0xE74F,0xE730,
0xEF30,0xEF31,0xE52F,0xED50,0xEF50,0xE730,0xE72F,0xDF30,0xE72F,0xDF30,0xE72F,0xE730,
0xE72F,0xE710,0xE730,0xE730,0xE70F,0xE6EF,0xFDD2,0xDCCF,0xE471,0xFD55,0xEF5D,0xE73D,
0xE73C,0xE73D,0xEF5D,0xF7BF,0x9CCE,0x94CF,0xFFB0,0xF74F,0xFF4F,0xF74F,0xFF71,0xDE8E,
0x836C,0xBD33,0xAD09,0xFF93,0xF76F,0xF74F,0xF74F,0xF74F,0xF74F,0xF750,0xFF8F,0xFFD0,
0xBE10,0x6325,0x4A8A,0x6B8E,0x8C6B,0x9CEE,0xBDAB,0xBDED,0xC5ED,0xAD4C,0x6C4D,0x7CF1,
0xB79D,0x9F1B,0x6324,0xE714,0xFF8F,0xFF90,0xBDCF,0x6B66,0x7389,0xB592,0xEF55,0xF797,
0xFFB6,0xF776,0xF775,0xF756,0xFECD,0xEE4C,0xFE6A,0xF66A,0xFE8A,0xFEAB,0xFECB,0xF649,
0xB4EA,0x72E3,0x632B,0xC638,0xFFFF,0xFFFF,0xFFFE,0xF7FF,0xFFFF,0xF7FF,0xFFFF,0xF7FF,
0xFFFF,0xF7FF,0xFFFF,0xF7FF,0xFFFF,0xF7FF,0xFFFF,0xF7FF,0xFFFF,0xF7FF,0xFFFF,0xF7FF,
0xFFFF,0xF7FF,0xFFFF,0xF7FF,0xFFFF,0xF7FF,0xFFFF,0xF7FF,0xFFFE,0xFFFF,0x5BF0,0x7D15,
0x8F1F,0x7EBF,0x971F,0x8EDE,0x86DE,0x7EDF,0x86DE,0x7EDF,0x86DF,0x7EDF,0x86DF,0x7EDF,
0x86DF,0x7EDF,0x86DE,0x86DF,0x86DF,0x86DF,0x86FF,0x7EDF,0x9EDD,0x33B1,0x9D13,0xFFFF,
0xEF5B,0x5AEA,0xFF52,0xF712,0xEF15,0xF777,0xF79C,0xEF7D,0xF732,0xEF13,0xF731,0xF732,
0xF731,0xF711,0xF732,0xF733,0xEF79,0xEF7A,0xEF9C,0xEF9D,0xF79C,0xEF9D,0xF79B,0xEF7B,
0xF777,0xD694,0x844F,0xFFFF,0xFFFF,0xF7FF,0xFFFE,0xF7FF,0xFFFF,0xF7FF,0xFF7D,0x838E,
0xE73D,0xEF5C,0xE73D,0xEF5C,0xE73D,0xF77D,0xF5B4,0xE532,0xEF50,0xEF4F,0xE750,0xE74F,
0xE730,0xEF4F,0xEEF1,0xEEAF,0xDD8E,0xFE71,0xE72F,0xE74F,0xFEF2,0xE62E,0xDC8E,0xFD51,
0xE730,0xE72F,0xE710,0xE72F,0xE710,0xE72F,0xE70F,0xE72F,0xE710,0xEF2F,0xE710,0xEF2F,
0xEE90,0xE64E,0xE670,0xEE8F,0xFE52,0xE58F,0xE65A,0xFF1C,0xE73D,0xEF5C,0xF7BE,0x9CB2,
0x9C88,0xFF93,0xF74F,0xFF4E,0xF74F,0xFF4E,0xF771,0xCE0B,0x93AE,0xDDD6,0x9448,0xFF94,
0xF74F,0xFF6E,0xF74F,0xF74F,0xF74E,0xFF8F,0xEF53,0x8C46,0x31A5,0x52A8,0xA50A,0xDED0,
0xFF8F,0xFFAF,0xFF90,0xFF8F,0xFF8F,0xFFAF,0xF772,0xBD6A,0x540F,0xC75B,0x9571,0x744C,
0xFFD0,0xFFAF,0xFFD1,0xFF8F,0xA50E,0x5243,0x3164,0x6B2A,0x946C,0xC5D1,0xD673,0xE6F4,
0xEE6D,0xE62B,0xE60A,0xE5C8,0xC54A,0xAC46,0x6B28,0x6AE6,0x73CF,0xCE78,0xFFFF,0xFFFF,
0xFFFF,0xFFFE,0xFFFF,0xFFFF,0xFFFF,0xFFFF,0xFFFF,0xFFFF,0xFFFF,0xFFFF,0xFFFF,0xFFFF,
0xFFFF,0xFFFF,0xFFFF,0xFFFF,0xFFFF,0xFFFF,0xFFFF,0xFFFF,0xFFFF,0xFFFF,0xFFFF,0xFFFF,
0xFFFF,0xFFFF,0xFFFF,0xFFFE,0xFFFF,0xE71B,0x332E,0xA6DC,0x86BE,0x8EDE,0xDFBF,0xCF3D,
0x7EBE,0x86DE,0x86BF,0x86DE,0x86BF,0x86DE,0x86BF,0x86DE,0x86BF,0x86DE,0x86BF,0x86DE,
0x86BF,0x86DE,0x86BF,0x86DE,0x86DE,0x8EFF,0x42AA,0xD73C,0xA4F0,0x9CAE,0xFF72,0xF710,
0xEF18,0xFF99,0xF79B,0xF73A,0xF712,0xFF31,0xF712,0xFF31,0xF712,0xFF31,0xF711,0xFF31,
0xF711,0xF711,0xF713,0xF732,0xF713,0xF732,0xF711,0xFF31,0xF711,0xFF51,0x632A,0xDEF8,
0xFFFF,0xFFFF,0xFFFF,0xFFFF,0xF7FF,0xFFFF,0xB3CF,0xB36D,0xE75C,0xE73D,0xE75C,0xE73D,
0xE75C,0xE77E,0xFE37,0xD4B2,0xF4F0,0xF4F0,0xDD8D,0xF651,0xE76F,0xDF50,0xFE52,0xD4ED,
0xF510,0xED11,0xDE8E,0xEF11,0xFEF2,0xDE0F,0xE4AE,0xF531,0xE750,0xE730,0xE72F,0xE730,
0xE730,0xE710,0xE72F,0xE730,0xE750,0xE730,0xE730,0xE730,0xE72F,0xE730,0xEF4F,0xE750,
0xFF12,0xDE0F,0xE659,0xF71C,0xEF7D,0xF79F,0x94AD,0x9CEF,0xFFF1,0xF74F,0xFF4F,0xF750,
0xFF6F,0xF74F,0xFFB4,0x83E6,0xC534,0xC535,0xA4C8,0xFF94,0xF76F,0xF74F,0xF76F,0xF74F,
0xFFD1,0xDECE,0x5266,0x39A4,0xA4E9,0xEF53,0xFFD0,0xF78F,0xF76F,0xF750,0xFF6F,0xF750,
0xFF6F,0xF74F,0xFF4F,0xFFB1,0xC652,0x73E9,0xBF5B,0x6CD2,0x8429,0x948B,0x7C2B,0x73EB,
0x7512,0x95F6,0x9658,0x85F7,0x73ED,0x3A47,0x83E9,0x6B68,0x62C6,0x5A86,0x6306,0x7389,
0x39C3,0x840D,0x4227,0xAD75,0xFFFF,0xFFFF,0xFFFE,0xF7FF,0xFFFF,0xF7FF,0xFFFF,0xF7FF,
0xFFFF,0xF7FF,0xFFFF,0xF7FF,0xFFFF,0xFFFF,0xFFFF,0xF7FF,0xFFFF,0xFFFF,0xFFFF,0xF7FF,
0xFFFF,0xF7FF,0xFFFF,0xF7FF,0xFFFF,0xF7FF,0xFFFF,0xF7FF,0xFFFF,0xF7FF,0xFFFE,0xF7FF,
0xFFFF,0xA534,0x5494,0x9EFE,0x8E9D,0x9F1F,0xE7FF,0xC71D,0x7EDE,0x7EDF,0x86DF,0x7EDF,
0x86DF,0x7EDF,0x86FF,0x7EDF,0x86DF,0x7EDF,0x86DF,0x7EDF,0x86DE,0x7EBF,0x86DE,0x7EBF,
0x7EDF,0x871F,0x8DB7,0x3B4E,0x7367,0xDE95,0xFF31,0xF711,0xEF59,0xF79B,0xFF99,0xE718,
0xF731,0xF732,0xF731,0xF712,0xF731,0xF712,0xF731,0xF712,0xF731,0xF712,0xF731,0xF711,
0xF731,0xF711,0xF731,0xF711,0xF731,0xFF73,0xA50F,0x9CCF,0xFFFF,0xFFFF,0xFFFF,0xDF5D,
0xE77C,0xBE58,0xA228,0xE431,0xE73C,0xEF5C,0xE73C,0xEF5C,0xE73D,0xEF5C,0xF73D,0xE6DA,
0xEDF8,0xF639,0xE551,0xF5D2,0xE74F,0xE74E,0xFEB2,0xD54D,0xF551,0xFD91,0xDE2E,0xFF11,
0xF6F1,0xE68F,0xDC6F,0xFD31,0xE750,0xE72F,0xEF10,0xE6CE,0xF6F1,0xEE8F,0xDE4E,0xF711,
0xE730,0xEF4F,0xE730,0xEF4F,0xE750,0xEF4F,0xE74F,0xEF6F,0xFEF3,0xDDCE,0xE67A,0xFF5D,
0xE71C,0x7BCE,0x4A25,0x8C4C,0xBD8A,0xF750,0xFF70,0xFF4E,0xF74F,0xFF8F,0xACCF,0x93EA,
0xFE9A,0x9BAE,0xC5EC,0xFF92,0xF72F,0xFF4F,0xF74F,0xFFB0,0xCDF2,0x3140,0x4A22,0xDE93,
0xFFD0,0xFF8F,0xF74F,0xF74F,0xF74F,0xFF6F,0xF74F,0xFF6F,0xF74F,0xFF6F,0xF74F,0xFF4E,
0xFF92,0xE68D,0x6C4E,0xA615,0x8DF8,0x8DF7,0x9EBA,0xB75C,0xA6FB,0x9EB9,0x9F1B,0xB7BD,
0xBF9D,0x9657,0x9488,0xFFB4,0xF74F,0xF72E,0xF751,0xFFD3,0x7368,0xDEB4,0xDEB6,0x5244,
0xDF1C,0xFFFF,0xFFFF,0xFFFE,0xFFFF,0xFFFF,0xFFFF,0xFFFF,0xFFFF,0xFFFF,0xFFFF,0xFFFF,
0xFFFF,0xFFFF,0xFFFF,0xFFFF,0xFFFF,0xFFFF,0xFFFF,0xFFFF,0xFFFF,0xFFFF,0xFFFF,0xFFFF,
0xFFFF,0xFFFF,0xFFFF,0xFFFF,0xFFFF,0xFFFE,0xFFFF,0xFFFE,0xFFFF,0x7BEE,0x75FB,0x8EDE,
0x9E7C,0xBF9F,0xE7DF,0xCEFC,0x7EBF,0x86DE,0x86BF,0x86DE,0x86DF,0x86DE,0x86DF,0x86DE,
0x86DF,0x86DE,0x86DF,0x86DE,0x86DF,0x86DE,0x86DF,0x86DE,0x7EDF,0x86DE,0x9F1E,0x3BD1,
0x5A83,0xFF76,0xF711,0xFF10,0xEF5B,0xFF9B,0xF777,0xEF15,0xF711,0xFF31,0xF712,0xFF31,
0xF712,0xFF31,0xF732,0xFF31,0xF712,0xFF31,0xF732,0xFF31,0xF711,0xFF31,0xF711,0xFF31,
0xF711,0xFF31,0xD694,0x7BA8,0xFFFF,0xF7BE,0x932D,0x9B4C,0x9ACB,0x9269,0xE36E,0xF3CF,
0xE75C,0xE73D,0xE75C,0xE75D,0xEF5C,0xE75D,0xEF5D,0xEF5E,0xEF7E,0xEF9F,0xEE14,0xE5D3,
0xEF6F,0xE72F,0xFEF2,0xD5CE,0xED30,0xF572,0xDDED,0xF6F2,0xEF30,0xE6F0,0xE54F,0xED71,
0xEF50,0xE730,0xF711,0xD64F,0xFE52,0xEDF1,0xD54D,0xFE93,0xEF90,0xE750,0xF6D1,0xDE50,
0xED90,0xE571,0xED90,0xED90,0xE552,0xE573,0xFF9E,0xCE19,0x6AEB,0xACF4,0xEE39,0xD576,
0x9C4F,0x6B0A,0xD62B,0xFF91,0xF750,0xEEEF,0x8B6C,0xF6BA,0xBD32,0x72EA,0xF770,0xF750,
0xFF4F,0xF74F,0xFFB3,0xBDAC,0x28E0,0x6AE9,0xFF90,0xFF91,0xF76F,0xF750,0xF76F,0xF750,
0xF76F,0xF750,0xF76F,0xF750,0xF76F,0xF770,0xFF6F,0xF750,0xFF6F,0xFF90,0xEF31,0xAD4A,
0x7C8D,0x7C8E,0x848E,0x6C0D,0x73C9,0x6BAA,0x536B,0x6C4F,0xA75C,0xAFBE,0x9530,0x7C8E,
0xFF90,0xF72F,0xF731,0xF772,0x7367,0xE6F7,0xFFB8,0x7BC9,0x52A9,0xFFFF,0xFFFF,0xF7FF,
0xFFFF,0xFFFF,0xFFFF,0xFFFF,0xFFFF,0xFFFF,0xFFFF,0xFFFF,0xFFFF,0xFFFF,0xFFFF,0xFFFF,
0xFFFF,0xFFFF,0xFFFF,0xFFFF,0xFFFF,0xFFFF,0xFFFF,0xFFFF,0xFFFF,0xFFFF,0xFFFF,0xFFFF,
0xFFFF,0xFFFF,0xFFFF,0xF7FF,0xF7FF,0x638E,0x86BE,0x86BF,0xAE9B,0xCFDF,0xE7DF,0xC6FC,
0x86DE,0x7EDF,0x86DF,0x7EDF,0x86FF,0x7EDF,0x86FF,0x7EDF,0x86FF,0x7EDF,0x86FF,0x7EDF,
0x86FF,0x7EDF,0x86FF,0x7EDF,0x86DF,0x7EDF,0x96FE,0x6DDA,0x8C48,0xF796,0xF731,0xF711,
0xF77C,0xF79D,0xFF76,0xEF15,0xF731,0xF731,0xF731,0xF712,0xF731,0xF732,0xF731,0xF732,
0xF731,0xF732,0xF731,0xF731,0xF731,0xF731,0xF731,0xF732,0xFF31,0xF711,0xF735,0x7B88,
0xEFDE,0xF7FF,0xA32C,0xA32D,0xFBF0,0xFBD0,0xFBCF,0xF3AF,0xE73C,0xEF5C,0xE73C,0xEF5C,
0xE73C,0xEF5C,0xEF3C,0xEF5C,0xEF3D,0xF75D,0xEE15,0xE5D3,0xE750,0xE72F,0xF6F2,0xE66F,
0xE4F0,0xFD71,0xDE0E,0xFEF1,0xE730,0xEF4F,0xF711,0xE66E,0xE750,0xEF50,0xF732,0xE66F,
0xECB1,0xF4D0,0xE490,0xF511,0xF551,0xED0F,0xEC70,0xEC6F,0xE4F4,0xFDB6,0xEDB7,0xF618,
0xF6DC,0xFF3C,0x9CD1,0x6309,0x9C8C,0xACED,0x942D,0x942C,0x9C51,0xAC91,0x6AE5,0xDE72,
0xFF90,0xEF0E,0x836C,0x9C0E,0x7366,0xE6B2,0xFF70,0xFF4E,0xF74F,0xFFB0,0xC5B1,0x3120,
0x7325,0xFF75,0xFF70,0xFF6F,0xF750,0xFF6F,0xF74F,0xFF6F,0xF74F,0xFF6F,0xF74F,0xFF6F,
0xF74F,0xFF6F,0xF74F,0xFF6F,0xF74F,0xFF6F,0xF74F,0xFFAF,0xFF90,0xF74E,0xF70E,0xFF6E,
0xFF8F,0xFFAF,0xF773,0xAD09,0x438C,0xBF1A,0xBF9D,0x542E,0xB56A,0xFF92,0xF731,0xFF72,
0x52A8,0x6B6A,0x4A48,0x632A,0xBDD7,0xFFFF,0xFFFF,0xFFFE,0xFFFF,0xFFFE,0xFFFF,0xFFFE,
0xFFFF,0xFFFE,0xFFFF,0xFFFE,0xFFFF,0xFFFE,0xFFFF,0xFFFE,0xFFFF,0xFFFE,0xFFFF,0xFFFE,
0xFFFF,0xFFFE,0xFFFF,0xFFFE,0xFFFF,0xFFFE,0xFFFF,0xFFFE,0xFFFF,0xFFFE,0xFFFF,0xFFFE,
0xE7BE,0x636D,0x86DF,0x86BE,0xB69C,0xDFDF,0xE7BF,0xCEFC,0x7EBF,0x86DE,0x86BF,0x86DE,
0x86DF,0x86DE,0x86DF,0x86DE,0x7EDF,0x86FF,0x86FF,0x86FF,0x86FF,0x86FF,0x86DF,0x86DE,
0x7EDF,0x86DF,0x96FE,0x5D36,0xA4CB,0xFF74,0xF711,0xFF11,0xF736,0xF756,0xF733,0xF732,
0xF712,0xFF31,0xF712,0xFF31,0xF732,0xFF31,0xF731,0xFF31,0xF711,0xFF31,0xF711,0xFF31,
0xF711,0xFF31,0xF711,0xFF31,0xF711,0xFF10,0xF776,0x8BE7,0xD6DB,0xFFFF,0xF7DE,0x8C2F,
0xA249,0xDBEF,0xFBAF,0xFBAE,0xE75C,0xE73D,0xEF5C,0xE73D,0xEF5C,0xE73D,0xEF5C,0xE75D,
0xEF5D,0xEF5E,0xF635,0xDDB3,0xEF4F,0xE72F,0xF711,0xE6B0,0xE4AF,0xED11,0xEF50,0xE730,
0xEF4F,0xE730,0xF731,0xDE6F,0xEE51,0xE610,0xF591,0xE530,0xDCB2,0xFDB6,0xF5D6,0xE575,
0xED54,0xED75,0xEDF6,0xEE18,0xEF1B,0xF77D,0xFFBE,0xF79F,0xC5F6,0x6B4D,0xAD29,0xF793,
0xFFAF,0xFF8F,0xFF8F,0xF76F,0xDEB1,0xA50B,0x5A66,0x62A8,0xFFB1,0xF770,0xDEAE,0xCE0C,
0xFF70,0xFF70,0xFF4F,0xF74F,0xFFB2,0xD66E,0x3982,0x62E8,0xFF91,0xF771,0xF76F,0xF750,
0xF76F,0xF770,0xF76F,0xF770,0xF76F,0xF770,0xF76F,0xF770,0xF76F,0xF770,0xF76F,0xF76F,
0xF76F,0xF76F,0xF76F,0xF76F,0xF76F,0xF770,0xFF6F,0xF76F,0xFF6F,0xF74F,0xFF4F,0xFFD1,
0x9D4F,0x6389,0xB79D,0x9EDB,0x6323,0xE775,0xF751,0xFFB4,0xAD75,0x9D14,0x8450,0xFFFF,
0xFFFF,0xF7FF,0xFFFF,0xFFFF,0xFFFF,0xFFFF,0xFFFF,0xFFFF,0xFFFF,0xFFFF,0xFFFF,0xFFFF,
0xFFFF,0xFFFF,0xFFFF,0xFFFF,0xFFFF,0xFFFF,0xFFFF,0xFFFF,0xFFFF,0xFFFF,0xFFFF,0xFFFF,
0xFFFF,0xFFFF,0xFFFF,0xFFFF,0xFFFF,0xFFFF,0xFFFE,0xFFFF,0xDF7D,0x5B8E,0x8F1F,0x7EBF,
0xBEBC,0xDFDF,0xEFDF,0xD71D,0x7EBE,0x7EDF,0x86DF,0x7EDF,0x86DF,0x7EDF,0x86FF,0x873F,
0x8F3F,0x769D,0x75F9,0x6DD9,0x6DF9,0x763B,0x7EBD,0x871F,0x873F,0x7EDF,0x96FE,0x54F7,
0xBD8C,0xF754,0xF710,0xF711,0xF731,0xF711,0xF731,0xF712,0xF731,0xF732,0xF731,0xF732,
0xFF31,0xF732,0xFF31,0xF732,0xFF31,0xF732,0xF731,0xF732,0xF731,0xF731,0xF731,0xF731,
0xFF31,0xF711,0xFF95,0x8C08,0xCE79,0xFFFF,0xFFFF,0xFFFF,0xA2EC,0xC3F0,0xFBCF,0xFBB0,
0xE73C,0xE75C,0xE73D,0xEF5C,0xE73D,0xEF5C,0xE73C,0xEF5C,0xE73D,0xEF5D,0xF636,0xDD92,
0xEF50,0xEF2F,0xF711,0xEEF0,0xE4B0,0xF4F0,0xEF11,0xF751,0xE770,0xEF6F,0xFE72,0xDD4D,
0xEC51,0xFC91,0xE4F3,0xF554,0xDE79,0xFF5C,0xEF7E,0xEF7D,0xEF5D,0xEF7D,0xEF5D,0xF77D,
0xEF5D,0xF77D,0xB5B6,0x7BAD,0x8C47,0xE6D1,0xFF90,0xFF4E,0xF74F,0xFF4F,0xF74F,0xFF4F,
0xFF6F,0xFFD0,0xDE93,0x3960,0xC5CC,0xFF72,0xFF4F,0xFF6F,0xF74F,0xFF4F,0xF74F,0xFF6F,
0xEEF5,0x4A00,0x5A63,0xEF14,0xFF70,0xFF4F,0xF74F,0xFF4F,0xF74F,0xFF6F,0xF74F,0xFF6F,
0xF74F,0xFF6F,0xF74F,0xFF6F,0xF74F,0xFF6F,0xF76F,0xFF6F,0xF76F,0xFF6F,0xF74F,0xFF6F,
0xF74F,0xFF6F,0xF74F,0xFF6F,0xF74F,0xFF4F,0xFF4F,0xFF4E,0xFF94,0x9C67,0x5C71,0xCFFE,
0x5B46,0xCE92,0xF753,0xFFB4,0xFFFF,0xFFFF,0x73AE,0xEF7C,0xFFFF,0xFFFE,0xFFDF,0xFFFE,
0xFFDE,0xD699,0xBDD7,0xF79D,0xFFFF,0xFFFE,0xFFDF,0xFFFE,0xFFDF,0xFFFE,0xFFDF,0xFFFE,
0xFFDF,0xFFFE,0xFFDF,0xFFFE,0xFFDF,0xFFFE,0xFFDF,0xFFFE,0xFFDF,0xFFFE,0xFFDF,0xFFFE,
0xFFDF,0xFFFE,0xFFFE,0xFFFE,0xDF7E,0x63AE,0x8EFF,0x86DE,0xAE9C,0xD7BF,0xE7BF,0xCEFC,
0x7EBF,0x86DE,0x7EBF,0x86DE,0x7EFF,0x8F3F,0x861A,0x4C52,0x3ACB,0x42EB,0x4B8D,0x53CE,
0x53CE,0x4B8D,0x430C,0x4B4C,0x54B5,0x8E7B,0x9F5F,0x6578,0xC5AE,0xF753,0xF711,0xFF11,
0xF712,0xFF31,0xF712,0xFF31,0xF732,0xFF31,0xF731,0xFF31,0xF712,0xFF31,0xF712,0xFF31,
0xF712,0xFF31,0xF732,0xFF31,0xF731,0xFF31,0xF731,0xFF31,0xF711,0xFF10,0xFF75,0x9428,
0xC659,0xFFFF,0xFFFF,0xD6B9,0xA229,0xF471,0xD34E,0xBA69,0xE75C,0xE73D,0xEF5C,0xE73D,
0xEF5C,0xE73D,0xEF5C,0xE73D,0xEF5D,0xEF5E,0xFE77,0xD553,0xEF70,0xE730,0xF731,0xE6F0,
0xECB0,0xEC90,0xED2F,0xED71,0xED71,0xED71,0xED54,0xF5B6,0xE6BA,0xEEFC,0xEF5C,0xEF7D,
0xF77D,0xD6BB,0xE6FB,0xEF5D,0xEF5C,0xE73D,0xEF5C,0xEF3D,0xF79D,0xC618,0x8C47,0xDED1,
0xFFB0,0xF76F,0xF74F,0xF750,0xF76F,0xF750,0xF74F,0xF750,0xFF4E,0xF74F,0xFFF4,0x9488,
0x7BA5,0xFFB5,0xFF4F,0xF74F,0xFF4F,0xF750,0xF770,0xFFB2,0x62C7,0x3962,0xEF0F,0xFF92,
0xF74F,0xF750,0xF74F,0xF750,0xF76F,0xF750,0xF76F,0xF770,0xFF6F,0xF750,0xF76F,0xF770,
0xFF6F,0xF750,0xF76F,0xF770,0xF76F,0xF76F,0xF76F,0xF76F,0xF76F,0xF750,0xF76F,0xF750,
0xF76F,0xF750,0xF76F,0xF750,0xFF4F,0xFF91,0x848E,0x6BEC,0x6344,0xDF35,0xEF53,0xFFD6,
0xFFFF,0xFFFF,0x842F,0xBE18,0xFFFF,0xF7FF,0xFFFF,0xFFFF,0x7CD2,0x8D75,0x7CD2,0x5BCF,
0xF79D,0xFFFF,0xFFFF,0xF7FF,0xFFFF,0xFFFF,0xFFFF,0xFFFF,0xFFFF,0xFFFF,0xFFFF,0xFFFF,
0xFFFF,0xFFFF,0xFFFF,0xFFFF,0xFFFF,0xFFFF,0xFFFF,0xFFFF,0xFFFF,0xFFFF,0xFFFF,0xFFFF,
0xE7BE,0x63AE,0x8EFF,0x86DF,0x8EBE,0x8EFF,0x96FF,0x8EBE,0x86DF,0x7EDF,0x7EDF,0x871F,
0x8E7A,0x33B0,0x3B2B,0x6CB2,0x7E98,0x8EFA,0x8F3B,0x873B,0x8F3B,0x873B,0x8EFA,0x7638,
0x6491,0x332C,0x5410,0x7D76,0xC5EE,0xEF55,0xF731,0xF711,0xF731,0xF712,0xF731,0xF732,
0xFF31,0xF732,0xFF31,0xF732,0xFF31,0xF732,0xFF31,0xF732,0xFF31,0xF732,0xFF31,0xF732,
0xFF31,0xF731,0xF731,0xF731,0xF731,0xF711,0xF775,0x83E8,0xD6DA,0xFFFF,0xFFFF,0xAD55,
0x9208,0xAACB,0x7B6C,0xB535,0xE73C,0xE75C,0xE73D,0xEF5C,0xE73D,0xEF5C,0xE73C,0xEF5C,
0xE75D,0xEF7D,0xFE99,0xD532,0xEED0,0xF6F0,0xFEB1,0xEE2E,0xE4D2,0xFDB4,0xE618,0xEE38,
0xE69B,0xF6DB,0xE75D,0xEF7D,0xEF5D,0xEF5C,0xEF3C,0xEF3C,0xF77D,0xA513,0xCE39,0xF77D,
0xE73D,0xEF5C,0xEF3D,0xEF5C,0xF7BD,0x9470,0xE6EE,0xFF90,0xF72F,0xFF4F,0xF74F,0xF74F,
0xF74F,0xFF4F,0xF74F,0xFF4F,0xF74F,0xFF4E,0xFF93,0xB549,0x5281,0xFFB5,0xF74F,0xFF4E,
0xF74F,0xFF4E,0xFF94,0xACE9,0x20C0,0xDE73,0xFF90,0xFF4F,0xF750,0xFF4F,0xF74F,0xFF4F,
0xF74F,0xFF4F,0xF74F,0xFF4F,0xF74F,0xFF4F,0xF74F,0xFF6F,0xF74F,0xFF6F,0xF74F,0xFF6F,
0xF76F,0xFF6F,0xF76F,0xF76F,0xF74F,0xFF6F,0xF74F,0xFF6F,0xF74F,0xF76F,0xF74F,0xFF4F,
0xF74F,0xFF4F,0xFF92,0xCDEB,0xD66D,0xFF90,0xEF35,0xFFF8,0xFFFF,0xFFFF,0xAD55,0x8C70,
0xFFFF,0xFFFE,0xFFFF,0xEF7C,0x4C0F,0xCFFE,0xC7DE,0x4BCE,0xCE99,0xFFFF,0xFFDF,0xFFFE,
0xFFDF,0xFFFE,0xFFDF,0xFFFE,0xFFDF,0xFFFE,0xFFDF,0xFFFE,0xFFDF,0xFFFF,0xFFFF,0xFFFF,
0xFFFF,0xFFFF,0xFFFF,0xFFFF,0xFFFF,0xFFFF,0xFFFF,0xFFFE,0xEFFF,0x740F,0x86BE,0x86DE,
0x86BF,0x86DE,0x86BF,0x86DE,0x7EDF,0x86DF,0x971F,0x6577,0x2AAA,0x7D12,0x8F3B,0x8F3A,
0x86DA,0x86D9,0x7ED9,0x86D9,0x7ED9,0x86D9,0x7ED9,0x8719,0x873B,0x871A,0x74D2,0x2A68,
0x8C08,0xFFB5,0xF711,0xFF10,0xF712,0xFF31,0xF712,0xFF31,0xF731,0xFF31,0xF712,0xFF31,
0xF712,0xFF31,0xF712,0xFF31,0xF712,0xFF31,0xF732,0xFF31,0xF731,0xFF31,0xF711,0xFF31,
0xF711,0xFF10,0xF735,0x83C7,0xE77D,0xFFFF,0xFFFF,0xD699,0x6B2C,0xAD33,0xF7DE,0xFFFF,
0xE75C,0xE75D,0xE75C,0xE75D,0xEF5C,0xE73D,0xEF5C,0xE73D,0xE75C,0xE75D,0xFF1B,0xD596,
0xF4B0,0xF4B1,0xECB1,0xEC91,0xE679,0xFF5D,0xEF7D,0xE75E,0xEF5D,0xE75D,0xEF5C,0xE73D,
0xEF5C,0xE73D,0xEF5C,0xEF5D,0xFFBE,0x7BCF,0xDEFB,0xE75D,0xEF5C,0xE73D,0xEF5D,0xEF5E,
0xDED7,0x8C6F,0xFFB0,0xF74F,0xFF4F,0xFF90,0xFF90,0xF74F,0xF74F,0xF750,0xF76F,0xF750,
0xFF6E,0xF74F,0xFFD5,0x7364,0x5AA2,0xF796,0xFF6F,0xF74F,0xFF6F,0xF76F,0xE714,0x3180,
0xBDAB,0xFFB4,0xFF4F,0xF750,0xF74F,0xF750,0xF76F,0xF770,0xFFAF,0xFFB0,0xFFB0,0xFF90,
0xFF8F,0xFF90,0xFFB0,0xFF90,0xFF6F,0xF750,0xFF6F,0xF750,0xF76F,0xF770,0xF78F,0xF770,
0xF78F,0xF770,0xF78F,0xF770,0xF76F,0xF750,0xF76F,0xF750,0xF74F,0xF750,0xF74F,0xFF70,
0xFF6F,0xF74F,0xEF56,0xFFFA,0xFFFF,0xFFFF,0xDF1B,0x634C,0xFFFF,0xFFFF,0xFFFF,0xF7DE,
0x536D,0x8514,0x63CE,0x84D3,0xFFFF,0xFFFF,0xFFFF,0xFFFF,0xFFFF,0xFFFF,0xFFFF,0xFFFF,
0xFFFF,0xFFFF,0xFFFF,0xFFFF,0xFFFF,0xEFBE,0xC658,0xA555,0x9CB1,0x9451,0x9C91,0xA4D3,
0xAD95,0xCE9A,0xF7DE,0xFFFF,0xFFFF,0x84B3,0x7E7D,0x86DF,0x86DF,0x7EDF,0x86DE,0x86BF,
0x86DE,0x8F3F,0x6CD3,0x2AEC,0x8ED9,0x8F1B,0x86F9,0x7EDA,0x86F9,0x7ED9,0x86F9,0x7EDA,
0x86F9,0x7EDA,0x86F9,0x7EDA,0x86F9,0x7EDA,0x8F5B,0x871B,0x5B8A,0x6C0D,0xFF72,0xF712,
0xF711,0xF711,0xF731,0xF712,0xF731,0xF732,0xFF31,0xF732,0xFF31,0xF732,0xFF31,0xF732,
0xFF31,0xF732,0xF731,0xF732,0xFF31,0xF732,0xF731,0xF731,0xF730,0xF731,0xEF15,0x83E9,
0xFFFF,0xFFFF,0xFFFF,0xFFFF,0xFFFF,0xFFFF,0xFFFF,0xF7FF,0xF79E,0xF79D,0xEF5D,0xEF5C,
0xE73C,0xEF5C,0xE73C,0xEF5C,0xEF3D,0xEF5C,0xEF5D,0xEF5C,0xEEFC,0xEEFB,0xEEFC,0xF73C,
0xEF5D,0xEF5C,0xEF3C,0xEF5C,0xEF3D,0xEF5C,0xEF5D,0xF79D,0xF79E,0xF79D,0xE71C,0xD699,
0xAD34,0x7BCE,0xF79E,0xEF5C,0xE73C,0xEF5C,0xE73D,0xFFBE,0x948C,0xCE52,0xFF6F,0xFF6E,
0xF752,0xB569,0xBD8A,0xFF92,0xF74F,0xFF4E,0xF74F,0xFF4F,0xF74F,0xFF8F,0xD653,0x5A83,
0x83E7,0xFF95,0xF74F,0xFF4E,0xF74F,0xFF6F,0xE6CF,0xC5AB,0xFF91,0xFF4F,0xF750,0xFF4F,
0xF74F,0xFFAF,0xF770,0xDE8B,0xB54C,0x9CA9,0x944B,0x9C6B,0x9C8C,0xA4AB,0xAD2B,0xC5ED,
0xE6AD,0xFF6F,0xFF90,0xFF6E,0xF74F,0xFF6F,0xF750,0xFF6F,0xF74F,0xFF6F,0xF74F,0xFF6F,
0xF74F,0xFF6F,0xF750,0xFF6F,0xFF90,0xFFB0,0xFF50,0xFF4E,0xF72F,0xFF4E,0xEF58,0xFFFA,
0xFFFF,0xFFFF,0xFFFF,0x6B4C,0xE73C,0xFFFF,0xFFFF,0xFFFF,0xD699,0xAD54,0xDEFB,0xFFFF,
0xFFFF,0xFFFE,0xFFFF,0xFFFE,0xFFFF,0xFFFE,0xFFFF,0xFFFE,0xFFFF,0xFFFE,0xFFFF,0xE73B,
0xA450,0x72CA,0xA208,0xBAA9,0xD28A,0xDAC9,0xD2AA,0xD2A9,0xB28A,0xAA28,0x7AEB,0xA42F,
0xCEFB,0xB5F6,0x75FB,0x8EDE,0x86BF,0x86DE,0x86BF,0x86BE,0x96FE,0x6577,0x2AEB,0xA6D9,
0x86FA,0x86D9,0x86D9,0x86F9,0x86D9,0x86F9,0x86D9,0x86F9,0x86D9,0x86D9,0x86D9,0x86F9,
0x7ED9,0x86F9,0x7EF9,0x8719,0x9F1B,0x444F,0x7B86,0xFF75,0xF711,0xFF10,0xF711,0xFF11,
0xF711,0xFF31,0xF711,0xFF31,0xF711,0xFF31,0xF711,0xFF31,0xF711,0xFF31,0xF712,0xFF31,
0xF711,0xF731,0xF711,0xFF51,0xFF92,0xEEEF,0x94AE,0x4A44,0x83AF,0x83AE,0x8430,0xAD33,
0xCEBA,0xFFFF,0xFFFF,0xFFFE,0x8C70,0xB5B6,0xDEDB,0xEF5E,0xF7BE,0xF7BF,0xFFBE,0xF7BE,
0xF7BD,0xF79E,0xF79D,0xF79E,0xF7BD,0xF79E,0xF7BE,0xF7BE,0xFFBE,0xF7BE,0xFFDE,0xF79E,
0xEF7D,0xDF1C,0xCE99,0xB5B7,0x9491,0x73AE,0x7BC9,0x9CEE,0x6329,0xAD93,0xF79E,0xE73D,
0xE75C,0xE73D,0xF79E,0xC639,0x9468,0xF794,0xFF4F,0xF72F,0x744E,0x8D32,0x8CEE,0x9D71,
0xFF8F,0xF74F,0xFF4F,0xF74F,0xF76F,0xFF91,0x7B8B,0x8C0D,0xA4E9,0xFF94,0xF76F,0xF74F,
0xF76F,0xF750,0xFF90,0xFF91,0xF76F,0xF74F,0xFF6F,0xFFB0,0xE6EF,0xA4E8,0x7B6A,0x83AC,
0xB492,0xCD56,0xDDB6,0xDDD7,0xE5D7,0xD597,0xCD55,0xB4B3,0x944E,0x8BED,0xB549,0xE711,
0xFFB0,0xF74F,0xFF6F,0xF750,0xF76F,0xF76F,0xF76F,0xF76F,0xF76F,0xF76F,0xFF6F,0xFF90,
0xB5AD,0x9489,0xDE8D,0xF771,0xF74F,0xF72F,0xEF79,0xFFFC,0xFFFF,0xF7FF,0xFFFF,0x8451,
0xAD95,0xFFFF,0xFFFF,0xF7FF,0xFFFF,0xFFFF,0xFFFF,0xF7FF,0xFFFF,0xFFFF,0xFFFF,0xFFFF,
0xFFFF,0xFFFF,0xFFFF,0xFFFF,0xFFFF,0xF7FF,0xB4B2,0x6A69,0xD269,0xEB4D,0xF36C,0xF34C,
0xF34C,0xEB2C,0xEB4C,0xEB4C,0xF36C,0xF34D,0xEB4C,0xD2AA,0x82A9,0x7228,0x54D5,0x973F,
0x86DF,0x7EBF,0x86DF,0x86DF,0x965A,0x1AAC,0x8698,0x8ED9,0x8ED9,0x8EFB,0x86F9,0x86DA,
0x86F9,0x7ED9,0x86F9,0x7ED9,0x86F9,0x7ED9,0x86F9,0x7ED9,0x86F9,0x7ED9,0x86F9,0x7ED9,
0x7EFA,0x8F5C,0x63EB,0x744E,0xFF92,0xF711,0xF731,0xF711,0xF731,0xF712,0xF731,0xF732,
0xF731,0xF731,0xF731,0xF732,0xF731,0xF731,0xF731,0xF732,0xF731,0xF711,0xFFB3,0xD66F,
0x7B69,0x5A46,0x9A49,0xBB0D,0xDB2D,0xDB2E,0xD34D,0xBAAB,0x7AAA,0x82EC,0xBE58,0xFFFF,
0xCE2F,0xAD09,0x840C,0x7BAA,0x738D,0x83EE,0x8C71,0xA534,0xB596,0xBDD6,0xBDD7,0xBDF7,
0xBDD7,0xBDD6,0xAD96,0xAD54,0x94B2,0x840F,0x73AD,0x738C,0x6B6A,0x738A,0x8C29,0xA4EB,
0xC5AB,0xE6AE,0xF770,0xFF90,0x632B,0xEF5A,0xE73D,0xEF5C,0xE73D,0xEF5C,0xEF5C,0x7BAC,
0xEEEF,0xFF70,0xF771,0xD64C,0x74F3,0xD7DE,0x84AF,0x6BEC,0xFF90,0xFF4F,0xF74F,0xFF4E,
0xFFB4,0xA4A7,0xA470,0x8BCD,0xD64D,0xFF71,0xF74F,0xFF4F,0xF74F,0xFF6F,0xF750,0xFF6F,
0xF76F,0xFFB0,0xDEB1,0x9446,0x7B2B,0xB4D1,0xF638,0xFE99,0xEE18,0xDD75,0xC4F4,0xC4F3,
0xC4F4,0xDD95,0xEE18,0xFE99,0xF67A,0xEDF8,0xB4D2,0x8B8C,0xBD8A,0xFFB1,0xF74F,0xFF4E,
0xF74F,0xFF6F,0xF74F,0xFF6F,0xF74F,0xFF6E,0xF793,0xA508,0x6472,0xA658,0x7BE7,0xEF74,
0xF72F,0xFF2E,0xEF9A,0xFFFC,0xFFFF,0xFFFF,0xFFFF,0xCE78,0x6B4D,0xFFFF,0xFFFF,0xFFFE,
0xFFFF,0xFFFE,0xFFFF,0xFFFF,0xFFFF,0xFFFF,0xFFFF,0xFFFF,0xFFFF,0xFFFE,0xFFFF,0xFFFF,
0xFFDE,0x7BAD,0xB207,0xE38D,0xF34C,0xF32B,0xEB2C,0xEB4B,0xEB2C,0xEB2B,0xEB2C,0xEB4B,
0xEB2C,0xEB2B,0xEB2C,0xF34C,0xF36D,0xE2EA,0x5AAB,0x83CF,0x86FF,0x86FF,0x869E,0x971F,
0x43AE,0x6CF3,0x8F1A,0x8ED9,0xDF5D,0xEFBE,0xBFBD,0x9E98,0x7ED9,0x86F9,0x86D9,0x86D9,
0x86D9,0x86D8,0x7ED9,0x86F9,0x7ED9,0x86F8,0x7ED9,0x86F9,0x7EF9,0x8719,0xA6FA,0x338C,
0xBD6C,0xFF73,0xF711,0xFF11,0xF711,0xFF11,0xF711,0xFF31,0xF711,0xFF31,0xF711,0xFF11,
0xF711,0xFF31,0xF711,0xFF31,0xF752,0xFF72,0x940C,0x5A04,0xC2AC,0xF3F0,0xFBF0,0xFBEF,
0xFBB0,0xFBCF,0xFBB0,0xFBF0,0xFBF0,0xEB4D,0x6A69,0x9BCE,0xFF8F,0xFFB0,0xFFB0,0xF74F,
0xE6CE,0xCE2C,0xB58C,0xA50A,0x9CCA,0x94AA,0x9CAA,0x948A,0x9489,0x948A,0x9CC9,0x9CCA,
0xAD2A,0xB58C,0xCE4C,0xDECF,0xF72E,0xF770,0xFFB0,0xFF90,0xFF8F,0xFF4F,0xFFB4,0x9467,
0x9CF3,0xEFBF,0xE75C,0xE75D,0xE75D,0xF7BF,0x8C4B,0xB5B1,0xFFAF,0xF74F,0xF770,0xEF30,
0x6369,0x636A,0x94A8,0xE733,0xFF6F,0xF74F,0xF76E,0xFFB1,0xBD70,0x7B89,0xDE35,0x838C,
0xFFB1,0xEF50,0xF76F,0xF74F,0xF76F,0xF770,0xF76F,0xFF90,0xF772,0x94A8,0x7B0B,0xBD54,
0xF679,0xCD14,0x8BAD,0x72EB,0x7368,0x840B,0xA4CA,0xA50B,0xA50C,0x948A,0x8BED,0x8C0E,
0xCD34,0xEE5A,0xFE7A,0xEE19,0x942C,0xA4CF,0xFFB0,0xF74F,0xF76F,0xF74F,0xF76F,0xF750,
0xFF6F,0xF74F,0xEF95,0x73C6,0xAF7D,0xB7BF,0x8448,0xD714,0xFF4F,0xF72F,0xF7BB,0xFFFD,
0xFFFF,0xF7FF,0xFFFF,0xFFFF,0x5AEB,0xDF1C,0xFFFF,0xF7FF,0xFFFF,0xF7FF,0xFFFF,0xF7FF,
0xFFFF,0xF7FF,0xFFFF,0xF7FF,0xFFFE,0xF7FF,0xFFFF,0xF7FF,0xA32B,0x92CB,0xFB6C,0xEB2C,
0xEB4B,0xE32C,0xEB4C,0xE32C,0xEB4B,0xE32C,0xEB4B,0xE32C,0xEB4B,0xE32C,0xEB4C,0xE32C,
0xEB2B,0xEB4C,0xEB8D,0xC269,0x438F,0x9E3A,0x8EFF,0x763C,0x2B6C,0x96DA,0x8E98,0xA75C,
0xF7BE,0xEF9E,0xAF7C,0x8E99,0x7EF9,0x7EF9,0x86F9,0x7ED9,0x86F9,0x7ED9,0x86F9,0x7ED9,
0x7EF9,0x7ED9,0x86F9,0x7ED9,0x7EF9,0x7ED9,0x8F1A,0x7EB9,0x5AC4,0xE736,0xFF31,0xF711,
0xF731,0xF711,0xF731,0xF712,0xF731,0xF711,0xF731,0xF711,0xF731,0xF711,0xF731,0xF752,
0xEF14,0x6B05,0xA209,0xE411,0xFBF0,0xFBAF,0xFBCF,0xF3B0,0xFBCF,0xF3B0,0xFBCF,0xF3B0,
0xFBAF,0xFBB0,0xF431,0xBA8B,0xF74F,0xFF4F,0xF74F,0xFF4F,0xFF70,0xFF8F,0xFF90,0xFFB0,
0xFFB0,0xFFB0,0xFFB0,0xFFB0,0xFFB0,0xFFAF,0xFFB0,0xFFAF,0xFF90,0xFFAF,0xFF70,0xFF6F,
0xF74F,0xFF4F,0xF74F,0xFF4F,0xF74F,0xFF8F,0xD673,0x6B05,0xEF7E,0xEF5D,0xE73D,0xEF5C,
0xF7BF,0x9CF3,0x9C88,0xFFB4,0xF74F,0xFF4F,0xF74F,0xFF6F,0xEEEE,0xF72E,0xFFB1,0xFF6F,
0xF74F,0xFF6F,0xFF93,0xBD8A,0x830C,0xF699,0x8BA9,0xD5F1,0xFF90,0xF76E,0xF74F,0xFF4F,
0xF74F,0xFF6F,0xFFB1,0xDEAD,0x730A,0xACAF,0xDDD7,0xA3EF,0x62C7,0x83AA,0xBD8B,0xE6EF,
0xFF6F,0xFFB0,0xFF90,0xFFAF,0xFF90,0xFFAF,0xF751,0xDE6C,0x9C4D,0x8BEB,0xD576,0xF659,
0xF67A,0xA40F,0xBDAB,0xFF71,0xF74F,0xFF4E,0xF74F,0xFF6F,0xF74F,0xFF4E,0xF795,0x8C47,
0x7D76,0xAEFB,0x6B86,0xE734,0xF750,0xFF4F,0xF7BD,0xFFFD,0xFFFF,0xFFFE,0xFFFF,0xFFFF,
0x94D2,0x9CF2,0xFFFF,0xFFFE,0xFFFF,0xFFFE,0xFFFF,0xFFFE,0xFFFF,0xFFFE,0xFFFF,0xFFFE,
0xFFFF,0xFFFE,0xFFFF,0x9CD1,0xB208,0xEBAD,0xEB2C,0xEB2B,0xEB2C,0xEB4B,0xEB2C,0xEB2B,
0xEB2C,0xEB4B,0xE32C,0xEB4B,0xEB2C,0xEB2B,0xEB2C,0xEB2B,0xEB2C,0xEB2B,0xF30B,0xFB4C,
0xB34D,0x9A89,0x969C,0x54B4,0x5D33,0x96F9,0x9E58,0xCFDD,0xEF9E,0xEF7D,0x8ED9,0x8ED8,
0x7ED9,0x86F9,0x86D9,0x86D8,0x86D9,0x86D8,0x86D9,0x86D9,0x7ED9,0x86D9,0x7ED9,0x86D9,
0x86D9,0x86D9,0x7EDA,0x8F5B,0x744D,0x84CE,0xFF72,0xFF10,0xF711,0xFF11,0xF6F1,0xF711,
0xF711,0xFF31,0xF711,0xFF31,0xF711,0xFF11,0xF732,0xEF11,0x7A07,0xA32B,0xFC11,0xFC10,
0xFC31,0xF3CF,0xF3AF,0xFBCF,0xF3AF,0xFBCF,0xF3AF,0xFBAF,0xFBAF,0xFBAF,0xF38F,0xFBCF,
0xF76F,0xF74F,0xFF6F,0xF750,0xFF6F,0xF750,0xF76F,0xF750,0xFF6F,0xF750,0xFF6F,0xF750,
0xFF6F,0xF74F,0xFF6F,0xF74F,0xFF6F,0xF74F,0xFF6F,0xF750,0xF76F,0xF74F,0xF74F,0xF750,
0xF76F,0xFF91,0x6309,0xC615,0xF79E,0xE73D,0xE75D,0xF7BF,0xAD72,0x73AC,0xFFB0,0xF770,
0xF76F,0xF750,0xFF6F,0xF74F,0xFF6F,0xF770,0xFF6F,0xF750,0xF76F,0xF790,0xAD0E,0x7B89,
0xEE79,0xC515,0x8C27,0xFF95,0xF76F,0xF74F,0xF74F,0xF750,0xF76F,0xFFD1,0xC5CF,0x7367,
0xB4F3,0x8B8F,0x6305,0x9CCD,0xEF4E,0xFFD1,0xFFB0,0xF770,0xFF6F,0xF750,0xF74F,0xF74F,
0xF74F,0xF74F,0xFF6F,0xFF70,0xFFB1,0xDEAE,0x9C4D,0xB4F1,0xF65A,0xEE1A,0x9C69,0xEF14,
0xFF6E,0xF74F,0xF76F,0xF750,0xF76F,0xF750,0xFF70,0xEF2F,0x9CEC,0x8C6A,0xBDAA,0xF772,
0xF750,0xF751,0xFFFE,0xFFFE,0xFFFF,0xF7FF,0xFFFF,0xFFFF,0xE73B,0x5B0C,0xFFFF,0xF7FF,
0xFFFF,0xF7FF,0xFFFF,0xF7FF,0xFFFF,0xF7FF,0xFFFF,0xF7FF,0xF7FF,0xFFFF,0xEE99,0x6A69,
0xF36C,0xEB2C,0xEB4C,0xE32C,0xEB4C,0xE32C,0xEB4C,0xE32C,0xEB4B,0xE32C,0xEB4B,0xE32C,
0xEB4C,0xE32C,0xEB4C,0xE32C,0xEB4C,0xE32C,0xEB2B,0xE30C,0xEB4C,0xE2EC,0x73AE,0x5AEB,
0x86D9,0x7EDA,0xAE99,0xD7DF,0xE7DE,0xCF1C,0x7ED8,0x7ED9,0x86F9,0x7ED9,0x86F9,0x7ED9,
0x86F9,0x7ED9,0x86F9,0x7ED9,0x86F9,0x7ED9,0x7EF9,0x7ED9,0x7EF9,0x7ED9,0x7F3A,0x873B,
0xA6D8,0x334B,0xF710,0xF732,0xFF51,0xFF72,0xFF52,0xF711,0xF731,0xF711,0xF711,0xF711,
0xF710,0xF711,0xFF55,0x7325,0xCAAB,0xF412,0xD451,0xFE7A,0xFFBE,0xDE79,0xF3CF,0xF3D0,
0xFBCF,0xF3B0,0xFBCF,0xF3B0,0xFBCF,0xF3B0,0xFBAF,0xF3AF,0xF74F,0xFF6F,0xF74F,0xFF6F,
0xF750,0xFF6F,0xF750,0xFF6F,0xF750,0xFF6F,0xF750,0xFF6F,0xF750,0xFF6F,0xF74F,0xFF6F,
0xF74F,0xFF6F,0xF750,0xFF4F,0xF74F,0xFF4F,0xF74F,0xFF6F,0xFFB4,0x9C86,0x8C31,0xFFBE,
0xE73D,0xEF5C,0xF7DF,0xA554,0x7BA5,0xF774,0xFF6F,0xFF6F,0xF750,0xFF6F,0xF74F,0xFF6F,
0xF74F,0xFF6F,0xF74F,0xFF6F,0xF772,0xD64C,0x728A,0xF6B9,0xE657,0x832A,0xE70F,0xFF70,
0xF74F,0xFF4F,0xF74F,0xFF6F,0xFFB3,0xBD89,0x6AEB,0x83CE,0x62E5,0xB56E,0xFF90,0xFFD0,
0xFF70,0xFF6F,0xF750,0xFF6F,0xF750,0xFF6F,0xF750,0xFF4F,0xF74F,0xFF4F,0xF74F,0xFF4F,
0xF74E,0xFF8F,0xFFD3,0xC5CA,0xB492,0xDDD6,0xAC8D,0xC570,0xF72E,0xFF8F,0xFF90,0xFF6E,
0xF74F,0xFF4F,0xF74F,0xFF6F,0xFF90,0xFF8F,0xFF70,0xFF4E,0xEF31,0xFF71,0xFFFF,0xFFFE,
0xFFFF,0xFFFE,0xFFFF,0xFFFE,0xFFFF,0x6B4C,0xCE79,0xFFFF,0xFFFF,0xFFFE,0xFFFF,0xFFFE,
0xFFFF,0xFFFE,0xFFFF,0xFFFE,0xF7FF,0xFFFF,0xAB4C,0xAB2C,0xF32C,0xEB0A,0xE2EB,0xEB2B,
0xEB2C,0xEB4B,0xEB4C,0xEB4B,0xE32C,0xEB4B,0xE32C,0xEB4B,0xEB2C,0xEB4B,0xE32C,0xEB4B,
0xEB2C,0xEB2B,0xEB2C,0xEB2B,0xF30C,0xFB4C,0xAB8D,0x8A89,0x873B,0x7ED8,0xBEBA,0xEFFE,
0xDFDE,0xBEB9,0x7ED9,0x86F9,0x86D9,0x86D9,0x86D9,0x86D9,0x7ED9,0x86D9,0x7ED9,0x86D9,
0x7ED9,0x86F9,0x7ED9,0x86F9,0x873A,0x7EF9,0x7554,0x5470,0x6B8E,0x4A69,0x72EA,0x836B,
0x83AA,0x9C4C,0xBD6C,0xEED1,0xFF72,0xFF31,0xF6F1,0xFF11,0xF711,0xFF92,0xB3EC,0x92E8,
0xFC11,0xF38E,0xDE38,0xFFBE,0xFF3D,0xD534,0xF38F,0xFBCF,0xF3AF,0xFBCF,0xF3AF,0xFBCF,
0xF3AF,0xFBCF,0xF3AF,0xFBAF,0xF76F,0xF76F,0xF78F,0xF76F,0xF78F,0xF770,0xFF8F,0xF770,
0xFF8F,0xF770,0xFF8F,0xF770,0xFF8F,0xF770,0xF76F,0xF770,0xF76F,0xF76F,0xF76F,0xF750,
0xF76F,0xF770,0xFF6F,0xFFD1,0xB590,0x6B47,0xF79E,0xE73E,0xEF7D,0xF7BF,0x94CF,0x73CC,
0xFF90,0xF770,0xF76F,0xF770,0xFF6F,0xF770,0xF76F,0xF76F,0xF76F,0xF74F,0xF76F,0xF750,
0xF76F,0xF770,0xA4CE,0x8C0C,0x83A9,0xC5B1,0xFFB0,0xF74F,0xF76F,0xF770,0xF76E,0xFFD0,
0xBD90,0x5264,0x62C7,0x8C4D,0xFF8F,0xFFD1,0xFF6F,0xF770,0xFF6F,0xF770,0xFF6F,0xF770,
0xFF6F,0xF770,0xFF6F,0xF750,0xF76F,0xF750,0xFF6F,0xF76F,0xFFD0,0xDEAD,0x9CAB,0x7BA8,
0x6A89,0x83AE,0x93EF,0x8BAE,0x83AA,0x83CB,0xB549,0xE711,0xFFB0,0xF74F,0xFF6F,0xF750,
0xFF6F,0xF750,0xF74F,0xF74F,0xEF32,0xF794,0xFFFF,0xF7FF,0xFFFE,0xF7FF,0xFFFF,0xF7FF,
0xFFFF,0xAD96,0x7C0F,0xFFFF,0xFFFE,0xF7FF,0xFFFF,0xF7FF,0xFFFF,0xF7FF,0xFFFF,0xF7FF,
0xFFFF,0xE75D,0xA207,0xD3AE,0xDB6C,0xFC71,0xF513,0xDC30,0xEB2B,0xE32C,0xEB4C,0xE34C,
0xEB4C,0xE32C,0xEB4C,0xE32C,0xEB4C,0xE32C,0xEB4C,0xEB2C,0xF34C,0xEB2C,0xE2EB,0xD28A,
0xCA69,0xCA6A,0x8B0B,0x9BAE,0x873A,0x871B,0xB6FA,0xC7BE,0xCFDE,0x9E79,0x86F9,0x7EDA,
0x86F9,0x7EDA,0x86F9,0x7ED9,0x86F9,0x7ED9,0x86F9,0x7ED9,0x7EF9,0x7ED9,0x875A,0x7ED9,
0x6450,0x434D,0xA390,0xC4D6,0xE558,0xEDBA,0xF5BA,0xED7A,0xE579,0xD4D8,0xAC52,0x832E,
0x9448,0xDE92,0xFF71,0xF710,0xF752,0xD64F,0x9A07,0xE451,0xEBF0,0xFCB3,0xFFDE,0xFFDF,
0xFD14,0xDBD0,0xFBCF,0xFBB0,0xFBCF,0xF3D0,0xFBCF,0xF3B0,0xFBCF,0xF3B0,0xFBCF,0xF3B0,
0xF74F,0xFF6F,0xF76F,0xFF6F,0xF76F,0xFF6F,0xF76F,0xFF6F,0xF76F,0xFF6F,0xF76F,0xFF6F,
0xF76F,0xFF6F,0xF76F,0xFF6F,0xF76F,0xFF6F,0xF750,0xFF6F,0xF74F,0xFF6F,0xFFB2,0xD64C,
0x5AAA,0xEF3B,0xEF5D,0xF79E,0xE75D,0x7BCE,0x9C87,0xFFB3,0xFF6F,0xFF6F,0xF770,0xFF6F,
0xF770,0xFF6F,0xF76F,0xFF6F,0xF74F,0xF76F,0xF74F,0xFF4F,0xF74F,0xFF4F,0xFF92,0xD64C,
0xCE0C,0xFFB1,0xF74F,0xFF4F,0xF74F,0xFF6F,0xFFB2,0xCE2B,0x41E6,0x5247,0xC5CB,0xFFD3,
0xFF70,0xFF6F,0xF750,0xFF6F,0xF74F,0xFF6F,0xF74F,0xFF6F,0xF750,0xFF6F,0xF750,0xFF6F,
0xF750,0xFF4F,0xFF90,0xF72E,0x8C0B,0x7347,0xBC93,0xE5F8,0xF659,0xEE17,0xDDD7,0xDDB6,
0xDD97,0xDDB6,0xACB2,0x7AEA,0xA4E9,0xFF72,0xF76F,0xFF4E,0xF74F,0xF74F,0xF74F,0xF74E,
0xEF13,0xFFB4,0xFFFF,0xFFFF,0xFFFF,0xFFFE,0xFFFF,0xFFFE,0xFFFF,0xFFDE,0x52AA,0xEF5C,
0xFFFF,0xFFFE,0xFFFF,0xFFFE,0xFFFF,0xFFFE,0xFFFF,0xFFFE,0xFFFF,0xBDF6,0xBA28,0xE38D,
0xBBEF,0xFF1B,0xFFDF,0xDE17,0xE2EB,0xEB4B,0xEB2C,0xEB4B,0xEB2C,0xEB4B,0xEB2C,0xEB2B,
0xEB2C,0xEB4B,0xF34D,0xE2CA,0x9A48,0x9227,0x7B08,0x9BEB,0xA4AC,0xACEC,0x944C,0x7B88,
0x5B8C,0x63ED,0x6574,0x8EB8,0x973B,0x8EF9,0x86D9,0x86D9,0x86D9,0x86D9,0x7ED9,0x86D9,
0x7ED9,0x86D9,0x7ED9,0x86D9,0x7EF9,0x8F5A,0x74B2,0x430B,0xB3F3,0xF5D9,0xFDDB,0xF5BA,
0xED9A,0xF599,0xED99,0xED99,0xED99,0xF5B9,0xF5BB,0xFDBA,0xBCD5,0x82CC,0xA4C9,0xFF73,
0xFF55,0x93C6,0xE32E,0xFBD0,0xD431,0xFE79,0xFFBE,0xEEBA,0xEB8F,0xFBCF,0xF3B0,0xFBCF,
0xF3AF,0xFBAF,0xFBAF,0xFBAF,0xFBAF,0xFBCF,0xF3AF,0xFBAF,0xF76F,0xF76F,0xF78F,0xF770,
0xF78F,0xF76F,0xF78F,0xF76F,0xF78F,0xF770,0xF78F,0xF76F,0xF78F,0xF76F,0xF78F,0xF770,
0xF78F,0xF770,0xFF6F,0xF770,0xFF6F,0xFFB0,0xD672,0x5AA4,0xDEDB,0xEF9F,0xFFBF,0xC639,
0x6B67,0xB5B0,0xFFD0,0xF76F,0xF76F,0xF770,0xF78F,0xF770,0xF78F,0xF76F,0xF78F,0xF76F,
0xF76F,0xF74F,0xF76F,0xF74F,0xF74F,0xF74F,0xFF6F,0xFF70,0xFF8F,0xF76F,0xFF6F,0xF770,
0xFF6F,0xFF90,0xDEB3,0x4202,0x5263,0xCE53,0xFFD0,0xF76F,0xFF90,0xF770,0xF76F,0xF770,
0xF78F,0xF76F,0xF78F,0xF76F,0xF76F,0xF770,0xFF6F,0xF750,0xF76E,0xFFB0,0xCE10,0x6305,
0xBCD3,0xEE5A,0xBCD2,0x834D,0x6AAA,0x7B4D,0x6AE8,0x6AE9,0x942C,0x838A,0xB472,0xEE5A,
0x9C4D,0x838C,0xF76F,0xF770,0xF76F,0xF750,0xF74E,0xF74F,0xEF54,0xFFD7,0xFFFF,0xF7FF,
0xFFFF,0xF7FF,0xFFFF,0xF7FF,0xFFFF,0xFFFF,0x94D2,0x8C71,0xFFFF,0xF7FF,0xFFFF,0xF7FF,
0xFFFF,0xFFFF,0xFFFF,0xF7FF,0xFFFF,0x9CB2,0xD289,0xE34D,0xBC0F,0xFEFB,0xFFBD,0xD5F7,
0xE30B,0xEB2C,0xEB4C,0xEB2C,0xEB4C,0xE32C,0xEB2B,0xE32C,0xF34C,0xE30C,0x8267,0x8AC9,
0xB58C,0xDEF2,0xFF72,0xFF73,0xFF72,0xFF52,0xFF92,0xFF73,0xF732,0xD64F,0x94EE,0x6369,
0x54D1,0x8EB9,0x8F3A,0x7EF9,0x86F9,0x7ED9,0x86F9,0x7ED9,0x86F9,0x7ED9,0x7EF9,0x7F1A,
0x9EF9,0x33CD,0x8B0E,0xDDB9,0xFDFB,0xED9A,0xEDB9,0xED9A,0xEDB9,0xED9A,0xEDB9,0xED9A,
0xED99,0xED9A,0xF599,0xED7A,0xFDDB,0xF5BB,0x93CD,0x838C,0xEDF2,0x9B69,0xFBD0,0xF36F,
0xD596,0xFF7E,0xFF3C,0xCCD4,0xFBAF,0xFBB0,0xFBCF,0xF3B0,0xFBCF,0xF3B0,0xFBCF,0xF3B0,
0xFBCF,0xF3B0,0xFBCF,0xF3B0,0xF74F,0xFF6F,0xF76F,0xFF6F,0xF76F,0xFF6F,0xF76F,0xFF6F,
0xF76F,0xFF6F,0xF76F,0xFF6F,0xF76F,0xFF6F,0xF76F,0xFF6F,0xF76F,0xFF6F,0xF74F,0xFF6E,
0xFFB2,0xD64C,0x5289,0xD6B8,0xFFFF,0xEF3C,0x8C6F,0x738B,0xE6CE,0xFFB1,0xF74F,0xFF6F,
0xF770,0xFF6F,0xF76F,0xFF6F,0xF76F,0xFF6F,0xF76F,0xF76F,0xFF6F,0xFFAF,0xFF90,0xFF8F,
0xF74F,0xFF6F,0xF74F,0xFF4F,0xF750,0xFF4F,0xF74F,0xFF6F,0xF750,0xFFB1,0x5A86,0x41A2,
0xDEAE,0xFFB2,0xF74F,0xFF6F,0xF76F,0xFF6F,0xF76F,0xFF6F,0xF76F,0xFF6F,0xF76F,0xFF6F,
0xF76F,0xFF6F,0xF74F,0xFF6E,0xFF92,0xCE0B,0x6A69,0xE637,0xC555,0x72A9,0x9448,0xDE70,
0x93CD,0xEE76,0xBD30,0xA46D,0xFFF1,0xF74E,0xACCE,0x8388,0xF65A,0xBCB3,0x83E6,0xFF73,
0xF74F,0xF74E,0xF74F,0xFF8F,0xD693,0xF797,0xFFFF,0xFFFF,0xFFFF,0xFFFE,0xFFFF,0xFFFE,
0xFFFF,0xFFFF,0xEF9D,0x52CA,0xEF9D,0xFFFF,0xFFFF,0xFFFE,0xFFFF,0xFFFE,0xFFFF,0xFFFE,
0xFFFF,0x8C0F,0xDAAA,0xEB4C,0xBBEF,0xFEDA,0xFF9E,0xDE17,0xE2EB,0xEB4C,0xEB2C,0xEB2B,
0xEB2C,0xEB2B,0xEB0B,0xFB4C,0xB32B,0x91E5,0xB56C,0xFF74,0xFF72,0xFF30,0xF711,0xFF31,
0xF712,0xFF31,0xF712,0xFF31,0xF711,0xFF51,0xFF73,0xFF51,0xA530,0x6347,0x5D74,0x971A,
0x86FA,0x86D9,0x7ED9,0x86D9,0x7ED9,0x86D9,0x86D9,0x8F1A,0x528B,0x8C31,0xFDFB,0xF599,
0xED99,0xED99,0xED9A,0xEDB9,0xED99,0xEDB9,0xED99,0xEDB9,0xED99,0xED99,0xED99,0xF599,
0xF579,0xF599,0xF5FB,0xBC53,0x7165,0xCC0F,0xFBAF,0xF38E,0xE679,0xFF9D,0xFDB7,0xD3F0,
0xFBAF,0xFBAF,0xFBAF,0xFBAF,0xFBAF,0xFBAF,0xFBAF,0xFBAF,0xFBAF,0xFBCF,0xFBB0,0xFBAF,
0xF76F,0xF750,0xF78F,0xF770,0xF78F,0xF770,0xF78F,0xF770,0xF78F,0xF770,0xF78F,0xF770,
0xF78F,0xF770,0xF78F,0xF770,0xF78F,0xF76F,0xFF8F,0xFFD1,0xB58F,0x6306,0xE73D,0xF79F,
0xA533,0x632C,0xAD49,0xF793,0xFF8F,0xF76F,0xF76F,0xF770,0xF78F,0xF770,0xF78F,0xF770,
0xF76F,0xF770,0xF76F,0xF770,0xDED0,0x9CC9,0x9CC9,0xC60F,0xFFB0,0xF770,0xF76F,0xF750,
0xF76F,0xF750,0xF76F,0xF76F,0xFF93,0xC5ED,0x2920,0xCE52,0xFFD0,0xF76F,0xF76F,0xF770,
0xF78F,0xF770,0xF78F,0xF770,0xF78F,0xF770,0xF78F,0xF770,0xF78F,0xF770,0xF76F,0xF76F,
0xEF14,0x62C4,0xE619,0xC536,0x7324,0xDEB3,0xFFF3,0xD64C,0x8B8D,0xF6DB,0x8388,0xBD70,
0xFFAF,0xF76F,0xFFB2,0xCE2D,0x8B4C,0xF6BA,0x9C4B,0xB4EF,0xFFAF,0xF74F,0xF773,0x9CA8,
0x8C6D,0x94AF,0xBE16,0xFFFF,0xFFFF,0xF7FF,0xFFFF,0xFFFF,0xFFFF,0xF7FF,0xFFFF,0x8CB2,
0x94B2,0xFFFF,0xFFFE,0xF7FF,0xFFFF,0xFFFF,0xFFFF,0xF7FF,0xFFFF,0x83CF,0xDAEA,0xE34C,
0xC3EE,0xFEBA,0xFF9E,0xE67A,0xE30B,0xE32C,0xEB4B,0xE32C,0xEB4B,0xEB2C,0xEB8D,0xC269,
0x7305,0xE6B4,0xFF92,0xF711,0xF711,0xF712,0xF731,0xF732,0xF731,0xF732,0xF731,0xF732,
0xF731,0xF732,0xF731,0xF712,0xFF73,0xF712,0x744D,0x63EC,0x871A,0x7EFA,0x7EF9,0x7ED9,
0x7EF9,0x7ED9,0xA6FA,0x338D,0xA3B1,0xF63B,0xED99,0xED9A,0xEDB9,0xED9A,0xEDB9,0xEDBA,
0xEDB9,0xEDBA,0xEDB9,0xEDBA,0xEDB9,0xE5BA,0xEDB9,0xED9A,0xF599,0xED9A,0xF599,0xFDFC,
0xC431,0x7A0A,0xFBF0,0xF3AF,0xF3F0,0xF431,0xFBF0,0xF3B0,0xFBCF,0xF3B0,0xFBCF,0xF3B0,
0xFBCF,0xF3B0,0xFBCF,0xF3B0,0xFBCF,0xF3B0,0xFBCF,0xF3B0,0xF74F,0xFF6F,0xF76F,0xFF6F,
0xF76F,0xFF6F,0xF76F,0xF76F,0xF76F,0xFF6F,0xF76F,0xFF6F,0xF76F,0xFF6F,0xF76F,0xFF6F,
0xF76F,0xFFCF,0xF773,0x9C87,0x6B4E,0xCE38,0x9CD1,0x6B6B,0xA4C8,0xEF31,0xFFB0,0xFF6F,
0xF750,0xFF6F,0xF750,0xFF6F,0xF76F,0xFF6F,0xF76F,0xFF6F,0xF76F,0xFF6F,0xF750,0xFFB0,
0x9488,0xCE2D,0xDEB1,0x9487,0x8C26,0xEF32,0xFF6F,0xF74E,0xF74F,0xFF4F,0xF74F,0xFF4F,
0xF770,0xEEEE,0xE6CE,0xFFB1,0xF750,0xFF6F,0xF76F,0xFF6F,0xF76F,0xFF6F,0xF76F,0xFF6F,
0xF76F,0xFF6F,0xF76F,0xFF6F,0xF76F,0xFF6F,0xF76F,0xFFB0,0xACAF,0x9C2C,0xF6BA,0x7B0B,
0xEEEF,0xFFF2,0xD611,0x7325,0xDDF8,0xD596,0x62E3,0xF754,0xF74F,0xFF6E,0xF74F,0xFFD0,
0xACAF,0xACAE,0xEE78,0x8B4B,0xF74F,0xFF6F,0xDED3,0x7344,0xFFD9,0xAD0D,0x8C50,0xFFFF,
0xFFFF,0xFFFE,0xFFFF,0xFFFF,0xFFFF,0xFFFE,0xFFFF,0xF79D,0x52AA,0xEF7C,0xFFFF,0xFFFE,
0xFFFF,0xFFFE,0xF7FF,0xFFFE,0xFFFF,0x8BEE,0xDACA,0xEB4B,0xBB8D,0xFE37,0xFF9E,0xEEFB,
0xE32C,0xEB4C,0xEB2B,0xEB2B,0xEB0C,0xF34C,0xB32B,0x9226,0xEF12,0xFF72,0xF711,0xFF11,
0xF712,0xFF31,0xF732,0xFF31,0xF732,0xFF31,0xF732,0xFF31,0xF732,0xFF31,0xF732,0xF731,
0xF711,0xFF31,0xFF75,0xBD4B,0x3BCD,0x9E97,0x7EFA,0x7EF9,0x7ED9,0x8F3A,0x7431,0x638D,
0xFDFB,0xF599,0xED99,0xEDB9,0xED9A,0xEDB9,0xED9A,0xEDB9,0xED9A,0xF5B9,0xED9A,0xF5B9,
0xED9A,0xEDB9,0xED9A,0xEDB9,0xED99,0xF599,0xF579,0xF579,0xF61B,0x9B4F,0xB229,0xF430,
0xFB8F,0xFB8E,0xFBAF,0xFBCF,0xFBAF,0xFBAF,0xFBAF,0xFBAF,0xFBAF,0xFBAF,0xFBAF,0xFBAF,
0xFBAF,0xFBAF,0xFBAF,0xFBAF,0xF76F,0xF770,0xFF6F,0xF770,0xF78F,0xF770,0xF76F,0xF770,
0xFF6F,0xF770,0xF76F,0xF770,0xF78F,0xF770,0xFF6F,0xF770,0xF771,0xB56A,0x39A5,0x39A6,
0x738A,0x7BCC,0xBDCA,0xEF51,0xFFD0,0xF76F,0xF76F,0xF750,0xFF6F,0xF770,0xF76F,0xF750,
0xF78F,0xF770,0xF76F,0xF770,0xFF6F,0xF750,0xF76F,0xFFB1,0x9486,0xDEF0,0xFFCE,0xFFEF,
0xBDEE,0x73A6,0xEF0F,0xF791,0xF76F,0xF74F,0xF76F,0xF750,0xF76F,0xF770,0xFF90,0xF750,
0xFF6F,0xF770,0xF76F,0xF770,0xF78F,0xF770,0xF78F,0xF76F,0xF78F,0xF770,0xF78F,0xF770,
0xFF6F,0xF76F,0xF76F,0xFFB1,0x9C4D,0xBD52,0xDE15,0x93CD,0xE711,0xA4EA,0x7B0A,0xD5F7,
0xDE17,0x6249,0xCE2D,0xF793,0xF74F,0xF74F,0xFF6E,0xF74F,0xEF14,0x83C8,0xF6B9,0xA410,
0xD62C,0xF771,0xFF92,0xBD8B,0x7BCC,0x7BED,0xF7BE,0xFFFF,0xFFFF,0xF7FF,0xFFFF,0xFFFF,
0xFFFF,0xF7FF,0xFFFF,0xFFFF,0xA533,0x7C30,0xFFFF,0xF7FF,0xFFFF,0xFFFF,0xFFFF,0xF7FF,
0xFFFF,0x8C30,0xD2A9,0xE34D,0xCB6C,0xFD34,0xFFBE,0xF75D,0xEB8D,0xDB4C,0xEB2B,0xEB0C,
0xEB4C,0xEB2D,0x6A43,0xE654,0xFF72,0xF712,0xF731,0xF732,0xF731,0xF732,0xF731,0xF732,
0xF731,0xF732,0xF731,0xF732,0xF731,0xF732,0xF731,0xF732,0xF731,0xF732,0xFF31,0xFF73,
0xB5F2,0x5B48,0x86D9,0x7EDA,0x86F9,0x7678,0x622A,0xDE1A,0xF599,0xED9A,0xED99,0xED9A,
0xEDBA,0xEDBA,0xEDBA,0xEDBA,0xEDBA,0xEDBA,0xEDBA,0xEDBA,0xEDBA,0xED9A,0xEDB9,0xED9A,
0xED99,0xED9A,0xF599,0xED7A,0xEDBA,0xF5DB,0x89E8,0xC3D0,0xFBCF,0xFBAF,0xFBCF,0xF3B0,
0xFBCF,0xF3B0,0xFBCF,0xF3AF,0xFBCF,0xF3AF,0xFBCF,0xF3B0,0xFBCF,0xF3AF,0xFBCF,0xF3B0,
0xF74F,0xFF6F,0xF750,0xFF6F,0xF770,0xFF6F,0xF770,0xFF6F,0xF770,0xFF6F,0xF770,0xFF6F,
0xF750,0xFF6F,0xF74F,0xFF90,0xC5CF,0x7B65,0xA4CA,0xD64F,0xEF0E,0xFFB0,0xFF90,0xFF6F,
0xF750,0xFF6F,0xF750,0xFF6F,0xF750,0xFF6F,0xF750,0xFF6F,0xF74F,0xFF6F,0xF750,0xFF6F,
0xF74F,0xFF6F,0xF750,0xFF90,0x6B44,0xBDEE,0xFFAF,0xFF8D,0xFFD2,0xDE8C,0x7384,0xE6F1,
0xFF6F,0xF74E,0xF74F,0xFF4F,0xF750,0xFF6F,0xF750,0xFF6F,0xF74F,0xFF6F,0xF76F,0xFF8F,
0xF76F,0xFF8F,0xF76F,0xFF8F,0xF76F,0xFF8F,0xF76F,0xFF6F,0xF74F,0xFF6F,0xF74F,0xFF8F,
0xCDD2,0x8388,0xEE59,0xC4F3,0xA450,0xC512,0xE619,0xB492,0x6285,0xC590,0xFF91,0xFF4F,
0xF72F,0xFF4F,0xF72F,0xFF4E,0xFF74,0x9C67,0xDDD7,0xC513,0xB54A,0xFF92,0xFF4F,0xFF8F,
0xEF5A,0xFFFC,0xFFFF,0xFFFF,0xFFDF,0xFFFE,0xFFDF,0xFFFE,0xFFDF,0xFFFE,0xF7FF,0xFFFF,
0xFFFF,0x5AEA,0xD69A,0xFFFF,0xFFFF,0xFFFE,0xF7FF,0xFFFE,0xFFFF,0xA4F2,0xC249,0xEB6C,
0xD32C,0xF40F,0xFFBE,0xFF9D,0xF410,0xDB4C,0xEB0C,0xF32B,0xE38E,0xB207,0xA4AA,0xFF95,
0xF711,0xFF11,0xF712,0xFF31,0xF732,0xFF31,0xF732,0xFF31,0xF732,0xFF31,0xF732,0xFF51,
0xF732,0xFF51,0xF732,0xFF31,0xF732,0xFF31,0xF711,0xFF31,0xFF75,0xC5AD,0x3BCD,0x9ED9,
0x9EFA,0x3BCD,0xB413,0xF5FA,0xED99,0xF5D9,0xF65C,0xEE3A,0xED9A,0xEDB9,0xED9A,0xF5B9,
0xED9A,0xEDB9,0xED9A,0xEDB9,0xED9A,0xEDB9,0xED9A,0xEDB9,0xED99,0xEDB9,0xED99,0xF599,
0xED7A,0xFDDA,0xC453,0x8229,0xFBF0,0xFBAF,0xFBAF,0xFBCF,0xFBAF,0xFBAF,0xFBAF,0xFBAF,
0xFBAF,0xFBAF,0xFBB0,0xFBAF,0xFBAF,0xFBAF,0xF3AF,0xFBAF,0xF76F,0xF750,0xF76F,0xF770,
0xF76F,0xF770,0xFF6F,0xF770,0xFF6F,0xF770,0xFF6F,0xF770,0xF76F,0xF770,0xFF6F,0xF750,
0xFF6F,0xFFD1,0xFFF0,0xFFB0,0xFF90,0xFF70,0xF76F,0xF770,0xFF6F,0xF770,0xFF6F,0xF770,
0xF76F,0xF770,0xFF6F,0xF770,0xFF6F,0xF770,0xFF6F,0xF750,0xFF6F,0xF74F,0xFFB2,0xBDAB,
0xAD4D,0x7BE8,0xFFCF,0xF78F,0xFFAE,0xFFD0,0xCE6F,0x73A5,0xF770,0xF750,0xF76F,0xF770,
0xFF6F,0xF750,0xFF6F,0xF750,0xF76F,0xF770,0xF78F,0xF770,0xF78F,0xF770,0xF78F,0xF770,
0xF78F,0xF76F,0xF78F,0xF770,0xF76F,0xF76F,0xFF6F,0xF74F,0xFF92,0xBD8B,0x836B,0x9C50,
0xAC91,0x9C0F,0x83A8,0x9C8D,0xF72F,0xFFF3,0xFFD0,0xFFB0,0xFFD0,0xFFB0,0xFF8F,0xFF6F,
0xFF93,0xAD09,0xCD34,0xCD76,0xB529,0xFF73,0xFF4F,0xF72F,0xF7DC,0xFFFD,0xFFFF,0xF7FF,
0xFFFF,0xF7FF,0xFFFF,0xFFFF,0xFFFF,0xFFFF,0xFFFF,0xF7FF,0xFFFF,0xC659,0x632C,0xFFFF,
0xFFFF,0xF7FF,0xFFFF,0xF7FF,0xFFFF,0xBE38,0xA206,0xDBAE,0xEB4C,0xE34C,0xF470,0xDBAE,
0xEB4C,0xE32C,0xF32B,0xEB0C,0xCBAD,0x89C6,0xF732,0xEF33,0xF731,0xF712,0xF731,0xF732,
0xF731,0xF732,0xFF51,0xF732,0xFF51,0xF732,0xF751,0xF732,0xF751,0xF732,0xFF51,0xF732,
0xF731,0xF732,0xF731,0xF732,0xFF31,0xFF93,0x8510,0x748E,0xA658,0x3B0C,0xF5DA,0xED9A,
0xDDD9,0xFEBD,0xFF9E,0xEF1D,0xEDB9,0xE59A,0xEDB9,0xEDBA,0xEDB9,0xEDBA,0xEDB9,0xEDBA,
0xEDB9,0xEDBA,0xEDB9,0xEDBA,0xEDB9,0xE59A,0xED99,0xED9A,0xF599,0xED7A,0xF61A,0x722B,
0xE36E,0xEBD0,0xFBAF,0xF3B0,0xFBCF,0xF3B0,0xFBCF,0xF3B0,0xFBCF,0xF3B0,0xFBCF,0xF3B0,
0xFBCF,0xF3B0,0xFBCF,0xF3B0,0xF72F,0xF74E,0xF74F,0xFF4E,0xF74F,0xFF4E,0xF74F,0xFF4E,
0xF74F,0xFF4E,0xF74F,0xFF4E,0xF74F,0xFF4E,0xF74E,0xFF4E,0xF770,0xDE6C,0x948B,0xA4EB,
0xA4EB,0xBDCD,0xFF90,0xFF6F,0xF74F,0xFF6F,0xF74F,0xFF6F,0xF74F,0xFF6F,0xF74F,0xFF6F,
0xF74F,0xFF6F,0xF74F,0xFF6F,0xF74F,0xFF8F,0xDEB0,0x9C87,0xFFF6,0x8C46,0xBDAA,0xFFD2,
0xF78E,0xFF8D,0xFFD3,0xB589,0x9467,0xFFB3,0xF74F,0xFF6F,0xF750,0xFF6F,0xF770,0xFF6F,
0xF770,0xFF6F,0xF76F,0xFF6F,0xF76F,0xFF6F,0xF74F,0xFF6F,0xF76F,0xFF6F,0xF750,0xFF6F,
0xF74F,0xFF6F,0xFF6F,0xFFAF,0xFFD0,0xFFF0,0xDED0,0xA509,0x8409,0x83C7,0x8C09,0x9429,
0x83A8,0x83A7,0x83A8,0x8BC8,0x9428,0xACCA,0xC5CB,0xDE8D,0xF732,0xB54A,0xDDD7,0xE5F6,
0xBD4B,0xFF73,0xF730,0xFF4F,0xF7DD,0xFFFD,0xFFFF,0xFFFE,0xFFDF,0xFFFE,0xFFDF,0xFFFE,
0xFFDF,0xFFFE,0xFFDF,0xFFFE,0xFFFF,0xFFFF,0x8410,0x9CF3,0xFFFF,0xFFFE,0xFFDF,0xFFFE,
0xF7FF,0xEF9D,0x89C7,0xCBAD,0xEB2C,0xF32B,0xE2EB,0xEB0B,0xEB0C,0xEB2B,0xF30C,0xFB2C,
0x9AE8,0xB3AB,0xFF93,0xF731,0xF712,0xFF31,0xF732,0xFF31,0xF732,0xFF51,0xF732,0xFF51,
0xF732,0xFF31,0xF732,0xFF31,0xF732,0xFF51,0xF732,0xFF31,0xF732,0xFF31,0xF732,0xFF31,
0xFF11,0xFF31,0xEF76,0x948A,0x6B4E,0x8C51,0xF5DB,0xED99,0xDE3A,0xFF5E,0xFF5E,0xE67A,
0xED99,0xF5B9,0xEDBA,0xEDB9,0xED9A,0xEDB9,0xED9A,0xEDB9,0xED9A,0xEDB9,0xED9A,0xEDB9,
0xED9A,0xEDB9,0xED99,0xED99,0xED7A,0xF599,0xF5FB,0xABD1,0xB24A,0xF430,0xFB8F,0xFBAF,
0xFBAF,0xFBAF,0xFBAF,0xFBAF,0xFBAF,0xFBCF,0xFBAF,0xFBAF,0xFBAF,0xFBAF,0xF3AF,0xFBAF,
0xF7B9,0xF7BA,0xFFD8,0xF7B9,0xFFB7,0xF7B8,0xFFB7,0xF797,0xFFB6,0xF796,0xF7B5,0xF795,
0xFF94,0xF774,0xFF93,0xF773,0xF7B7,0x7BC8,0xCE2F,0xE714,0xA52C,0xA50D,0xFFB1,0xF751,
0xF770,0xF750,0xF76F,0xF750,0xF76F,0xF74F,0xFF4E,0xFF6F,0xFF6F,0xF74F,0xFF4E,0xF72E,
0xFF70,0xF750,0x8405,0xDED1,0xFFB1,0xE70F,0x6B42,0xE753,0xFFAE,0xF78E,0xF78F,0xFFF1,
0x8406,0xC60F,0xFF8F,0xF74F,0xF76F,0xF76F,0xF76F,0xF76F,0xF76F,0xF76F,0xF76F,0xF76F,
0xF76F,0xF76F,0xF76F,0xF750,0xF76F,0xF770,0xFF8F,0xFFB0,0xFFF1,0xF7B0,0xD68F,0xA52A,
0x7B68,0x4A03,0x30E2,0x2081,0x1820,0x1000,0x1000,0x0800,0x1000,0x0800,0x1000,0x0800,
0x1000,0x0800,0x1000,0x1841,0x30E2,0x3123,0x7B0B,0x8BAE,0xAD2A,0xF794,0xFFD2,0xFFB2,
0xFFFE,0xFFFF,0xFFFF,0xFFFF,0xFFFF,0xFFFF,0xFFFF,0xF7FF,0xFFFF,0xF7FF,0xFFFF,0xF7FF,
0xFFFF,0xFFFF,0xF7DE,0x52EB,0xD6DA,0xFFFF,0xFFFF,0xF7FF,0xF7FF,0xFFFF,0xA34C,0x9B0C,
0xF34C,0xEB0C,0xEB2C,0xE32C,0xEB2B,0xE32C,0xEB2C,0xF34D,0x7A65,0xDD91,0xFF72,0xF732,
0xF731,0xF732,0xF731,0xF732,0xF751,0xF732,0xF751,0xF732,0xFF51,0xF732,0xFF51,0xF732,
0xFF51,0xF732,0xFF51,0xF732,0xFF51,0xF732,0xFF51,0xF732,0xFF31,0xF732,0xF752,0xEF12,
0x59E7,0xCD96,0xEDBA,0xED9A,0xEF1C,0xFF7F,0xFF1E,0xDDFA,0xEDB9,0xEDBA,0xEDBA,0xEDBA,
0xEDB9,0xEDBA,0xEDB9,0xEDBA,0xEDB9,0xEDBA,0xEDB9,0xEDBA,0xEDB9,0xE59A,0xED99,0xED9A,
0xF599,0xED7A,0xEDDA,0xDD38,0x99E8,0xE432,0xFBAF,0xF3B0,0xFBCF,0xF3B0,0xFBCF,0xF3B0,
0xFBCF,0xF3B0,0xFBCF,0xF3B0,0xFBCF,0xF3B0,0xFBCF,0xF3AF,0xFFFF,0xFFFF,0xFFFF,0xFFFF,
0xFFFF,0xFFFF,0xFFFF,0xFFFF,0xFFFF,0xFFFF,0xFFFF,0xFFFF,0xFFFF,0xFFFF,0xFFFF,0xFFFF,
0xFFFF,0x94B1,0xB58D,0xEF53,0x73AC,0xF79B,0xFFFE,0xFFFE,0xFFDE,0xFFFD,0xFFDD,0xFFDC,
0xF7DB,0xFFFB,0xFFDB,0xD675,0xC634,0xDEB6,0xFFB9,0xFFF9,0xEF98,0x7BC8,0xCE2C,0xFFB1,
0xF76E,0xFFCF,0xB5AD,0x83E5,0xFFD0,0xF78E,0xF76E,0xFFAE,0xDED1,0x7BC4,0xFF73,0xF772,
0xF751,0xFF71,0xF751,0xFF71,0xF751,0xFF70,0xF750,0xFF50,0xF750,0xFF4F,0xF74F,0xFF4F,
0xFF90,0xFFD0,0xF772,0xCE2C,0x7BAA,0x41C1,0x1821,0x1000,0x1000,0x1800,0x1800,0x1800,
0x1800,0x2000,0x1800,0x2000,0x1800,0x2020,0x1800,0x2000,0x1800,0x2000,0x1800,0x2000,
0x1800,0x1800,0x1000,0x1000,0x1840,0x49A4,0x6AC8,0x5A25,0x4186,0x51E7,0x62EB,0xA4D2,
0xD6DA,0xFFFF,0xFFFF,0xFFFF,0xFFFF,0xFFFE,0xFFDF,0xFFFF,0xFFFF,0xFFFF,0xFFFF,0xD699,
0x5AEB,0xFFFE,0xFFFF,0xFFFE,0xF7FF,0xFFFF,0xE618,0x6A27,0xF34D,0xEB2B,0xEB2C,0xEB2B,
0xEB2C,0xEB2B,0xEB2C,0xF34C,0x7264,0xFE94,0xF731,0xF731,0xF711,0xF731,0xF731,0xFF51,
0xF732,0xF751,0xF732,0xFF51,0xF732,0xFF31,0xF732,0xFF31,0xF732,0xFF31,0xF732,0xFF51,
0xF732,0xFF31,0xF732,0xFF31,0xF731,0xFF31,0xF733,0xEED0,0x726B,0xEE19,0xE599,0xF5FA,
0xF75E,0xFF7E,0xFE9D,0xE5D9,0xED9A,0xF5B9,0xEDBA,0xEDB9,0xED9A,0xF5B9,0xED9A,0xEDB9,
0xED9A,0xEDB9,0xED9A,0xEDB9,0xED9A,0xEDB9,0xED99,0xF599,0xED9A,0xF599,0xED9A,0xF5DA,
0x9A2A,0xDC10,0xFB8F,0xFBAF,0xFBAF,0xFBAF,0xFBAF,0xFBAF,0xFBB0,0xFBAF,0xFBB0,0xFBAF,
0xFBAF,0xFBAF,0xF3AF,0xFBAF,0xFFFF,0xFFFF,0xFFFF,0xFFFF,0xFFFF,0xFFFF,0xFFFF,0xFFFF,
0xFFFF,0xFFFF,0xFFFF,0xFFFF,0xFFFF,0xFFFF,0xFFFF,0xF7FF,0xFFFF,0xE75D,0x7BCA,0x844C,
0xB5D5,0xFFFF,0xFFFF,0xF7FF,0xFFFF,0xF7FF,0xFFFF,0xFFFF,0xFFFF,0xF7DF,0x8C6C,0x94AE,
0xC62E,0xAD6C,0xADB5,0xE77D,0x73A8,0xB5B1,0xFFEF,0xF78E,0xF78E,0xF76E,0xFFF3,0x9CC8,
0x9486,0xFFD4,0xFF8D,0xF78E,0xFFF4,0x8C67,0xCE79,0xFFFF,0xFFFE,0xF7FF,0xFFFE,0xF7FE,
0xFFFE,0xF7FE,0xFFFD,0xF7DE,0xFFFD,0xF7DD,0xFFFD,0xFFFE,0xDF18,0x842D,0x3964,0x0800,
0x1000,0x1000,0x1800,0x1800,0x1800,0x1800,0x1800,0x1800,0x1800,0x1800,0x1800,0x1801,
0x1800,0x1800,0x1800,0x1000,0x1800,0x1000,0x1800,0x1000,0x1800,0x1000,0x1800,0x1801,
0x1800,0x1000,0x1000,0x1000,0x1800,0x1000,0x1000,0x1000,0x1841,0x5229,0xBDD6,0xFFFF,
0xFFFF,0xF7FF,0xFFFF,0xFFFF,0xFFFF,0xFFFF,0xFFFF,0xFFFF,0x9D33,0x7BEF,0xFFFF,0xF7FF,
0xFFFF,0xF7FF,0xFFFF,0x6B6D,0xCA89,0xE36D,0xEB2B,0xE32C,0xEB2B,0xE32C,0xEB4C,0xDB0C,
0x7AC4,0xFEF6,0xF731,0xF712,0xF757,0xF757,0xF752,0xF733,0xF751,0xF732,0xF751,0xF732,
0xFF51,0xF732,0xFF51,0xF732,0xFF51,0xF732,0xFF51,0xF732,0xFF52,0xF732,0xF751,0xF732,
0xFF31,0xF731,0xFF73,0xC5AD,0x82CD,0xEE1B,0xE5B9,0xF65C,0xF79E,0xF77E,0xF61B,0xE5BA,
0xEDBA,0xEDBA,0xEDDA,0xEDBA,0xEDBA,0xEDBA,0xEDBA,0xEDBA,0xEDBA,0xEDBA,0xEDBA,0xEDBA,
0xEDBA,0xED9A,0xED99,0xED9A,0xF599,0xED9A,0xEDB9,0xF5FB,0xA2CB,0xBBB0,0xFBCF,0xFBB0,
0xFBCF,0xF3B0,0xFBCF,0xF3B0,0xFBCF,0xF3B0,0xFBCF,0xF3B0,0xFBAF,0xF3B0,0xFBCF,0xF3AF,
0xFFFF,0xFFFE,0xFFFF,0xFFFE,0xFFFF,0xFFFE,0xFFFF,0xFFFE,0xFFFF,0xFFFE,0xFFFF,0xFFFE,
0xFFFF,0xFFFE,0xFFFF,0xFFFE,0xFFFF,0xFFFF,0xCE9A,0xB595,0xFFFF,0xFFFE,0xFFFF,0xFFFE,
0xFFFF,0xFFFE,0xFFFF,0xFFFE,0xFFFF,0xA513,0xA508,0xFFF3,0xD68C,0xFF8F,0xB5D0,0x52A4,
0xCE2C,0xFFD2,0xF76E,0xFF8E,0xF76E,0xFF8E,0xF76F,0xFFD0,0x8C48,0x9489,0xFFD0,0xFFAE,
0xF7B1,0xCE4B,0x9CF3,0xFFFF,0xFFFF,0xFFFF,0xFFFF,0xFFFE,0xFFFF,0xFFFF,0xFFFF,0xFFFE,
0xFFFF,0xFFFF,0xD69A,0x6B2C,0x2062,0x0800,0x1000,0x2000,0x1800,0x2000,0x1800,0x2000,
0x1800,0x2000,0x1800,0x1800,0x1000,0x1000,0x1000,0x1800,0x1800,0x2060,0x2882,0x30E2,
0x3903,0x3923,0x3903,0x3903,0x30E3,0x30E2,0x2862,0x1800,0x1800,0x2000,0x1800,0x2000,
0x1800,0x2000,0x1800,0x2000,0x1800,0x1800,0x0800,0x6ACA,0xEF7D,0xFFFF,0xFFDF,0xFFFE,
0xFFFF,0xFFFE,0xFFFF,0xFFFE,0xFFFF,0x73AD,0xA554,0xFFFF,0xFFDF,0xFFFE,0xFFFF,0xD6FA,
0x8145,0xD3AE,0xEB0C,0xF32B,0xEB0C,0xEB2B,0xE32C,0xDACA,0x7B05,0xFF35,0xEEF2,0xFF33,
0xF79E,0xF7BD,0xF755,0xF734,0xF731,0xFF51,0xF732,0xFF51,0xF732,0xFF31,0xF732,0xFF31,
0xF732,0xFF31,0xF732,0xFF51,0xF732,0xFF31,0xF732,0xFF31,0xF731,0xFF31,0xFF55,0xACCA,
0x9B50,0xF61A,0xDDB9,0xFEBC,0xF77E,0xF75D,0xEDBA,0xEDB9,0xED9A,0xF5B9,0xEDBA,0xEDB9,
0xED9A,0xF5B9,0xED9A,0xF5B9,0xED9A,0xF5B9,0xED9A,0xEDB9,0xED9A,0xF5B9,0xED9A,0xF599,
0xED9A,0xF599,0xED79,0xFDFB,0xB32E,0xB34E,0xFBB0,0xFBAF,0xFBB0,0xFBAF,0xFBAF,0xFBAF,
0xFBB0,0xFBAF,0xF3AF,0xFBAF,0xFBAF,0xFBAF,0xF3AF,0xFBAF,0xFFFF,0xFFFF,0xFFFF,0xFFFF,
0xFFFF,0xFFFF,0xFFFF,0xFFFF,0xF7DE,0xFFFF,0xFFFF,0xFFFF,0xFFFF,0xFFFF,0xFFFF,0xFFFF,
0xFFFF,0xFFFF,0xFFFF,0xFFFF,0xFFFF,0xFFFF,0xFFFF,0xFFFF,0xFFFF,0xFFFF,0xFFFF,0xF7FF,
0xFFFF,0x73EE,0xD6B1,0x9D0B,0xAD74,0x8450,0x6B64,0xD6B2,0xFFCF,0xF76E,0xF78E,0xF76F,
0xFFAE,0xFFCF,0xFFEE,0xFFCE,0xFFF3,0x9CC8,0x7BE4,0xDF11,0xFFF0,0xE72D,0x8C90,0xFFFF,
0xFFFF,0xF7FF,0xFFFF,0xFFFF,0xFFFF,0xF7FF,0xFFFF,0xFFFF,0xDEDA,0x5AEB,0x1820,0x0800,
0x1800,0x1800,0x1800,0x1800,0x1800,0x1800,0x1800,0x1800,0x1800,0x1000,0x1820,0x28C3,
0x51C5,0x730B,0x9C0D,0xB4D0,0xCD92,0xD5F4,0xE634,0xE655,0xF675,0xEE76,0xF675,0xEE76,
0xF6B6,0xDE15,0x4144,0x1000,0x1800,0x1800,0x1800,0x1800,0x1800,0x1800,0x1800,0x1800,
0x1820,0x1801,0x1820,0x0800,0x3164,0xDEBA,0xFFFF,0xF7FF,0xFFFF,0xF7FF,0xFFFF,0xF7FF,
0xFFFF,0xF7BE,0x5AEA,0xCE9A,0xFFFF,0xF7FF,0xF7FF,0xFFFF,0xBC91,0x6A49,0xF36D,0xEB0C,
0xEB2C,0xE32C,0xE34C,0xD2CB,0x8325,0xFF35,0xF712,0xF733,0xF7BD,0xF79E,0xFF96,0xEF15,
0xF751,0xF732,0xF751,0xF732,0xF751,0xF732,0xFF51,0xF732,0xF751,0xF732,0xFF52,0xF732,
0xFF52,0xF732,0xF751,0xF732,0xF731,0xF731,0xFF95,0x9469,0xABD1,0xEDFB,0xED99,0xEDBA,
0xF5FA,0xEDDA,0xEDB9,0xEDBA,0xF5BA,0xED9A,0xEDBA,0xEDBA,0xEDBA,0xEDBA,0xEDBA,0xEDBA,
0xEDBA,0xEDBA,0xEDBA,0xEDBA,0xEDBA,0xED9A,0xED99,0xED9A,0xED99,0xED9A,0xED99,0xF5DB,
0xC3AF,0xAB2E,0xFBD0,0xFBB0,0xFBCF,0xF3B0,0xFBCF,0xF3B0,0xFBCF,0xF3B0,0xFBCF,0xF3B0,
0xFBCF,0xF3B0,0xFBCF,0xF3AF,0xFFFF,0xFFFE,0xFFFF,0xFFFE,0xFFFF,0xFFFE,0xFFFF,0xF79D,
0x73CD,0x9CD1,0xFFFF,0xFFFF,0xFFFF,0xFFFE,0xFFFF,0xFFFE,0xFFFF,0xFFFE,0xFFFF,0xFFFE,
0xFFFF,0xFFFE,0xFFFF,0xFFFE,0xFFFF,0xFFFE,0xFFFF,0xFFFF,0xFFFF,0x9CF2,0xB5B0,0x94AB,
0x8C4D,0x8C4C,0xF76F,0xFFAF,0xF76E,0xFF8E,0xFFCF,0xFFCE,0xDEAE,0xB588,0x8C6A,0x8C49,
0x842C,0x9CAE,0x632A,0x6329,0x9CCC,0x8C69,0xB5D6,0xFFFF,0xFFFF,0xFFFE,0xFFFF,0xFFFE,
0xFFFF,0xFFFF,0xF79D,0x7BCE,0x2041,0x1000,0x1800,0x2020,0x1800,0x1800,0x1800,0x1800,
0x1800,0x1800,0x1800,0x1800,0x3923,0x9C0D,0xD5B3,0xEE54,0xF676,0xFEB6,0xFE96,0xFE95,
0xF676,0xF675,0xF655,0xF655,0xF655,0xF654,0xEE54,0xF674,0xEE98,0x59E4,0x1000,0x1800,
0x1800,0x2000,0x1800,0x1800,0x1800,0x1800,0x1800,0x1800,0x1800,0x2020,0x1800,0x2020,
0x0800,0x30E3,0xDEFB,0xFFFF,0xFFFF,0xFFFE,0xFFFF,0xFFFE,0xFFFF,0xFFFF,0xD6DA,0x5AEA,
0xF7BE,0xFFFE,0xFFFF,0xFFFE,0xFFFF,0x736C,0xB1E7,0xE38D,0xEB0C,0xEB2B,0xE32C,0xE30B,
0x7AC5,0xFEF4,0xF712,0xFF12,0xF77D,0xFF9D,0xFF98,0xEF36,0xF731,0xFF51,0xF732,0xFF51,
0xF732,0xFF31,0xF732,0xFF31,0xF732,0xFF51,0xF732,0xFF31,0xF732,0xFF31,0xF732,0xFF31,
0xF731,0xFF31,0xFF75,0x9C48,0xABD2,0xF5FA,0xED99,0xED99,0xED99,0xF599,0xED9A,0xF5B9,
0xED9A,0xF5B9,0xED9A,0xEDB9,0xED9A,0xEDB9,0xED9A,0xEDB9,0xED9A,0xEDB9,0xED9A,0xEDB9,
0xED9A,0xF5B9,0xED99,0xF599,0xED99,0xF599,0xED9A,0xFDFA,0xBB90,0xB32D,0xFBD0,0xFBAF,
0xF3AF,0xFBAF,0xF3AF,0xFBAF,0xF3B0,0xFBAF,0xF3AF,0xFBAF,0xF3B0,0xFBCF,0xFBB0,0xFBAF,
0xFFFF,0xFFFF,0xFFFF,0xFFFF,0xFFFF,0xFFFF,0xFFFF,0x8C91,0xC62F,0x8C69,0x9D13,0xF7DF,
0xFFFF,0xFFFF,0xFFFF,0xF7FF,0xFFFF,0xF7FF,0xFFFF,0xF7FF,0xFFFF,0xF7FF,0xFFFF,0xF7FF,
0xFFFF,0xFFFF,0xEF7D,0xD6DC,0xDEFB,0xCEBB,0x5B06,0x844C,0xBDEA,0xFFD2,0xFFAE,0xF78E,
0xFFEF,0xEF6E,0xAD4C,0x73C7,0x73CE,0x9D13,0xCE79,0xE75D,0xF7BE,0xF7DF,0xFFFF,0xF7DF,
0xCE9A,0xCE7A,0xFFFF,0xFFFF,0xFFFE,0xF7FF,0xFFFF,0xFFFF,0xFFFF,0xB5D7,0x3924,0x0800,
0x1800,0x1801,0x1820,0x1801,0x1820,0x1800,0x1820,0x1800,0x1820,0x1800,0x1800,0x1800,
0x2040,0x3924,0xA42D,0xF6B7,0xF675,0xEE34,0xEE54,0xEE55,0xEE55,0xEE55,0xEE55,0xEE55,
0xEE54,0xEE55,0xEE54,0xFED7,0x730A,0x0800,0x1800,0x1801,0x1800,0x1800,0x1800,0x1800,
0x1800,0x1801,0x1820,0x1801,0x1820,0x1801,0x1820,0x1801,0x2020,0x0800,0x41E6,0xF7BE,
0xFFFF,0xF7FF,0xFFFF,0xF7FF,0xFFFE,0xF7FF,0xFFFF,0xA555,0x7C0F,0xFFFF,0xFFFF,0xF7FF,
0xFFFF,0xEFDF,0x8248,0x8AAA,0xFB6C,0xEB0C,0xE32C,0xE34D,0x7AA4,0xF694,0xFF32,0xF712,
0xF77C,0xF79D,0xFFB9,0xEF38,0xF751,0xF732,0xF751,0xF732,0xFF51,0xF732,0xFF51,0xF732,
0xFF51,0xF732,0xFF52,0xF732,0xFF52,0xF732,0xFF51,0xF732,0xFF51,0xF732,0xFF95,0xA4AB,
0xA3B1,0xEDFB,0xED99,0xED9A,0xEDB9,0xED9A,0xEDB9,0xED9A,0xEDB9,0xEDBA,0xEDB9,0xEDBA,
0xEDB9,0xEDBA,0xEDB9,0xEDBA,0xEDB9,0xEDBA,0xEDB9,0xEDBA,0xEDB9,0xED9A,0xF5B9,0xED9A,
0xED99,0xED9A,0xEDB9,0xF5FB,0xB34E,0xB34E,0xFBCF,0xF3AF,0xFBCF,0xF3B0,0xFBCF,0xF3B0,
0xFBCF,0xF3B0,0xFBCF,0xF3B0,0xFBCF,0xF3B0,0xFBCF,0xF3B0,0xF7DF,0xFFFE,0xF7DF,0xFFFE,
0xEF7D,0xBDF6,0x9CEF,0x840B,0xFFD0,0xFFAF,0x842A,0x8C4A,0x738C,0xA4F1,0xFFFF,0xFFFF,
0xFFFF,0xFFFE,0xFFFF,0xFFFE,0xFFFF,0xFFFE,0xFFFF,0xFFFF,0xC637,0x7C0E,0x8C6A,0xA50C,
0xAD6E,0x8409,0x7BEC,0x8C6D,0xFFF0,0xFF8E,0xFFCF,0xFFAE,0x9CED,0x6B66,0x9CF4,0xE75C,
0xFFFF,0xFFFF,0xFFFF,0xFFFF,0xFFFF,0xFFFE,0xFFFF,0xFFFE,0xFFFF,0xFFFF,0xFFFF,0xFFFE,
0xFFFF,0xFFFE,0xFFFF,0xFFFE,0x7B8E,0x1000,0x1000,0x2020,0x1800,0x2000,0x1800,0x2000,
0x1800,0x2000,0x1800,0x2000,0x1800,0x2000,0x1800,0x2000,0x1801,0x1800,0x0800,0x5A27,
0xE614,0xF696,0xEE35,0xF654,0xEE55,0xF655,0xEE55,0xF655,0xEE55,0xEE54,0xF6B7,0xB4AF,
0x1000,0x1800,0x1800,0x2000,0x1800,0x2000,0x1800,0x1800,0x1000,0x1800,0x1800,0x2020,
0x1800,0x2000,0x1800,0x2020,0x1800,0x2020,0x0000,0x9430,0xFFFF,0xFFFE,0xFFFF,0xFFFE,
0xFFFF,0xFFFE,0xFFFF,0xFFFF,0x738E,0xBDF6,0xFFFF,0xFFFF,0xFFFF,0xFFFF,0xFFFF,0x630B,
0xA9C7,0xE38D,0xEB0C,0xF34C,0x7A65,0xE5B1,0xFF32,0xF711,0xEF3A,0xFF9B,0xFF9B,0xF75A,
0xF731,0xFF51,0xF732,0xFF51,0xF732,0xFF31,0xF732,0xFF31,0xF732,0xFF31,0xF732,0xFF32,
0xF732,0xFF31,0xF732,0xFF31,0xF732,0xFF31,0xFF54,0xCDCD,0x9B50,0xF61A,0xED79,0xF599,
0xED99,0xEDB9,0xED9A,0xEDB9,0xED9A,0xEDB9,0xED9A,0xEDB9,0xED9A,0xEDB9,0xED9A,0xEDB9,
0xED9A,0xEDB9,0xED9A,0xEDB9,0xED9A,0xEDB9,0xED9A,0xF599,0xED99,0xF599,0xED99,0xF5FA,
0xA2CC,0xC3AF,0xFB8F,0xFBAF,0xFBB0,0xFBAF,0xFBB0,0xFBAF,0xFBB0,0xFBAF,0xFBAF,0xFBAF,
0xFBAF,0xFBAF,0xFBAF,0xFBCF,0xCF3C,0xC71C,0xCF1C,0xCF3E,0xBE14,0x52E9,0xD68B,0xEF6F,
0xFFAE,0xF78E,0xFFCF,0xFFF0,0x6BAB,0xA593,0xDF9E,0xD75E,0xDF7D,0xDF7D,0xDF9D,0xDF7D,
0xE79D,0xDF9E,0xEFDE,0xADD7,0x9466,0xE732,0xF790,0xB589,0xAD4E,0x6B47,0xBE17,0xB5D7,
0x94A6,0xFFF4,0xC60F,0x6B85,0x94F3,0xEF9E,0xFFFF,0xF7FF,0xFFFE,0xF7FF,0xFFFF,0xFFFF,
0xFFFF,0xFFFF,0xFFFF,0xFFFF,0xFFFF,0xFFFF,0xFFFF,0xFFFF,0xFFFF,0xFFFF,0xE73B,0x4208,
0x0800,0x1000,0x1820,0x1801,0x1800,0x1801,0x1800,0x1801,0x1820,0x1800,0x1820,0x1800,
0x1800,0x1800,0x1820,0x1801,0x1820,0x1801,0x1820,0x0800,0x3901,0xCD94,0xFEB6,0xEE35,
0xEE55,0xEE55,0xEE75,0xE655,0xEE74,0xEE75,0xE656,0x30E2,0x1000,0x1801,0x1800,0x1800,
0x2020,0x1800,0x1000,0x2882,0x4144,0x2041,0x1000,0x1801,0x1820,0x1800,0x1820,0x1801,
0x1820,0x1801,0x1000,0x3966,0xFFFE,0xFFFF,0xFFFF,0xF7FF,0xFFFF,0xFFFF,0xFFFF,0xFFFF,
0xE75C,0x5B0C,0xFFFE,0xD6BA,0x8C70,0x7BCF,0x94F2,0xDF3C,0x938D,0x59E7,0xEB0B,0xFB8D,
0x92C7,0xBC0D,0xFF92,0xEF11,0xEF37,0xFF9A,0xF79D,0xEF7D,0xF752,0xF732,0xF751,0xF732,
0xF751,0xF732,0xF751,0xF732,0xF731,0xF732,0xFF52,0xF732,0xFF52,0xF732,0xF751,0xF732,
0xFF51,0xF732,0xF753,0xDE91,0x932E,0xEE1A,0xED79,0xED7A,0xEDB9,0xED9A,0xEDB9,0xEDBA,
0xEDB9,0xEDBA,0xEDB9,0xEDBA,0xEDB9,0xEDBA,0xEDB9,0xEDBA,0xEDB9,0xEDBA,0xEDB9,0xEDBA,
0xEDB9,0xED9A,0xED99,0xED9A,0xF599,0xED9A,0xED99,0xEDDB,0xA24A,0xD411,0xFBAF,0xF38F,
0xFBAF,0xF3B0,0xFBAF,0xF3B0,0xFBAF,0xF3B0,0xFBAF,0xF3B0,0xFBAF,0xF3AF,0xFC31,0xCACC,
0xC6FC,0xC6FB,0xC6FC,0xC6FB,0xD73D,0x9534,0x8405,0xF772,0xF78D,0xFF8D,0xFFB2,0xBDA9,
0x7CB2,0xD75C,0xBEDC,0xC6FB,0xC6FC,0xC6FB,0xC6FC,0xC6FB,0xC6FC,0xC71C,0xD6F9,0x740D,
0xFF90,0xF74E,0x636B,0xA552,0xBE9B,0xC6BB,0x6B6D,0xDF1B,0x9CD1,0x52A7,0x636D,0xC699,
0xD77E,0xCF3C,0xC71C,0xCF3C,0xCF1C,0xD75C,0xCEBB,0xBE38,0xBE7A,0xDF5C,0xD75D,0xDF7C,
0xDF5D,0xDF7D,0xDF7D,0xDF7D,0xEFDF,0xBE58,0x28C3,0x0800,0x1800,0x2000,0x1800,0x2000,
0x1800,0x2000,0x1800,0x2020,0x1800,0x2000,0x1800,0x1800,0x1000,0x1800,0x1800,0x2020,
0x1800,0x2020,0x1800,0x2020,0x1000,0x2881,0xCD72,0xF6B6,0xEE35,0xF654,0xEE55,0xEE54,
0xEE55,0xFED6,0x8BAD,0x1000,0x1800,0x2000,0x1800,0x2000,0x1800,0x1800,0x7B09,0xE635,
0xF676,0xDDD3,0x49A6,0x1000,0x1800,0x2000,0x1800,0x2020,0x1800,0x2000,0x1800,0x2040,
0xDEFB,0xFFFF,0xFFFF,0xFFFE,0xFFFF,0xFFFE,0xFFDF,0xFFFF,0xFFFF,0x632B,0x41A6,0x838D,
0xC531,0xD5B3,0x9C70,0x62A8,0xF7DF,0xADB5,0x7986,0x9268,0xBB4B,0x9A66,0xFF53,0xF731,
0xEF15,0xFF76,0xF778,0xF737,0xF732,0xFF31,0xF732,0xFF51,0xF732,0xFF31,0xF732,0xFF31,
0xF732,0xFF51,0xF732,0xFF51,0xF732,0xFF31,0xF732,0xFF31,0xF732,0xFF31,0xF732,0xFF52,
0x82EC,0xE5D7,0xED7A,0xF579,0xED9A,0xED99,0xED9A,0xED99,0xED9A,0xF5B9,0xED9A,0xF5B9,
0xED9A,0xF5B9,0xED9A,0xF5B9,0xED9A,0xF5B9,0xED9A,0xF5B9,0xED9A,0xEDB9,0xED7A,0xF599,
0xED7A,0xF579,0xED9A,0xDD37,0xA229,0xEC30,0xFB8F,0xFBAF,0xF3AF,0xFBAF,0xFBAF,0xFBAF,
0xFBAF,0xFBAF,0xFBAF,0xFBAF,0xFBAF,0xFBF0,0xA32D,0x7A07,0xC71B,0xC6FC,0xC71B,0xC71C,
0xC71C,0xCF7F,0x950F,0x94EF,0xFFEF,0xF78D,0xFFF3,0x9CE8,0xA618,0xC71D,0xC71B,0xBF1C,
0xC71B,0xC6FC,0xC71B,0xC71C,0xC71C,0xC71C,0xD6F8,0x6BED,0xFFD3,0xB58A,0x84D2,0xDFBE,
0xC73C,0xC75E,0xCED9,0x4289,0x636B,0x8470,0xD77E,0xC71D,0xC71C,0xBEFC,0xC71C,0xC6FC,
0xCF3C,0xBEBB,0x6C70,0x7CF3,0x7491,0x7CD3,0xC73C,0xBEFC,0xC71B,0xBEFC,0xC71C,0xCF7E,
0xAD75,0x0882,0x1000,0x1800,0x1800,0x1800,0x1820,0x1800,0x1820,0x1800,0x1820,0x1800,
0x2020,0x1800,0x1000,0x28C3,0x51C6,0x30E3,0x1000,0x1801,0x1820,0x1801,0x1820,0x1800,
0x2020,0x1000,0x3901,0xDE37,0xF675,0xEE35,0xEE55,0xEE35,0xEE75,0xEE75,0x3903,0x1000,
0x1800,0x1801,0x1800,0x1800,0x1000,0x93CE,0xFED6,0xEE75,0xF654,0xF696,0xE636,0x30C1,
0x1000,0x1801,0x1820,0x1801,0x1820,0x1800,0x1800,0x2062,0xE73B,0xFFFF,0xFFFF,0xFFFF,
0xFFFF,0xFFFF,0xFFFF,0xEF9E,0x6AEA,0x6AEB,0x93CC,0x8B8C,0xFEB6,0xEE55,0xFF18,0x836A,
0xAD74,0xFFFF,0xEF9D,0x8C92,0x7268,0x38E3,0xD60F,0xF754,0xF731,0xF712,0xF731,0xF712,
0xF731,0xF732,0xF732,0xF732,0xF751,0xF732,0xFF51,0xF732,0xFF51,0xF732,0xFF51,0xF732,
0xFF51,0xF732,0xFF51,0xF732,0xF731,0xF732,0xF731,0xFF93,0x93AD,0xBCD2,0xF59A,0xED7A,
0xED99,0xED9A,0xEDB9,0xED9A,0xEDB9,0xEDBA,0xEDB9,0xEDBA,0xEDB9,0xEDBA,0xEDB9,0xEDBA,
0xEDB9,0xEDBA,0xEDB9,0xEDBA,0xEDB9,0xED9A,0xED99,0xED9A,0xF599,0xED7A,0xF61A,0xABD2,
0xBA49,0xF452,0xFBAF,0xFBAF,0xFBAF,0xF3B0,0xFBCF,0xF3AF,0xFBCF,0xF3AF,0xFBAF,0xFBD0,
0xF431,0xAA29,0x5ACB,0xEF7D,0xC6FB,0xC71B,0xC6FC,0xC71B,0xC6FC,0xCF3D,0xADB2,0x8CAD,
0xAD6E,0x7BE7,0x948B,0x8C6A,0x8D14,0xCF3B,0xBEFB,0xC71B,0xC6FC,0xC6FB,0xC6FC,0xCF1B,
0xC6FC,0xC6FB,0xD73B,0x7C4F,0xD66E,0xDEAE,0x63CE,0xDF9C,0xC73D,0xD7BE,0x8C8E,0x94CF,
0x6BAC,0xCEB7,0xC6FC,0xC6FC,0xC6FC,0xC6FB,0xC6FC,0xC6FB,0xCF1C,0xADF7,0x7574,0xBF9C,
0xB71C,0x7D13,0xC71C,0xC6FB,0xC6FC,0xC71B,0xD77D,0xA5B6,0x1821,0x1000,0x1800,0x2000,
0x1800,0x1800,0x1800,0x2000,0x1800,0x2020,0x1800,0x2000,0x1000,0x1800,0x8B6B,0xEE76,
0xFEB6,0xF655,0x72CB,0x1000,0x1800,0x2020,0x1800,0x2020,0x1801,0x2020,0x0800,0x72C9,
0xFEB7,0xEE54,0xEE55,0xF654,0xEE96,0xCD51,0x1800,0x1800,0x1800,0x2000,0x1000,0x1000,
0x9BEC,0xFED7,0xEE35,0xF654,0xF655,0xF674,0xF6B7,0xBCCF,0x1000,0x1800,0x1800,0x2020,
0x1800,0x2000,0x1000,0x30E3,0xE79D,0xEFBD,0xE79D,0xEF9D,0xE79D,0xEFDE,0xE71C,0x4A68,
0xA40D,0xFEB7,0xEE77,0x8B29,0xEE56,0xEE34,0xEEB7,0x8349,0xA555,0xF7DE,0xE79E,0xF7FF,
0xDF3D,0x94F3,0x7B67,0xFF76,0xF711,0xFF31,0xF712,0xFF31,0xF712,0xFF31,0xF732,0xFF31,
0xF732,0xFF31,0xF732,0xFF31,0xF732,0xFF31,0xF732,0xFF31,0xF732,0xFF31,0xF732,0xFF31,
0xF731,0xFF31,0xF711,0xFF71,0xCDB3,0x8BAA,0xFDBC,0xF57A,0xED7A,0xF599,0xED9A,0xED99,
0xED9A,0xEDB9,0xED9A,0xEDB9,0xED9A,0xEDB9,0xED9A,0xEDB9,0xED9A,0xEDB9,0xED9A,0xEDB9,
0xED9A,0xED99,0xED79,0xF599,0xED7A,0xF579,0xE619,0x82CC,0x71C6,0x92C9,0xFBB0,0xFBF0,
0xFBAF,0xFBAF,0xFBAF,0xFBAF,0xFBAF,0xFBEF,0xFBF1,0xE30D,0x6207,0x938C,0xF7BB,0xFFFC,
0xC6FB,0xBEFC,0xC71B,0xBF1C,0xC71B,0xC73D,0xADF6,0x4AEB,0x84F3,0xCF1D,0xA5B6,0x5B6D,
0xAE37,0xC71C,0xC71B,0xBF1C,0xC6FB,0xBEFC,0xC71B,0xC6FC,0xC71B,0xBEFC,0xCF3C,0xB67A,
0x8405,0xFFD5,0x9D0E,0x8CAD,0xC6DA,0x6C31,0x8C49,0xC631,0x5B8D,0xD75C,0xBEFB,0xBEFC,
0xC71B,0xBEFC,0xC6FB,0xBEFC,0xCF3C,0x9596,0x7574,0xB77D,0xAEB9,0x74F3,0xCF5C,0xBEFC,
0xBF1B,0xC77D,0xB5D6,0x08A2,0x1800,0x1800,0x1820,0x1801,0x1800,0x1801,0x1800,0x1800,
0x1820,0x1800,0x1820,0x1000,0x2060,0xACD2,0xFEF7,0xEE75,0xF654,0xF675,0xFEF8,0x6A67,
0x0800,0x1821,0x2020,0x1801,0x2020,0x1801,0x1800,0x2041,0xE614,0xEE76,0xEE54,0xEE54,
0xF6B7,0xAC6E,0x1000,0x1801,0x1800,0x1000,0x1800,0x940F,0xFED6,0xF676,0xF695,0xEE35,
0xE613,0xE614,0xF674,0xFF38,0x8BAC,0x0800,0x1800,0x1801,0x2020,0x1800,0x1820,0x4186,
0x8D34,0xCF3D,0xBEFB,0xBEFC,0xC71C,0xC71C,0x5247,0x9C90,0xFEB6,0xEE55,0xCD93,0x6AA8,
0xF695,0xEE55,0xEEB7,0x7B2A,0x8D14,0xCF3D,0xBEFB,0xBEFC,0xBEFC,0xCF7F,0x7BEB,0xAD92,
0xFF72,0xF711,0xF732,0xF712,0xF732,0xF732,0xF731,0xF732,0xF751,0xF732,0xF751,0xF732,
0xF751,0xF732,0xF751,0xF732,0xF751,0xF732,0xF751,0xF732,0xF731,0xF732,0xF731,0xF711,
0xFF56,0x6AC5,0xE559,0xED9B,0xED99,0xED7A,0xED99,0xED9A,0xEDBA,0xED9A,0xEDB9,0xED9A,
0xEDBA,0xED9A,0xEDBA,0xED9A,0xEDBA,0xED9A,0xEDBA,0xEDBA,0xEDBA,0xED9A,0xED99,0xED7A,
0xF57A,0xF59B,0xB4CF,0xA44E,0xEF91,0x7BE4,0x69A6,0x8AAA,0xDB4D,0xE38F,0xF3AF,0xEB6F,
0xD36E,0xB26B,0x6A45,0x72C8,0xC629,0xF7D0,0xFF6C,0xF72C,0xC6FB,0xC6FB,0xC6FB,0xC71B,
0xC6FC,0xC71B,0xC71C,0xCF3C,0xCF5D,0xC71B,0xCF3D,0xD75D,0xC71C,0xC6FB,0xC6FC,0xC6FB,
0xC6DB,0xC6FB,0xC6DB,0xC71B,0xC6FC,0xC6FB,0xBEFC,0xCF5D,0xA551,0x8C8D,0xFFB3,0xC5EB,
0x8C48,0xBDCD,0xEF75,0x6B24,0xB65A,0xCF1C,0xBEFC,0xC6FB,0xC6FC,0xC6FB,0xC6FC,0xC6FB,
0xCF1C,0xAE17,0x4BCE,0x9E37,0x8D55,0x8D74,0xCF3D,0xC6FB,0xCF3D,0xBEBA,0x28A3,0x1000,
0x1800,0x2000,0x1000,0x1800,0x1800,0x2000,0x1800,0x2020,0x1800,0x2000,0x1000,0x2020,
0xBCF0,0xFED7,0xEE35,0xF654,0xEE55,0xF654,0xF676,0xF675,0x4986,0x1000,0x1800,0x2020,
0x2000,0x2020,0x1800,0x2020,0xDDD3,0xF695,0xEE34,0xF654,0xEE76,0xDDB2,0x2021,0x1000,
0x0800,0x3903,0xBCF0,0xFF17,0xE615,0xA42C,0x6A88,0x6247,0x6289,0x6288,0x6247,0x836B,
0xDE15,0x9C0C,0x2062,0x1000,0x0800,0x2040,0x93CD,0xD5B3,0x42AA,0xDF3C,0xBEFC,0xC71B,
0xD73D,0x6BEF,0x8B6A,0xFED7,0xEE56,0xCD30,0x93CD,0x834B,0x72A8,0xDDF4,0xF676,0xE5F3,
0x52AA,0xAD54,0xC73D,0xC6FB,0xBEFC,0xC71C,0xCEBA,0x5B2B,0xEED1,0xFF52,0xF712,0xFF11,
0xF712,0xFF31,0xF731,0xFF31,0xF731,0xFF31,0xF732,0xFF31,0xF732,0xFF31,0xF732,0xFF31,
0xF732,0xFF31,0xF732,0xFF31,0xF731,0xFF31,0xF711,0xFF31,0xE6D4,0x5241,0x9B71,0xF61B,
0xED7A,0xF599,0xED79,0xF599,0xED9A,0xF5B9,0xED9A,0xED99,0xED9A,0xED99,0xED9A,0xF5B9,
0xED9A,0xF5B9,0xED9A,0xF5B9,0xED9A,0xED99,0xED7A,0xF599,0xED7A,0xF59A,0x7B45,0xEED2,
0xFF8C,0xFFCC,0xDEF0,0x83E4,0x5145,0x69C6,0x4963,0x6A67,0x7345,0x9469,0xCE6A,0xFFAE,
0xFF8D,0xFF6B,0xF74C,0xF74C,0xC6FB,0xBEFC,0xC71B,0xBF1C,0xC71B,0xBF1C,0xC71B,0xBEFC,
0xC71B,0xC71C,0xC71B,0xBEFC,0xC71B,0xBEFC,0xC71B,0xBEFC,0xC6FB,0xBEFC,0xC71B,0xBEFC,
0xC71B,0xC71C,0xC71C,0xBF1C,0xD77D,0xA5F8,0x8C69,0xB5D0,0xDEAE,0xBDAB,0x5B4A,0xA594,
0xCF5D,0xBF1D,0xBEDB,0xC73D,0xC71B,0xBEFC,0xC71B,0xBEFC,0xC71C,0xC73D,0xAE38,0x7CB2,
0x7C91,0xBEBA,0xC73C,0xBF1C,0xDF3C,0x3208,0x1000,0x1800,0x1800,0x1000,0x4185,0x4165,
0x1800,0x1801,0x1820,0x1801,0x2020,0x1800,0x1000,0xA470,0xFED7,0xEE35,0xF674,0xF696,
0xFEB6,0xF676,0xEE34,0xE634,0xDE15,0x6267,0x2041,0x1000,0x1000,0x1000,0x0800,0x628A,
0xF696,0xEE55,0xEE54,0xEE55,0xEE54,0xF696,0xBCF1,0x6AA8,0x9C0C,0xE656,0xFF18,0xAC6E,
0x5206,0x7B4C,0xCD51,0xE635,0xF675,0xEE76,0xE635,0xAC6F,0x5A26,0xACB1,0xEE55,0xAC6E,
0xA42D,0xD5D4,0xFE96,0xF676,0x4A89,0xBE38,0xC73C,0xBF1C,0xD6FA,0x3208,0xE614,0xEE56,
0xEE55,0xEE35,0xFE75,0xFEB7,0xC532,0x6A67,0xEE34,0xF676,0xD616,0x5227,0xC73C,0xBEFC,
0xBF1B,0xBEFC,0xCF5D,0x9DB7,0x7B66,0xF756,0xFF31,0xF712,0xF731,0xF712,0xF731,0xF732,
0xF731,0xF732,0xF731,0xF732,0xFF51,0xF732,0xF731,0xF732,0xF731,0xF732,0xF731,0xF732,
0xF731,0xF732,0xF731,0xFF94,0x9468,0xB58D,0x8B6B,0xBD13,0xFDBB,0xED7A,0xED99,0xED7A,
0xED99,0xED9A,0xEDB9,0xEDBA,0xEDB9,0xEDBA,0xEDB9,0xEDBA,0xEDB9,0xEDBA,0xEDB9,0xEDBA,
0xED99,0xED9A,0xF599,0xED7A,0xF61A,0x9B71,0xB547,0xFF90,0xFF6B,0xF74B,0xFF92,0x8BE4,
0xB2AB,0xBAED,0x6280,0xF713,0xFFCC,0xFFCC,0xFF8C,0xF76C,0xF76C,0xF76C,0xF76C,0xF74D,
0xC6DB,0xC6FB,0xC6FB,0xC71B,0xC6FC,0xC71B,0xC6FC,0xC71B,0xC6FC,0xC71B,0xC6FC,0xC6FB,
0xC6FC,0xC6FB,0xC6FC,0xC6FB,0xC6FC,0xC6FB,0xC6FC,0xC6FB,0xC6FC,0xC6FB,0xBEFC,0xC6FB,
0xCF3D,0x9554,0x8CD3,0x9D34,0x9534,0x9534,0xB6BB,0xCF3C,0xCF3B,0x9DB5,0x6BAC,0x9D32,
0xCF5D,0xC6FB,0xC6FC,0xC6FB,0xC6FC,0xC71B,0xC71D,0xCF5D,0xCF5D,0xC73C,0xBEFC,0xD79E,
0x736D,0x0000,0x1800,0x2000,0x1800,0x2860,0xDE36,0x6246,0x0800,0x2020,0x1800,0x2000,
0x1000,0x1000,0x93EC,0xF6F7,0xEE55,0xFEB6,0xE635,0xB4AE,0x832B,0x72A8,0x6A68,0x6A67,
0x6289,0x72E9,0x51E7,0x51C5,0x51E6,0x5A26,0xA44E,0xF696,0xEE55,0xEE54,0xEE55,0xEE54,
0xEE55,0xF654,0xF696,0xFEB6,0xFEB6,0xFE95,0x7B0A,0x6A87,0xDDD3,0xFEB6,0xF655,0xF654,
0xEE55,0xEE54,0xEE55,0xFEB5,0xE656,0x6A66,0xAC6E,0xFEF7,0xFE76,0xF654,0xEE14,0xFE96,
0x6B6D,0xAD33,0xC73D,0xBF1B,0xD73C,0x4ACA,0xBCD0,0xFE96,0xEE35,0xF654,0xEE34,0xF654,
0xFED8,0xBCAF,0x8B6B,0xF696,0xEE97,0x72C7,0xA5D7,0xCF1C,0xBEFB,0xC71B,0xBEFC,0xD77D,
0x94B0,0x7BEC,0xFF73,0xFF31,0xF711,0xFF31,0xF732,0xFF31,0xF732,0xFF31,0xF732,0xFF31,
0xF732,0xFF31,0xF732,0xFF31,0xF732,0xFF31,0xF732,0xFF31,0xF711,0xFF31,0xFF54,0xDE6F,
0x7362,0xFFB2,0xBD6F,0x5201,0xED7B,0xF59B,0xED7A,0xF599,0xED7A,0xF599,0xED9A,0xF5B9,
0xED9A,0xF5B9,0xED9A,0xF5B9,0xED9A,0xF5B9,0xED9A,0xED99,0xED79,0xF599,0xED7A,0xFDDB,
0xAC8F,0x93CC,0xFFAD,0xF76C,0xF74C,0xFF6C,0xF76E,0xE6EB,0x8C49,0x83E7,0xAD27,0xF74F,
0xF76C,0xFF6B,0xF74C,0xFF6C,0xF74C,0xFF6C,0xF74C,0xF74C,0xC6FB,0xBEFC,0xC71B,0xC71C,
0xC71B,0xBF1C,0xC71B,0xC6FC,0xC71B,0xBEFC,0xC71B,0xBEFC,0xC6FB,0xBEFC,0xC71B,0xC6FC,
0xC71B,0xBEFC,0xC71B,0xBEFC,0xC71B,0xBEFC,0xC71B,0xC73D,0xA6D8,0x22E9,0x23A8,0x1B68,
0x63EE,0xC6FB,0xC73C,0xBF1C,0xCF18,0x6C0D,0xF794,0x7BE6,0x9DD7,0xD79E,0xCF5D,0xC73D,
0xC71B,0xBF1C,0xC71C,0xBEFC,0xC71C,0xBEFC,0xD77D,0x9DD7,0x1000,0x1000,0x1800,0x1800,
0x1000,0x51C6,0xFF18,0xC531,0x28A2,0x0800,0x1000,0x0800,0x2060,0x9C2F,0xFED6,0xF696,
0xDE15,0x8BAC,0x6288,0x838C,0xC510,0xDDF5,0xEE55,0xEE76,0xF675,0xE614,0xBD12,0x6AC9,
0x834A,0xEED8,0xFED6,0xEE34,0xEE54,0xEE55,0xEE54,0xEE55,0xEE74,0xEE55,0xEE54,0xEE55,
0xF6B7,0x72C8,0x8B6A,0xF6B8,0xF675,0xEE55,0xEE55,0xEE55,0xEE75,0xEE55,0xEE54,0xEE35,
0xF675,0xEE55,0x5A05,0xCDD4,0xF675,0xEE35,0xEE54,0xF696,0x842F,0x9CF2,0xC75D,0xBF1C,
0xCF3C,0xAE19,0x5205,0xD616,0xF695,0xEE35,0xF675,0xC551,0xB4B0,0xA42E,0x8B6A,0xEE97,
0xF675,0xD593,0x52EA,0xCEBA,0xBF1B,0xBF1C,0xBF1C,0xBEFC,0xD77D,0x7CB3,0x83E7,0xF755,
0xFF51,0xF711,0xF731,0xF732,0xF731,0xF732,0xF731,0xF732,0xF731,0xF732,0xF731,0xF732,
0xF731,0xF732,0xF731,0xF712,0xF731,0xF752,0xEF34,0x6B25,0xDE8B,0xFF8F,0xEF31,0x7383,
0x8B0E,0xDDB9,0xFDBB,0xED7A,0xED9A,0xED9A,0xEDB9,0xED9A,0xEDB9,0xED9A,0xEDB9,0xED9A,
0xEDB9,0xED9A,0xED99,0xED9A,0xF599,0xED7A,0xF61B,0xBC55,0x7BA3,0xEF52,0xFF6C,0xF74C,
0xF74C,0xF74D,0xF74C,0xFFAE,0xB567,0xE70F,0xFFCD,0xF76C,0xF76C,0xF74D,0xF76C,0xF74D,
0xF76C,0xF76D,0xF76C,0xF74D,0xC6DB,0xC6FB,0xC6FC,0xC6FB,0xC6FC,0xC6FB,0xC6FC,0xC6FB,
0xBEFB,0xC6FB,0xBEFC,0xC71B,0xC73D,0xCF3C,0xC6FC,0xC6FB,0xC6FB,0xC71B,0xC6FC,0xC6FB,
0xC6FC,0xC6FB,0xC6DC,0xD77D,0x346C,0x342B,0x0DCD,0x15CC,0x22A8,0xA6B7,0xC73E,0xD79E,
0xADB2,0x94EE,0xFFF1,0xF76E,0x6B8B,0x7BEC,0x63AE,0x9513,0xC71C,0xC6FB,0xC6FC,0xC71B,
0xC71C,0xC71C,0xDF1C,0x31C6,0x1000,0x2000,0x1800,0x2000,0x1000,0x7B0A,0xFEB6,0xFE95,
0xDDF5,0xA3EC,0x7B0A,0x9BED,0xDDD3,0xFEB6,0xF696,0xAC4D,0x6267,0xA44F,0xEE35,0xFEB6,
0xF676,0xF654,0xEE55,0xF654,0xEE35,0xF655,0xF696,0xFEB6,0x8B8C,0x6267,0xF676,0xEE55,
0xEE35,0xEE54,0xEE35,0xEE54,0xEE55,0xEE54,0xEE55,0xFEB6,0x8BAC,0x8B6B,0xFEB7,0xF655,
0xEE55,0xEE54,0xEE55,0xEE54,0xEE55,0xEE74,0xEE55,0xEE54,0xEE34,0xFEB6,0xA46F,0x8329,
0xF697,0xEE34,0xEE35,0xFE96,0x7BEE,0xA4F2,0xC73D,0xC71B,0xBEFC,0xCF7D,0xA534,0x4A48,
0xCD31,0xFEB6,0xCD93,0x6A87,0xA42E,0xAC2D,0xEE15,0xF655,0xEE34,0xFED6,0x636C,0xC637,
0xC71C,0xC71B,0xBEFC,0xC71B,0xBEFC,0xD77D,0x9D12,0x636B,0xE690,0xFF93,0xF711,0xFF11,
0xF711,0xFF31,0xF711,0xFF31,0xF711,0xFF31,0xF711,0xFF31,0xF711,0xFF31,0xF711,0xFF31,
0xFF53,0xFF52,0x7BA6,0xBDAD,0xFF8D,0xFF4B,0xF790,0xAD05,0xB52F,0x7B88,0xDCF8,0xFDDB,
0xED7A,0xF599,0xED9A,0xF5B9,0xED9A,0xEDB9,0xED9A,0xED99,0xED9A,0xED99,0xED79,0xF599,
0xF59B,0xFDDB,0xA42E,0x8B6B,0xF74C,0xFF8C,0xF74C,0xF74C,0xF74C,0xFF6B,0xF74D,0xF72C,
0x9464,0xF770,0xF74C,0xFF6B,0xF74C,0xFF6C,0xF74C,0xFF6C,0xF74C,0xFF6C,0xF74C,0xFF6C,
0xC6FB,0xBEFC,0xC6FB,0xBEFC,0xC6FB,0xBEFC,0xC6FB,0xBEFC,0xC71B,0xBEFC,0xBF1B,0xCF7D,
0x8513,0x7491,0xC71B,0xC71C,0xBF1B,0xBEFC,0xC6FB,0xBEFC,0xC6FB,0xBEFC,0xCF3C,0xAE39,
0x0366,0x2D2D,0x0D8C,0x0D8C,0x2AE9,0xAF1A,0xA5F8,0x8D36,0x6B86,0xCE93,0xFFAE,0xF7AF,
0xEF4E,0xD68C,0xDEF2,0x6344,0xB69A,0xBEFC,0xC71B,0xBEFC,0xC71C,0xCF9E,0x9471,0x0000,
0x2000,0x1800,0x1800,0x1801,0x1000,0x93EF,0xFEB6,0xEE35,0xF675,0xF6B6,0xFEB6,0xF696,
0xF696,0xE635,0x7B2A,0x836C,0xEE55,0xF6B7,0xEE55,0xEE35,0xEE55,0xEE55,0xEE75,0xEE55,
0xEE75,0xEE55,0xEE54,0xEE55,0xFEF8,0x7B09,0x93CB,0xEEB7,0xEE54,0xEE55,0xEE54,0xEE55,
0xEE74,0xEE55,0xF696,0xCD72,0x7AE8,0xEEB8,0xEE55,0xEE35,0xEE54,0xEE55,0xEE55,0xEE55,
0xEE75,0xE655,0xEE55,0xEE55,0xEE54,0xEE55,0xE656,0x5A26,0xEE55,0xEE56,0xEE54,0xF6B7,
0x6B4B,0xAD75,0xC73C,0xBEFC,0xBF1C,0xC73D,0xDFBE,0x9597,0x41A4,0x8BEE,0xE655,0x8B8B,
0x93AC,0x8B8C,0xBCAF,0xEE76,0xF695,0xD5D3,0x4AEA,0xCEFB,0xC71B,0xBEFC,0xC71B,0xBEFC,
0xC71C,0xBEFC,0xD77D,0xAE39,0x6B48,0x94CF,0xFF31,0xFF73,0xFF32,0xF712,0xFF31,0xF732,
0xF731,0xF732,0xF731,0xF712,0xF731,0xF712,0xFF51,0xFF73,0xD672,0x5AA4,0xBDA8,0xFFD2,
0xF74B,0xF74C,0xFF8F,0xCE0A,0xAD27,0xE730,0x8B6C,0xA42F,0xF59A,0xF5BC,0xF5BA,0xED9A,
0xED99,0xED9A,0xED99,0xED7A,0xED99,0xED9A,0xF5BA,0xF5DB,0xD557,0x7A8D,0x9464,0xF791,
0xFF6C,0xF74C,0xF74C,0xF74D,0xF76C,0xF74C,0xFF8F,0xCE2A,0xA4E5,0xF7B1,0xF76C,0xF76C,
0xF76C,0xF76D,0xFF6C,0xF76D,0xF76C,0xF76D,0xF76C,0xF74D,0xC6DB,0xC6FB,0xC6FC,0xC6FB,
0xC71C,0xCF5C,0xC71C,0xC6FB,0xBEFB,0xC71B,0xCF7D,0x8D33,0x0BA8,0x2C6A,0x4BAD,0xC73B,
0xC71C,0xC6FB,0xBEFB,0xC6FB,0xC6FC,0xC6FB,0xD77D,0x5BAD,0x0489,0x258C,0x156C,0x154B,
0x4B4B,0x746F,0x7345,0xBDAD,0xDEAC,0xFFAF,0xF76E,0xF78E,0xF78E,0xFFEF,0xB5B0,0x8C6A,
0xCF3D,0xC6FC,0xC6FC,0xC71B,0xC71C,0xCF1C,0x28E3,0x1000,0x1800,0x2000,0x1800,0x2000,
0x1000,0xB4B0,0xF696,0xF654,0xEE35,0xF654,0xEE34,0xF675,0xDDF5,0x72A7,0xB4B0,0xFEB7,
0xEE55,0xF654,0xEE55,0xF655,0xEE55,0xF655,0xEE55,0xF654,0xEE35,0xEE54,0xEE55,0xF654,
0xEE56,0xEE34,0x51C5,0xE636,0xEE55,0xEE54,0xEE55,0xF654,0xEE54,0xF654,0xEE97,0x8B69,
0xDDB3,0xEE75,0xEE55,0xF675,0xF696,0xFE95,0xF676,0xF675,0xEE55,0xEE54,0xEE55,0xEE54,
0xEE34,0xEE34,0xEE97,0x6A86,0xCD52,0xF676,0xEE35,0xF675,0x4A89,0xC678,0xBEFC,0xC71C,
0xCF5D,0xAE58,0x5B8F,0x6BCF,0x73AF,0x18E4,0xE614,0xFE95,0xEE35,0xEE14,0x6A67,0xEE76,
0xDE56,0x6266,0x9DB7,0xCF3C,0xC6FC,0xC6FB,0xC6FC,0xC6FB,0xC6FC,0xC6FB,0xC6FC,0xCF5C,
0xD6FC,0x9D34,0x7389,0xA4EE,0xE6AF,0xFF71,0xFF72,0xFF71,0xFF52,0xFF51,0xFF52,0xFF71,
0xFF72,0xFF71,0xD651,0x9C69,0x5265,0x9C8D,0x83E6,0xCE2E,0xFF6C,0xF74B,0xF74D,0xF76D,
0x83E2,0xF74F,0xF76F,0xBD66,0x8B4D,0xB471,0xE519,0xF5BA,0xF5BB,0xFDDA,0xF5BB,0xFDDA,
0xF5BB,0xED79,0xC4B5,0x936F,0x8C08,0x9469,0xD64A,0xFF8E,0xF74C,0xF74B,0xF74C,0xF76B,
0xF74C,0xFF6B,0xFF91,0xA4E5,0xC5E9,0xFF8F,0xF74C,0xFF6B,0xF74C,0xFF6C,0xF74C,0xFF6C,
0xF74C,0xFF6C,0xF74C,0xF76C,0xC6FB,0xBEFC,0xC6FB,0xC73D,0x9DB5,0x7CB2,0xB679,0xCF5D,
0xCF5C,0xC75D,0x9656,0x22C8,0x15CC,0x15CD,0x340A,0x344C,0xCF5D,0xC6FC,0xBF1B,0xBEFC,
0xC6FB,0xC73D,0xA6B7,0x1A88,0x15CC,0x0D8C,0x1D8C,0x04EA,0x538D,0xC73D,0x7385,0xDEF3,
0xFFEF,0xF78E,0xF78E,0xF76E,0xFFB1,0xC60B,0x6BEE,0xCF1B,0xC71C,0xBEFC,0xC71C,0xBEFC,
0xDF7D,0x7CB2,0x0800,0x1000,0x1800,0x1800,0x1800,0x1800,0x1800,0xBD53,0xF695,0xEE35,
0xEE54,0xEE55,0xF695,0xDDF4,0x6AA8,0xC553,0xFEB6,0xEE55,0xEE75,0xEE55,0xEE55,0xEE55,
0xF675,0xF696,0xFED6,0xF6B7,0xFEB6,0xFEB7,0xFEB6,0xEE55,0xEE34,0xF697,0x7B09,0xB4D1,
0xF695,0xEE35,0xEE55,0xEE55,0xEE54,0xEE75,0xD593,0xA44E,0xFEB6,0xF696,0xEE75,0xCD72,
0xAC8F,0xA44E,0xBCEF,0xD5D4,0xFEB6,0xF696,0xEE54,0xEE35,0xEE54,0xEE35,0xF6D7,0x7B09,
0xBCCF,0xEE97,0xF675,0xCD72,0x4AEB,0xD73D,0xCF7D,0xB6FC,0x6BCF,0x3A6A,0x6D17,0x967D,
0x7C30,0x8CB3,0xFE95,0xF675,0xF655,0xEE35,0x72A7,0xCD94,0x5AEA,0x9D13,0xCF7D,0xBEFC,
0xC71B,0xBEFC,0xC6FB,0xC6FC,0xC6FB,0xC6FC,0xC71B,0xC6FC,0xDF5C,0xFFFF,0xF7BE,0xADB6,
0x842D,0x840D,0xA4EB,0xBD8E,0xCE2F,0xCE30,0xCE2F,0xBDAE,0xA4EC,0x840A,0x8C26,0xCE2F,
0xB54D,0x9CAB,0x7BA5,0xCE2F,0xFF8C,0xF76C,0xF76C,0xFFAE,0xA4C7,0xB58A,0xFFAC,0xFF8D,
0xF770,0x8C24,0x940B,0x8BCB,0xA3F0,0xA411,0xA3F1,0x9BB1,0x838B,0x838C,0xA4C6,0xD66D,
0xFFF0,0xAD67,0xCE09,0xF76F,0xF76C,0xF76C,0xF76C,0xF76D,0xFF6C,0xF74C,0xF791,0x7BE3,
0xEF2C,0xEF6E,0xF76C,0xF76C,0xF76C,0xF76D,0xF76C,0xF76D,0xF76C,0xF76D,0xF76C,0xF74D,
0xC6DB,0xC6FB,0xC6FB,0xC6FB,0x1C0A,0x2429,0x22A8,0x4BCB,0xAD97,0xCEBA,0x0B67,0x34AB,
0x0DAB,0x0DAB,0x2D6D,0x0447,0x7492,0xD75C,0xBEFB,0xC6FB,0xC6DB,0xDF7D,0x3C4C,0x2BC9,
0x0DCC,0x0DAB,0x1D6C,0x0488,0x5BEF,0xDFDE,0xBE58,0x5B2B,0xD66C,0xFFB0,0xF76E,0xFF8D,
0xF791,0xC5EA,0x84D3,0xD75C,0xBEDC,0xC6FC,0xC6FC,0xC71C,0xDF3C,0x31C6,0x1000,0x2000,
0x1800,0x2000,0x1800,0x1800,0x2040,0xDDF5,0xEE55,0xEE34,0xEE34,0xF654,0xE656,0x7AE8,
0xCD52,0xF6B7,0xEE55,0xEE74,0xEE55,0xEE54,0xEE55,0xFEB6,0xEE56,0xC510,0x8B8C,0x6A87,
0x6227,0x7AE9,0xA42D,0xDDD3,0xF696,0xFEB6,0x93ED,0x8B8B,0xF6B6,0xEE54,0xEE35,0xEE54,
0xEE55,0xF675,0xCD31,0xEE55,0xE656,0x8B8A,0x3903,0x1800,0x1000,0x1800,0x1000,0x2041,
0x51E5,0xBD11,0xFEB6,0xEE54,0xEE54,0xEE54,0xEE96,0xAC4D,0xC531,0xF675,0xF6B8,0x8B8A,
0x84F4,0xDFBE,0x8492,0x3A08,0x53F2,0x9E3A,0x8E3C,0x8E5C,0x4A07,0xBDB4,0xE614,0xB46D,
0xEE14,0xFEF7,0xACD1,0x3101,0x9596,0xD75D,0xBEFC,0xC71B,0xC6FC,0xC6FB,0xC6DB,0xCEFB,
0xC6FC,0xCEFB,0xC6FC,0xCEFB,0xE77D,0xFFFF,0xFFFF,0xFFFF,0xFFFF,0xEF7C,0xC659,0xAD75,
0x94AB,0x9469,0x9CA8,0xB56A,0x7383,0xCE4D,0xFFAD,0xFFAD,0xCE2D,0x9C86,0xAD49,0xDE8D,
0xFF6D,0xFF6B,0xF74C,0xFF6C,0xD68E,0x83E3,0xFF8E,0xFF4C,0xFFB0,0xAD26,0xD66A,0xF78E,
0xE70E,0xB567,0x936F,0xB473,0x7362,0xFFB2,0xFFAC,0xFF8A,0xFF91,0x9CA4,0xCE09,0xFF6E,
0xF74C,0xFF6C,0xF74C,0xFF6C,0xF74C,0xFF8C,0xD6AF,0x8403,0xFFAE,0xF76C,0xF74C,0xFF6C,
0xF76C,0xFF6C,0xF76C,0xFF6C,0xF76C,0xFF6C,0xF74C,0xFF4C,0xC6FB,0xBEFC,0xCF5C,0x8D55,
0x0468,0x258D,0x1DAC,0x04EA,0x2368,0x1B28,0x0CC9,0x1D6D,0x0DCB,0x0DCC,0x0DEC,0x160D,
0x2B49,0x8E76,0xC73C,0xBEDC,0xCF1C,0xB67A,0x0325,0x350D,0x0DCB,0x05AB,0x256C,0x0428,
0x7CD2,0xCF5D,0xD77D,0x8D56,0xA507,0xFFF3,0xFFAE,0xE6EC,0xFFCF,0xF78F,0x6C0D,0xCF1A,
0xBEFC,0xBEFC,0xC71B,0xC75D,0xB5B6,0x0020,0x1800,0x1800,0x1800,0x1800,0x1820,0x1000,
0x38E1,0xE657,0xEE55,0xEE35,0xEE54,0xF696,0x93CC,0xB4F1,0xFEB6,0xEE55,0xEE75,0xEE55,
0xEE54,0xF676,0xF6B7,0x93EC,0x3103,0x1000,0x1000,0x1000,0x1000,0x0800,0x1000,0x1841,
0x6A87,0xD5F5,0xDDF4,0xC511,0xF675,0xE655,0xEE55,0xEE55,0xEE55,0xEE55,0xF6B6,0xBD11,
0x30E2,0x0800,0x1800,0x1800,0x1800,0x1800,0x1800,0x1800,0x1000,0x1000,0x8BAB,0xF6D8,
0xEE54,0xEE55,0xEE54,0xEE76,0xF675,0xEE55,0xDE76,0x5A67,0xADB6,0x3A6A,0x32CC,0x8D98,
0x967D,0x863C,0x85FA,0x6D17,0x8D35,0x2A4B,0x3A07,0x4229,0x49E5,0x7BAD,0x5AEA,0x6B6D,
0xCF7D,0xBEFC,0xC6FB,0xBEFC,0xC6FB,0xBEFC,0xC6FB,0xC6FC,0xC6FB,0xC6FC,0xC6FB,0xC6FB,
0xF7DE,0xF7FF,0xFFFF,0xF7FF,0xFFFF,0xFFFF,0xFFFE,0xFFFF,0xFFAD,0xFF8E,0xFFAC,0xFFAC,
0xE6CE,0x8404,0xFF8D,0xF76D,0xFF8C,0xFFCE,0xEF0F,0x9465,0xFF8D,0xF74D,0xF76B,0xF74C,
0xFF91,0x7BC3,0xDEAA,0xF76E,0xFF8F,0xC609,0xA4E5,0xFFB0,0xFFB1,0x9465,0xCCB6,0xE59A,
0x5A81,0xE6D3,0xFF8B,0xF74B,0xFFB1,0x8C44,0xD64A,0xF76F,0xF76C,0xF76C,0xF76C,0xF76C,
0xF76C,0xFFAE,0xAD49,0x9CE8,0xFFCE,0xF74D,0xF76C,0xF76D,0xF76C,0xF76D,0xF76C,0xF76D,
0xF76C,0xF76D,0xF76C,0xF74D,0xC6DC,0xC6FB,0xCF7C,0x53AD,0x0CEA,0x1D6B,0x0D8B,0x15AB,
0x15ED,0x15EC,0x15CD,0x0D6B,0x0C89,0x0427,0x0B87,0x1387,0x1A87,0x438A,0xCF5E,0xC6DB,
0xD77D,0x63EF,0x0448,0x256C,0x0DAB,0x0DAB,0x2D4D,0x03C6,0x9596,0xCF3C,0xCF1C,0x9575,
0xBDEB,0xEF50,0x7BEB,0x8C8D,0x948A,0xB58D,0x6BEE,0xD71A,0xBEFC,0xC6FC,0xC6FC,0xD79E,
0x7B6E,0x0000,0x1800,0x2000,0x1800,0x2000,0x1800,0x1800,0x4143,0xEE97,0xEE35,0xF634,
0xEE76,0xCD31,0x9C0D,0xFED7,0xEE35,0xF654,0xEE55,0xF654,0xF696,0xE613,0x49C6,0x0800,
0x1000,0x2020,0x1800,0x2020,0x1800,0x2000,0x1800,0x1800,0x0800,0x3081,0xCD51,0xFED7,
0xEE34,0xEE54,0xEE55,0xF654,0xEE35,0xFEB5,0xBD12,0x2040,0x1000,0x2020,0x1800,0x2000,
0x1800,0x2000,0x1800,0x2000,0x1801,0x1800,0x0800,0xA42F,0xFEB6,0xEE54,0xEE35,0xF654,
0xEE55,0xF675,0xCDF5,0x3922,0x328C,0x84F5,0x969D,0x8E3B,0x85FB,0x8E1B,0x434F,0x6C73,
0x6CF7,0x85B9,0x8D99,0x6453,0x9535,0xADD7,0xCEFC,0x8CF3,0x9596,0xCF3C,0xBEFC,0xC71B,
0xC6DC,0xC6FB,0xC6FC,0xCEFB,0xC6FC,0xCF1B,0xC6DB,0xCF1B,0xFFFF,0xFFFE,0xFFFF,0xFFFE,
0xFFFF,0xFFFF,0xFFFD,0xFFBB,0xF72C,0xF74B,0xF74B,0xFF4B,0xFF90,0xBD67,0x9CA5,0xFFB0,
0xFF4C,0xFF4B,0xFF91,0xAD06,0xBD88,0xFF8F,0xF74C,0xFF6B,0xFF90,0xB567,0x9C84,0xFFB0,
0xF76D,0xEF2C,0x8C43,0xFF90,0xFF90,0xB547,0x62A8,0x62A7,0xA4A6,0xF730,0xF74B,0xFF4B,
0xF791,0x8C23,0xD66B,0xF76E,0xF74C,0xFF6C,0xF74C,0xFF6C,0xF74D,0xFFCE,0x7BC4,0xCE4D,
0xFF8D,0xFF6C,0xF74C,0xFF6C,0xF74C,0xFF6C,0xF76C,0xFF6C,0xF74C,0xFF6C,0xF74C,0xFF6C,
0xC6FB,0xC6FC,0xBF3A,0x2AC9,0x0D8B,0x0D8C,0x15CC,0x056B,0x1408,0x0366,0x19E4,0x3288,
0x7C0F,0x94B2,0xB5B6,0x4248,0x1944,0x740F,0xD79D,0xBF1C,0xB6F9,0x1A68,0x15AB,0x0D8C,
0x0DAB,0x05AB,0x354D,0x0366,0xAE38,0xC71C,0xCF3B,0xA5F7,0x6349,0x6BCB,0xA618,0xCF7E,
0xBE7A,0x8D15,0xBE9A,0xC71C,0xC71C,0xBEFC,0xC71B,0xCF5D,0x41A6,0x0800,0x1820,0x1800,
0x1800,0x1800,0x1820,0x1000,0x51C4,0xEEB8,0xEE54,0xEE55,0xEE76,0x9BEC,0xEE55,0xEE76,
0xEE55,0xEE55,0xEE75,0xF676,0xE636,0x3922,0x0800,0x1800,0x1820,0x1800,0x1820,0x1800,
0x1820,0x1800,0x1820,0x1800,0x2020,0x1000,0x28A0,0xD5D5,0xF675,0xEE55,0xEE54,0xEE55,
0xEE75,0xE635,0x3903,0x1000,0x1800,0x1800,0x1800,0x1000,0x1800,0x1820,0x1000,0x1000,
0x2020,0x1801,0x1000,0x28A3,0xEE55,0xEE76,0xEE54,0xEE55,0xEE54,0xEE55,0xEE97,0x834A,
0x538F,0x6C93,0x7578,0x8E3C,0x967C,0x85FB,0x8DD9,0x7538,0x4BD1,0x961B,0x9DF9,0x32CE,
0xC6FB,0xC73D,0xCF3C,0xA618,0x6C2F,0xCF5D,0xBEFB,0xBEFC,0xC6FB,0xBEFC,0xC6FB,0xBEFC,
0xC71B,0xC71C,0xC6FB,0xD77D,0xFFFF,0xF7FF,0xFFFE,0xF7FF,0xFFFF,0xF7FF,0xFFFB,0xEF99,
0xF74B,0xF74C,0xF76C,0xF74C,0xF76D,0xFFAE,0x83E4,0xBDED,0xFFAD,0xF74C,0xF76E,0xEF2E,
0x83E2,0xEF30,0xFF8B,0xF76C,0xF76E,0xEF2E,0x7361,0xEF51,0xF78C,0xFFAE,0x8C44,0xDECF,
0xFF8C,0xFFAD,0xDECD,0x9485,0xFFEE,0xF74D,0xF76B,0xF74C,0xF7B1,0x83E3,0xDEAB,0xF76E,
0xF76C,0xF76C,0xF76C,0xF76C,0xF76E,0xEF2D,0x6B41,0xE751,0xF76C,0xF76C,0xF76C,0xF76D,
0xF76C,0xF76D,0xF76C,0xF76D,0xF76C,0xF76D,0xFF6C,0xF76D,0xC6DC,0xCF1C,0x9E97,0x2AE8,
0x1DCD,0x0D4A,0x22C7,0x22C6,0x73CE,0x634C,0x22E8,0x3B8A,0xC5D7,0xFFFF,0x9E35,0x3B28,
0x2A47,0x642D,0xB63A,0xDF7E,0x4C8E,0x2B69,0x15CC,0x0DAB,0x0D8B,0x0DAB,0x350D,0x0345,
0xBE9A,0xCEFB,0xC6FC,0xCF1C,0xA5F8,0xCF1B,0xC73D,0xC71B,0xC71C,0xCF5C,0xC71C,0xC71C,
0xC6FC,0xC6FB,0xCF1C,0xBE99,0x1841,0x1800,0x1800,0x2000,0x1800,0x2000,0x1801,0x1000,
0x5A06,0xF6B7,0xEE34,0xF654,0xDDD4,0xD592,0xF676,0xF655,0xEE55,0xF654,0xEE55,0xFED6,
0x5A08,0x1000,0x1800,0x2000,0x1800,0x2020,0x1800,0x1000,0x1000,0x1000,0x1800,0x2000,
0x1800,0x2000,0x1000,0x6A68,0xFEB7,0xEE54,0xEE35,0xF654,0xF6B7,0x9BEC,0x1000,0x2000,
0x1800,0x1800,0x1020,0x7B4C,0xC617,0xDEDA,0xA4D3,0x20C2,0x1800,0x2020,0x1800,0x1000,
0xBCD0,0xF6B6,0xEE35,0xF654,0xEE55,0xEE54,0xEE55,0xFEB6,0xE5F5,0xBCCF,0x73AE,0x6B2B,
0x5C74,0x8DD9,0x967D,0x7D78,0x85DA,0x965B,0x7473,0x536E,0xCF5D,0xC6FB,0xC6DB,0xCF3C,
0x5B6D,0xCEDA,0xBEFC,0xC71B,0xC6FC,0xC6FB,0xC6FB,0xC6FB,0xC6FC,0xC71B,0xC6DB,0xE7BE,
0xFFFF,0xFFFE,0xFFFF,0xFFFE,0xFFDF,0xFFFF,0xFFFA,0xEF56,0xF72B,0xF74B,0xF74C,0xFF6C,
0xF74C,0xFF6C,0xE6F0,0x7341,0xEF0D,0xFF6D,0xF74C,0xFFAD,0xB54A,0xA4E7,0xFFAE,0xFF6C,
0xF74D,0xFFCE,0x8C05,0xBDAB,0xFFAD,0xFFCD,0xA4E8,0xBD89,0xFF8D,0xFF6B,0xEF30,0x83E2,
0xF74D,0xF74D,0xF74C,0xFF4B,0xF791,0x83C2,0xDEAC,0xF76E,0xF74C,0xFF6C,0xF74C,0xFF6B,
0xF790,0xC609,0x7BE3,0xFFB2,0xF74C,0xFF6C,0xF74C,0xFF6C,0xF74C,0xFF6C,0xF74C,0xFF6C,
0xF74C,0xFF6C,0xF76C,0xFF6C,0xC6FC,0xC73D,0x9E76,0x22C8,0x2B08,0x01C3,0xAD14,0xFFFF,
0xFFFF,0x63AD,0x152B,0x156C,0x2388,0x2BCA,0x0407,0x2D4D,0x2AE7,0x546D,0x94D3,0xD6FC,
0x0325,0x34ED,0x0DCB,0x05AB,0x0DAB,0x0DAB,0x34CC,0x0367,0xCF1C,0xC6FC,0xC71B,0xBF1C,
0xC73C,0xC71C,0xC71B,0xBF1C,0xC71B,0xBEFC,0xC71B,0xBEFC,0xC71C,0xCF5E,0xD73C,0x7C92,
0x0000,0x1000,0x1820,0x1801,0x1820,0x1801,0x1820,0x0800,0x6A87,0xF6B8,0xEE54,0xEE55,
0xEE54,0xEE75,0xEE75,0xEE55,0xEE75,0xEE55,0xF6B7,0xB4D0,0x1000,0x1800,0x1800,0x1800,
0x2020,0x1000,0x20A2,0x6B0C,0x9491,0x738D,0x30C3,0x1000,0x2020,0x1801,0x1800,0x2061,
0xE614,0xEE76,0xEE54,0xEE55,0xF6D8,0x6246,0x1000,0x1801,0x1800,0x1000,0x9CF2,0xFFFF,
0xFFFF,0xFFFF,0xFFFF,0xA555,0x1000,0x1801,0x1820,0x0800,0xA42D,0xF6B8,0xEE54,0xEE55,
0xEE74,0xEE55,0xEE75,0xEE55,0xF675,0xF696,0xFEB6,0xE614,0xA4B0,0x62EA,0x53F1,0x8DDA,
0x8E5C,0x8E7D,0x3249,0x9D97,0xCF5C,0xBEFC,0xC6FB,0xCF7D,0x7430,0x9D76,0xC73C,0xBEFC,
0xC6FB,0xBEFC,0xC6FB,0xBEFC,0xC71B,0xBEFC,0xCEFB,0xEFFF,0xFFFF,0xF7FF,0xFFFE,0xFFFF,
0xFFFF,0xF7FF,0xFFF7,0xE734,0xF76B,0xEF4C,0xF76C,0xF74D,0xFF6C,0xF74C,0xFFB0,0xBDA9,
0x83E3,0xF792,0xFF6B,0xF76C,0xF771,0x7BA3,0xE6EC,0xF76E,0xF76C,0xFF8D,0xCE2D,0x73A4,
0xFFCE,0xF78E,0xCE2C,0x8425,0xFFCD,0xF76D,0xF790,0x83E3,0xEF0C,0xF74E,0xF76B,0xF74C,
0xF791,0x7BC3,0xE70C,0xF76E,0xF76C,0xF74C,0xF76B,0xF76C,0xFFD1,0x8C44,0xB567,0xF7B1,
0xF76C,0xF76C,0xF76C,0xF76D,0xF76C,0xF76D,0xF76C,0xF76D,0xF76C,0xF76D,0xFF6C,0xF76C,
0xBEFC,0xC71C,0xCEDB,0x4ACA,0x19E5,0x2A67,0x534B,0x7CB0,0x5CAF,0x3328,0x14EB,0x0C89,
0x146A,0x1CAA,0x0DCC,0x0DCB,0x33EA,0x33C9,0x9CB2,0x6B4C,0x0428,0x2D8C,0x0D8B,0x15AB,
0x0D8B,0x15AB,0x344B,0x23C9,0xD73D,0xCEFB,0xBEFC,0xC71B,0xC6FC,0xC71B,0xC6FC,0xC71B,
0xC6FC,0xCEFB,0xC6FC,0xCF3C,0xCF3D,0x7C92,0x732B,0x942E,0x7B0B,0x28A1,0x1000,0x2000,
0x1800,0x2000,0x1801,0x1000,0x72C8,0xFED8,0xEE34,0xF654,0xEE55,0xF654,0xEE55,0xF655,
0xEE55,0xF654,0xF6D8,0x7287,0x0800,0x1800,0x1800,0x2000,0x1000,0x3944,0xDEFB,0xFFFF,
0xFFFF,0xFFFF,0xEF1C,0x39A5,0x1000,0x2000,0x1800,0x1800,0xC531,0xF696,0xEE55,0xF654,
0xEE98,0x51C4,0x1000,0x2000,0x1000,0x4145,0xFFFF,0xFFFF,0xFFFF,0xFFFE,0xFFFF,0xC617,
0x1000,0x2020,0x1800,0x1000,0xAC8F,0xF6B7,0xEE55,0xEE54,0xEE55,0xEE54,0xEE55,0xEE54,
0xEE55,0xEE54,0xEE35,0xF655,0xFE96,0xFE75,0xA4B2,0x62A9,0x74D5,0x74D4,0x3A8A,0xD73C,
0xBEFC,0xC6FB,0xBEFC,0xCF3C,0xA596,0x6BCE,0xCF5D,0xC6FB,0xC6FC,0xC6FB,0xC6DC,0xC6FB,
0xC6FC,0xC6FB,0xD71B,0xFFFF,0xFFFF,0xFFFE,0xFFFF,0xFFDE,0xC639,0xFFFF,0xFFF5,0xEF31,
0xF74B,0xF74B,0xF74C,0xF74C,0xF74C,0xFF6C,0xF74D,0xFFCE,0x8405,0xAD4A,0xFFAD,0xFF4B,
0xFF90,0xC5C8,0x9464,0xFFB1,0xF74B,0xFF6B,0xF772,0x7341,0xE6CC,0xFF8E,0xEF30,0x7381,
0xF74D,0xF74D,0xFF91,0x9443,0xDE8B,0xF74D,0xF72B,0xFF4B,0xEF71,0x7BA2,0xE6ED,0xF74D,
0xF74C,0xFF6C,0xF74C,0xFF6C,0xF792,0x6B20,0xDECC,0xF76E,0xF74C,0xFF6C,0xF74C,0xFF6C,
0xF74C,0xFF6C,0xF74C,0xFF6C,0xF76C,0xFF6C,0xF76C,0xFF6C,0xCF7D,0xBF1C,0xCF3C,0xCF5D,
0x5C6E,0x1A67,0x1D8C,0x04A9,0x1C08,0x2CAC,0x8470,0x8CD2,0x8CB1,0x4289,0x04E9,0x158C,
0x3D0C,0x0325,0x8D11,0x1143,0x15AB,0x158C,0x0DAB,0x0D8B,0x0DAA,0x0DAB,0x2BEA,0x342C,
0xD77D,0xBEFC,0xC71B,0xBF1C,0xC71B,0xBEFC,0xC71B,0xBEFC,0xC71B,0xBEFC,0xC73C,0xC75D,
0x736B,0x842F,0xF675,0xFEB6,0xFEF7,0xE635,0x6AA9,0x0800,0x1800,0x1801,0x1820,0x0800,
0x7B09,0xF6D8,0xEE54,0xEE55,0xEE74,0xEE55,0xEE75,0xEE55,0xF675,0xEE55,0xF6D8,0x4984,
0x1000,0x1801,0x2000,0x1800,0x0800,0xBD96,0xFFFF,0xF7FF,0xFFFF,0xF7FF,0xFFFF,0xAD75,
0x1000,0x1801,0x1800,0x1000,0xC510,0xEE97,0xEE54,0xEE55,0xF6D8,0x6247,0x1000,0x1801,
0x1000,0x30E4,0xF7BD,0xFFFF,0xFFFF,0xFFFF,0xF7BD,0x39E7,0x1000,0x1801,0x1800,0x1821,
0xDDF3,0xEE96,0xEE75,0xEE55,0xEE75,0xEE55,0xEE75,0xEE55,0xEE75,0xEE55,0xEE55,0xEE55,
0xEE54,0xEE55,0xFE96,0xEE35,0x7B8C,0x2903,0xAE59,0xC73D,0xBEFB,0xBEFC,0xC71B,0xBF1C,
0xCEFB,0x42CB,0xC71B,0xBEFC,0xC6FB,0xBEFC,0xC6FB,0xBEFC,0xC6FB,0xBEFC,0xE77D,0xF7FF,
0xFFFE,0xFFFF,0xF7FF,0x8CB3,0x7452,0x5BB1,0xFFD2,0xF792,0xFF8C,0xF76C,0xF76C,0xF74D,
0xF76C,0xF76C,0xFF6C,0xF76C,0xEF51,0x6321,0xE6CB,0xF76F,0xF76D,0xFFAE,0x83E3,0xD68E,
0xFFAC,0xF76C,0xFFB1,0xA4E7,0x9CC5,0xFFB1,0xFFB1,0x8403,0xD66A,0xF76F,0xFFB0,0x9CC5,
0xCE29,0xF76F,0xF74B,0xF74C,0xEF71,0x6B62,0xEF2C,0xEF4E,0xF76C,0xF74C,0xF76C,0xF78D,
0xD6AF,0x6342,0xFFAE,0xEF6E,0xF76C,0xF76C,0xF76C,0xF76C,0xF76C,0xF76C,0xF76C,0xF76D,
0xF76C,0xF76C,0xF76C,0xF74C,0x8D34,0xD73C,0xD75D,0xAE38,0x642E,0x3266,0x0DAC,0x15CB,
0x3C0C,0x6D70,0xB555,0x9CB2,0x9CD3,0x9471,0x0346,0x352C,0x2D4D,0x0407,0x2308,0x3BCA,
0x0E0D,0x0DEB,0x0DAB,0x15CB,0x0DCC,0x15EB,0x2349,0x5CEF,0xD75E,0xCF1C,0xC71C,0xC71B,
0xBEFC,0xC6FB,0xBEFB,0xC6FB,0xBEFC,0xC71B,0xD75D,0x7430,0x9C0D,0xFED7,0xEE35,0xF654,
0xEE35,0xFE95,0xFED8,0xA42D,0x1800,0x1800,0x1800,0x1000,0x7B09,0xF6D8,0xEE34,0xEE54,
0xEE55,0xEE54,0xEE55,0xEE75,0xEE55,0xF654,0xF6B8,0x5183,0x1000,0x2000,0x1800,0x2000,
0x1041,0xEEFA,0xFFFF,0xFFFE,0xFFFF,0xFFFE,0xFFFF,0xBDD6,0x1000,0x1800,0x1800,0x2020,
0xD5B3,0xF696,0xEE35,0xF654,0xF6B7,0xAC4D,0x0800,0x2020,0x1800,0x1800,0x5248,0xC5D6,
0xCE59,0xA4F2,0x4165,0x1000,0x2001,0x2000,0x0800,0x6AA9,0xFED7,0xEE54,0xEE55,0xEE74,
0xEE55,0xEE75,0xEE55,0xEE75,0xEE55,0xEE75,0xEE55,0xEE54,0xEE35,0xF654,0xEE35,0xF655,
0xF6B8,0x9BEC,0x6BF0,0xD73C,0xBEDC,0xC6FB,0xBEFB,0xC6FB,0xDF5D,0x6BCE,0x9575,0xD73C,
0xC6FB,0xC6FB,0xC6DB,0xCEFB,0xC6FB,0xC6FB,0xEFBE,0xFFFF,0xFFFF,0xFFFF,0xC6DC,0x6BF0,
0xA6BE,0x5C54,0x6305,0x8C49,0xD649,0xFF6D,0xF74C,0xFF6C,0xF74C,0xFF6C,0xF74C,0xFF6B,
0xFF90,0xD62A,0x7362,0xFF91,0xF76C,0xFFAC,0xCE2D,0x8C04,0xFFAE,0xFF6C,0xF76F,0xEF0C,
0x6B00,0xF771,0xFFB0,0xB546,0xA4E5,0xFFB0,0xFF8F,0xB566,0xB547,0xFF8F,0xF72B,0xFF6B,
0xEF31,0x7361,0xEF2D,0xF76D,0xF74C,0xF74B,0xF74C,0xFFAD,0xA52A,0x9486,0xFFAE,0xF76C,
0xF74C,0xFF6C,0xF76C,0xFF6C,0xF76C,0xFF6C,0xF74C,0xFF6C,0xF74C,0xFF6C,0xF74C,0xFF6C,
0x2B68,0x2B8A,0xADD7,0xBE7A,0x748F,0x2A87,0x0DAB,0x0DAC,0x3BAA,0x4C4D,0xAD34,0x9CF3,
0x9492,0xAD35,0x2C0A,0x344C,0x25AC,0x04C9,0x0140,0x2308,0x12E5,0x0AE6,0x1B26,0x1306,
0x03A6,0x24AB,0x2328,0x8635,0xCF1C,0xA5F8,0xBEDA,0xCF7E,0xC71C,0xBEFC,0xC71B,0xBEFC,
0xBF1C,0xC75D,0xB5D6,0x5B0C,0xFEB6,0xEE55,0xEE54,0xEE55,0xF655,0xEE55,0xF675,0xFEF7,
0xBD12,0x2060,0x1000,0x0800,0x8329,0xF6D8,0xEE54,0xEE55,0xEE74,0xEE55,0xEE75,0xEE75,
0xF675,0xEE55,0xF6D8,0x5A26,0x1000,0x1801,0x2000,0x1800,0x0800,0xA4D3,0xFFFF,0xFFFF,
0xFFFF,0xFFFF,0xFFFF,0x528A,0x1000,0x1801,0x1000,0x4145,0xF6B6,0xEE55,0xEE55,0xEE55,
0xEE75,0xEE96,0x4985,0x0800,0x2020,0x1801,0x1800,0x1000,0x1800,0x1000,0x1800,0x1800,
0x1820,0x0800,0x4163,0xDE57,0xF675,0xEE55,0xEE75,0xEE55,0xEE75,0xEE55,0xEE75,0xEE55,
0xEE75,0xEE55,0xEE75,0xEE55,0xEE55,0xEE55,0xEE54,0xEE35,0xF655,0xFEB7,0x83EE,0x842F,
0xCF7D,0xBEFC,0xBF1B,0xBEFC,0xD73C,0xA5D7,0x534C,0xD75D,0xC71B,0xBEFC,0xC6FB,0xC6FC,
0xC6FB,0xC6FC,0xFFFE,0xFFFF,0xC658,0x8471,0x5BD0,0x7D16,0x8E7D,0x867D,0x7558,0x5455,
0x4220,0xE734,0xFF6B,0xF76C,0xF76C,0xF76D,0xF76C,0xF76C,0xF76C,0xFFCE,0x94A7,0x94A8,
0xFFED,0xF76C,0xFFB1,0x8C24,0xCE09,0xF790,0xF76D,0xFFCF,0x7BC3,0xBDCC,0xFFAF,0xD68B,
0x7BA1,0xF791,0xFF8E,0xC5E9,0x9CC5,0xF790,0xF74B,0xF74C,0xEF30,0x6B62,0xF74D,0xEF4E,
0xF74C,0xF74C,0xF76D,0xFFAF,0x7BE4,0xBE0D,0xFFAD,0xF76C,0xF76C,0xF76C,0xF76C,0xF76D,
0xF76C,0xF76D,0xF76C,0xF76D,0xF76C,0xF76C,0xF74C,0xF74C,0x15AC,0x0D4A,0x2AE8,0x3308,
0x63AD,0x42A8,0x0D6B,0x15CB,0x3369,0x64EE,0xBDB6,0xBDB6,0xC5F7,0xD679,0x84D1,0x21C4,
0x12A5,0x1284,0x0B06,0x23A8,0x0CA9,0x1D0A,0x154B,0x154A,0x23EA,0x0B05,0x1164,0x5B6B,
0x22C7,0x1A65,0x2A47,0x642E,0xC71C,0xC71B,0xBEFB,0xC71B,0xBEFC,0xCF7D,0x6AEA,0xC5B4,
0xF675,0xF654,0xEE35,0xF654,0xEE55,0xF675,0xF655,0xF654,0xFED8,0xCD51,0x1841,0x0800,
0x7B29,0xF6F7,0xEE34,0xF654,0xEE55,0xEE74,0xEE55,0xEE75,0xEE55,0xF654,0xF6B7,0xAC6D,
0x0800,0x1820,0x1800,0x2000,0x1800,0x2861,0x94B2,0xE71B,0xEF7D,0xCE78,0x62AA,0x1000,
0x1800,0x2000,0x0800,0xAC90,0xF6B6,0xEE54,0xEE35,0xF654,0xEE35,0xFE95,0xD5F6,0x4142,
0x0800,0x1800,0x1800,0x2000,0x1800,0x2000,0x1800,0x1800,0x0800,0x5A06,0xE635,0xF6B6,
0xEE35,0xF654,0xEE55,0xEE74,0xEE55,0xEE74,0xEE55,0xEE74,0xEE55,0xEE74,0xEE55,0xEE74,
0xEE55,0xEE74,0xEE55,0xEE54,0xEE34,0xF654,0xEEB8,0x72C8,0xA5F7,0xCF1B,0xBEFB,0xC71B,
0xC6FC,0xCF3C,0x42AA,0xC6B9,0xC6FC,0xC6FB,0xC6FB,0xC6FB,0xC6DB,0xD73C,0xFFFF,0xFFFF,
0x7C73,0x5B6E,0x8E5D,0x8E5C,0x863C,0x863C,0x961A,0x438F,0xAD27,0xFF90,0xF74C,0xF76B,
0xF76C,0xF76C,0xF76C,0xF76B,0xF74C,0xFF6B,0xF772,0x7361,0xCE4A,0xFF8F,0xF76E,0xE6CB,
0x7BA2,0xFF71,0xF76C,0xFFAC,0xBDAC,0x83C3,0xFFB0,0xFF6E,0x6B21,0xE6EF,0xF76F,0xDE8A,
0x8C23,0xFF90,0xF72B,0xFF6B,0xE710,0x7361,0xF74E,0xF74D,0xF74C,0xF74B,0xF74E,0xF74D,
0x6321,0xEF50,0xF74C,0xF76B,0xF74C,0xF76B,0xF74C,0xF76C,0xF74C,0xFF8C,0xFF8D,0xFF6B,
0xF74C,0xF76C,0xF74C,0xF74B,0x0DAB,0x0DAC,0x1DAC,0x050A,0x2307,0x0204,0x0DAB,0x15CC,
0x3BAA,0x6510,0xBD96,0x8C11,0x4B4A,0x2A67,0x0B66,0x1C09,0x0D4A,0x15AC,0x15EC,0x0DCC,
0x15CB,0x0DAB,0x0DAB,0x0D8B,0x15CC,0x1DED,0x1326,0x0B06,0x15EC,0x0DCC,0x2D4C,0x03A6,
0x5B8D,0xCF5D,0xBF1B,0xBEFC,0xCF3C,0xA5F8,0x7B09,0xEED8,0xEE54,0xEE55,0xEE55,0xEE55,
0xEE75,0xEE75,0xF675,0xEE55,0xF675,0xFED7,0xACD1,0x0000,0x72E8,0xEED8,0xEE54,0xEE55,
0xEE74,0xEE75,0xEE75,0xEE75,0xEE75,0xEE55,0xEE75,0xF6B6,0x49A5,0x0800,0x2020,0x1801,
0x2020,0x1800,0x1000,0x2062,0x28A2,0x1000,0x1000,0x1800,0x1800,0x0800,0x72C8,0xEED8,
0xEE55,0xEE55,0xEE75,0xEE55,0xF675,0xEE55,0xF6B6,0xEE55,0x7B6C,0x28C2,0x1800,0x0800,
0x1000,0x1000,0x2060,0x41A6,0xAC6E,0xEEB7,0xF695,0xEE55,0xEE75,0xEE55,0xEE75,0xEE55,
0xEE75,0xEE55,0xEE75,0xEE55,0xEE75,0xEE55,0xEE75,0xEE55,0xEE75,0xEE55,0xEE75,0xEE55,
0xF674,0xEE55,0xF696,0xCD72,0x532C,0xD73C,0xBF1B,0xBF1C,0xC6FB,0xCF7E,0x6BCE,0x8CF4,
0xCF5C,0xBEFC,0xC6FB,0xBEFC,0xC6DA,0xDF9E,0xFFFF,0xFFFF,0xFFFF,0x8471,0x5412,0x963B,
0x867D,0x869E,0x9595,0x2A89,0xFFCE,0xF76D,0xF76C,0xF76C,0xF78C,0xF76D,0xF78C,0xF76D,
0xF76C,0xF76C,0xFF8F,0xDEAC,0x6B21,0xEF52,0xFF8C,0xFFCE,0x9466,0xAD6A,0xFFAD,0xF76C,
0xF771,0x6301,0xE6EC,0xFFD0,0x8C24,0xBDCB,0xFFAF,0xE70D,0x7BC2,0xEF71,0xF76B,0xF76C,
0xE6EF,0x7382,0xF78D,0xEF4D,0xF74B,0xF74C,0xF78F,0xC60A,0x7BC2,0xF7B2,0xF76C,0xF76C,
0xF76C,0xF76C,0xF76C,0xF74C,0xFF8E,0xDEAB,0xB566,0xF7B0,0xFF6C,0xF74C,0xF74C,0xF74C,
0x0D8B,0x158A,0x0DAB,0x15CB,0x2D8D,0x0384,0x2449,0x13A7,0x1245,0x2286,0x0366,0x1BE8,
0x052A,0x1DAB,0x15CC,0x15CB,0x158B,0x158A,0x156B,0x158B,0x0D8B,0x15CB,0x0DCB,0x15CB,
0x0DCB,0x0DAA,0x352D,0x0324,0x150B,0x1D6B,0x0D8B,0x1DEC,0x1A26,0x9E56,0xC71D,0xC6FB,
0xD75D,0x6BCE,0xB4AF,0xF6B6,0xEE35,0xF654,0xEE55,0xEE55,0xEE55,0xEE75,0xEE55,0xF675,
0xEE55,0xF654,0xF6F8,0x93AA,0x6A87,0xF6D8,0xEE54,0xEE54,0xEE55,0xEE75,0xEE55,0xF675,
0xEE55,0xF675,0xEE55,0xFE95,0xD5F5,0x3901,0x0800,0x1800,0x1800,0x2000,0x1800,0x2000,
0x1800,0x2000,0x1800,0x1800,0x1000,0x72EA,0xF696,0xF675,0xEE55,0xF655,0xEE55,0xF675,
0xEE55,0xF675,0xEE55,0xF675,0xFEB7,0xEE55,0xC552,0xAC6E,0xA42E,0xBCF0,0xDDD3,0xF6B6,
0xF696,0xF654,0xEE35,0xF655,0xEE55,0xEE55,0xEE55,0xEE75,0xEE55,0xEE75,0xEE55,0xEE75,
0xEE55,0xEE75,0xEE55,0xEE75,0xEE55,0xEE75,0xEE55,0xEE75,0xEE55,0xEE54,0xEE35,0xFEB6,
0x5AEB,0xC637,0xC71C,0xC71B,0xBEFB,0xCF3C,0x9D55,0x636D,0xD75D,0xC6FB,0xC6FC,0xC6FB,
0xCEDB,0xEFDE,0xFFFF,0xFFFE,0xFFFF,0xF79C,0x3B0E,0xAE9B,0x4BB1,0x53F1,0xAE9B,0x2A8A,
0xCE29,0xFF8E,0xF74C,0xFF6B,0xF76C,0xF76C,0xF76C,0xF76C,0xF74C,0xFF6C,0xF74C,0xFFCE,
0xA50A,0x8C05,0xFFAE,0xFF6C,0xE6F0,0x7B81,0xF74D,0xFF6D,0xFFB1,0x9C84,0xA4C6,0xFFF1,
0xB58A,0x9465,0xFFAF,0xFF6E,0x7BC3,0xEF2F,0xF74B,0xFF6B,0xDEAF,0x7BC2,0xFF8E,0xF74C,
0xF72B,0xFF4B,0xFF91,0x9C84,0xA507,0xFFB0,0xF74C,0xF74B,0xF74C,0xF74B,0xF74B,0xFF6B,
0xF733,0x9C67,0x7309,0x8BCB,0xFFAD,0xFF8C,0xF74C,0xF74B,0x0DAB,0x0DAB,0x15CB,0x054A,
0x2368,0x0224,0x0AE5,0x23C9,0x156A,0x15AC,0x15EC,0x0DCC,0x15AB,0x0D8B,0x158B,0x0D8B,
0x158B,0x0D8B,0x0DAB,0x0DAB,0x256B,0x0468,0x1B67,0x1347,0x0427,0x1D2C,0x258C,0x0489,
0x0386,0x2D4D,0x0DAB,0x0DCC,0x2369,0x54CF,0xD77E,0xBEFC,0xD71B,0x4ACB,0xE634,0xEE55,
0xEE55,0xEE55,0xEE75,0xEE75,0xEE75,0xEE75,0xEE75,0xEE75,0xEE75,0xEE55,0xF675,0xF676,
0xE613,0xEE55,0xEE74,0xEE55,0xEE75,0xEE75,0xEE75,0xEE75,0xEE75,0xEE75,0xF675,0xEE55,
0xF6B6,0xE635,0x6268,0x1000,0x1000,0x1000,0x1800,0x1000,0x1800,0x1000,0x1000,0x3924,
0xB4AF,0xF6D8,0xEE95,0xEE75,0xEE75,0xEE75,0xEE75,0xEE75,0xEE75,0xEE75,0xEE75,0xEE55,
0xEE75,0xEE76,0xF695,0xF6B6,0xFEB6,0xF696,0xF675,0xEE55,0xEE54,0xEE55,0xEE75,0xEE55,
0xEE75,0xEE75,0xEE75,0xEE75,0xEE75,0xEE75,0xEE75,0xEE75,0xEE75,0xEE75,0xEE75,0xEE75,
0xEE75,0xEE75,0xEE75,0xEE75,0xEE75,0xEE75,0xF655,0xFEB7,0x8C6F,0x9491,0xCF7D,0xBEFC,
0xC6FB,0xC71C,0xCEDA,0x42AA,0xCF1C,0xC6FC,0xC71B,0xBEFC,0xD71B,0xF7FF,0xFFFE,0xF7FF,
0xFFFF,0xEFBE,0x4B2D,0x4B2E,0x8C8F,0x9D32,0x4AC8,0x4267,0xE70C,0xF76E,0xF76C,0xF76C,
0xF76C,0xF76D,0xF76C,0xF76D,0xF76C,0xF74D,0xF76C,0xF76C,0xFFB2,0x7383,0xBDA8,0xF790,
0xFFB0,0xA506,0xAD05,0xFFB1,0xFF8E,0xDEAC,0x6B20,0xF792,0xE6EF,0x6B42,0xFF8F,0xF78F,
0x8C23,0xDECE,0xFF6C,0xF76C,0xD68D,0x8404,0xFFAE,0xEF4D,0xF74B,0xF74C,0xF792,0x6B62,
0xDEAB,0xF76F,0xF76C,0xF74C,0xF74C,0xF74C,0xF76B,0xFF8D,0xC52F,0xACAE,0xFE5D,0x9310,
0x7382,0xD66F,0xF74A,0xFF8C,0x1DAC,0x0D29,0x12E6,0x12C5,0x0407,0x2D0B,0x15CC,0x15CB,
0x158B,0x158B,0x158B,0x158B,0x0DAB,0x15CB,0x15CC,0x15CB,0x158B,0x15AB,0x156B,0x1D8B,
0x0B06,0x1B87,0x0BA8,0x1BE9,0x1B88,0x0AC4,0x1D2C,0x256C,0x02E4,0x2CCB,0x0DAB,0x0DCB,
0x2BEB,0x3C4B,0xCF5E,0xC71C,0xC658,0x5B0B,0xF696,0xEE54,0xEE35,0xEE54,0xEE55,0xEE54,
0xEE55,0xEE75,0xEE55,0xF675,0xEE55,0xEE75,0xEE55,0xF654,0xEE55,0xF654,0xEE55,0xEE74,
0xEE55,0xEE54,0xEE55,0xEE75,0xEE55,0xF675,0xEE55,0xEE55,0xEE35,0xFE95,0xF6D7,0xD571,
0x836C,0x5206,0x4165,0x4164,0x49C5,0x7B0A,0xB4CF,0xEE96,0xF696,0xF654,0xEE55,0xEE54,
0xEE55,0xEE54,0xEE55,0xEE54,0xEE55,0xEE75,0xEE55,0xEE75,0xEE55,0xEE55,0xEE55,0xEE54,
0xEE55,0xEE54,0xEE55,0xEE54,0xEE55,0xEE54,0xEE55,0xEE54,0xEE55,0xEE54,0xEE55,0xEE54,
0xEE55,0xEE54,0xEE55,0xEE54,0xEE55,0xEE54,0xEE55,0xEE75,0xEE55,0xEE54,0xEE55,0xEE54,
0xEE55,0xEE54,0xEE55,0xF675,0xB574,0x7B8C,0xCF5D,0xC6FB,0xBEDB,0xC6FB,0xD75D,0x530C,
0xA5F8,0xCF3C,0xC6FC,0xC6FB,0xDF3C,0xFFFF,0xFFFF,0xFFFE,0xFFFF,0xFFFF,0xBDD8,0xAD55,
0xFFF9,0xFFB6,0xE6CB,0xE6AA,0xF78D,0xF76C,0xF76C,0xF76C,0xF76C,0xFF6C,0xF76C,0xFF6C,
0xF76C,0xFF6C,0xF74C,0xFF6C,0xF76F,0xEF0D,0x62E0,0xE6F0,0xFF6E,0xFF6D,0x7362,0xEF0F,
0xF76D,0xFFCE,0x7362,0xCE0C,0xFFB2,0x7360,0xDE8C,0xFFD0,0x9465,0xD64C,0xFF6C,0xFF8C,
0xCE2D,0x9445,0xFF8E,0xF74C,0xF74C,0xFF6C,0xDECF,0x7361,0xFF8E,0xF74D,0xF74C,0xF74C,
0xFF6C,0xFF8C,0xFF8C,0xFF8C,0x936D,0xE5D5,0xF55A,0xFDBB,0xAC33,0x82CC,0x7328,0x8369,
0x1B67,0x02A5,0x0CA9,0x256C,0x15CB,0x0DAB,0x158B,0x0D8B,0x158B,0x0D8B,0x0DAB,0x0DCC,
0x1D4B,0x04A9,0x1B87,0x0B06,0x0325,0x246A,0x2D8C,0x03E7,0x23E9,0x240A,0x7CB0,0x6C2F,
0x240A,0x1388,0x03C6,0x2D8E,0x03A7,0x0BE9,0x15CC,0x0DAC,0x1286,0x4C4E,0xD7BF,0xC73D,
0xB5D5,0x6B8D,0xFEB6,0xEE35,0xEE55,0xEE55,0xEE75,0xEE75,0xEE75,0xEE75,0xEE75,0xEE56,
0xEE75,0xEE55,0xEE75,0xEE55,0xEE75,0xEE55,0xEE75,0xEE75,0xEE75,0xEE75,0xEE75,0xEE75,
0xEE75,0xEE76,0xEE75,0xEE55,0xEE75,0xEE55,0xEE55,0xF696,0xFED7,0xF6B7,0xF6B6,0xF6B6,
0xFED6,0xFED7,0xFEB6,0xEE55,0xEE54,0xEE55,0xEE75,0xEE75,0xEE75,0xEE75,0xEE75,0xEE75,
0xEE75,0xEE55,0xEE75,0xEE75,0xEE75,0xEE75,0xEE75,0xEE55,0xEE75,0xEE55,0xEE75,0xEE75,
0xEE75,0xEE75,0xEE75,0xEE75,0xEE75,0xEE75,0xEE75,0xEE75,0xEE75,0xEE75,0xEE75,0xEE75,
0xEE75,0xEE75,0xEE75,0xEE75,0xEE75,0xEE75,0xEE75,0xEE75,0xEE75,0xEE75,0xF654,0xEE55,
0xCE15,0x6AEA,0xCF5C,0xBEFB,0xC6FB,0xBEFC,0xD75C,0x7451,0x7CB2,0xD75D,0xC6FB,0xBEFB,
0xEF9D,0xF7FF,0xFFFF,0xF7FF,0xFFFF,0xF7FF,0xFFFF,0xFFFF,0xFFF6,0xE733,0xFF8B,0xF78C,
0xF76C,0xF76D,0xF78C,0xF76D,0xF78C,0xF76D,0xF78C,0xF76D,0xF76C,0xF76D,0xF76C,0xF76C,
0xF76C,0xFFCE,0xBDAC,0x6B64,0xFFAE,0xFFAE,0xB58A,0x9466,0xFFCE,0xFFAE,0xB56A,0x83E5,
0xFFF3,0x9465,0xB547,0xFFF2,0xA527,0xB58A,0xFFAC,0xF78D,0xC62C,0x8C66,0xFFAD,0xF74D,
0xF74C,0xFF8D,0xB56A,0x8C46,0xFFCE,0xEF4D,0xF76C,0xF76D,0xD66D,0x9CC7,0x9C6B,0x83A9,
0xABD1,0xEDFA,0xF599,0xF57A,0xFDBA,0xFDBB,0xF5BA,0xDD18,0x02A4,0x44EC,0x0DAB,0x0DAA,
0x0DAB,0x15AB,0x0DAC,0x15CB,0x0D8B,0x15AB,0x24AB,0x0BC6,0x1306,0x1B67,0x0C69,0x250A,
0x1C8A,0x0365,0x354D,0x0344,0x3CCD,0x1367,0xE6FC,0xEEFB,0x1327,0x344A,0x0324,0x356C,
0x146A,0x0385,0x3CED,0x0305,0xA4F3,0x8C30,0x8514,0xDFBE,0x9CF2,0x738C,0xFE96,0xF654,
0xEE35,0xF654,0xEE55,0xEE74,0xEE55,0xEE75,0xEE55,0xF675,0xEE55,0xEE75,0xEE55,0xEE75,
0xEE55,0xEE74,0xEE55,0xEE74,0xEE55,0xEE74,0xEE55,0xEE74,0xEE55,0xEE75,0xEE55,0xEE75,
0xEE55,0xF675,0xEE55,0xEE54,0xEE55,0xF654,0xEE55,0xF654,0xEE55,0xF654,0xEE55,0xF654,
0xEE55,0xF654,0xEE55,0xEE74,0xEE55,0xEE74,0xEE55,0xEE75,0xEE55,0xEE75,0xEE55,0xEE75,
0xEE55,0xEE74,0xEE55,0xEE74,0xEE55,0xEE74,0xEE55,0xEE74,0xEE55,0xEE74,0xEE55,0xEE74,
0xEE55,0xEE74,0xEE55,0xEE74,0xEE55,0xEE74,0xEE55,0xEE74,0xEE55,0xEE74,0xEE55,0xEE74,
0xEE55,0xEE74,0xEE55,0xEE74,0xEE55,0xEE54,0xEE55,0xF654,0xD636,0x6287,0xC6FC,0xC6FB,
0xBEDB,0xC6FB,0xCF1C,0xA5B6,0x5B6D,0xDF5D,0xC6DB,0xC6FB,0xF7DE,0xFFFF,0xFFFF,0xFFFE,
0xFFFF,0xFFFE,0xFFFF,0xFFFF,0xFFD4,0xEF31,0xF74C,0xF76B,0xF74C,0xF76C,0xF76C,0xFF6C,
0xF76C,0xFF6C,0xF76C,0xFF6C,0xF76C,0xFF6C,0xF76C,0xF76C,0xF74C,0xFF6B,0xFFB2,0x8C23,
0xA4E6,0xFFD0,0xF771,0x83C1,0xDEAB,0xFF8E,0xEF31,0x62E0,0xEF30,0xCE0B,0x83E3,0xFFD1,
0xBDAA,0xA4E6,0xFFAD,0xFF8C,0xBDEB,0x9CA6,0xFF8E,0xF74C,0xF72C,0xFFAE,0x83E5,0xBDEC,
0xFF8D,0xF76C,0xF74C,0xFFAC,0xB550,0x5A43,0xE51A,0xF57A,0xF59A,0xF599,0xF57A,0xF599,
0xF579,0xF599,0xF5BA,0xE517,0x0C89,0x256D,0x0D8B,0x0DAB,0x1C49,0x0BC8,0x13C7,0x1C09,
0x158B,0x158C,0x0C07,0x1CAA,0x15AB,0x0DAC,0x0DCB,0x058B,0x2D4C,0x0365,0x34CB,0x0325,
0x24CB,0x24EC,0x3369,0x338A,0x34CC,0x0B87,0x03C5,0x254D,0x24EB,0x0366,0x3267,0x9DB5,
0xFFFF,0xFFFF,0x7C10,0x4AAB,0x5AEA,0x738E,0xFED6,0xEE55,0xEE55,0xEE55,0xEE75,0xEE75,
0xEE75,0xEE76,0xEE75,0xEE76,0xEE75,0xEE76,0xEE75,0xEE75,0xEE75,0xEE75,0xEE75,0xEE75,
0xEE75,0xEE75,0xEE75,0xEE75,0xEE75,0xEE75,0xEE75,0xEE75,0xEE75,0xEE75,0xEE75,0xEE75,
0xEE75,0xEE55,0xEE75,0xEE55,0xEE74,0xEE75,0xEE75,0xEE55,0xEE75,0xEE75,0xEE75,0xEE75,
0xEE75,0xEE75,0xEE75,0xEE75,0xEE75,0xEE75,0xEE75,0xEE75,0xEE75,0xEE75,0xEE75,0xEE75,
0xEE75,0xEE75,0xEE75,0xEE75,0xEE75,0xEE75,0xEE75,0xEE75,0xEE75,0xEE75,0xEE75,0xEE75,
0xEE75,0xEE75,0xEE75,0xEE75,0xEE75,0xEE75,0xEE75,0xEE75,0xEE75,0xEE75,0xEE75,0xEE75,
0xEE75,0xEE75,0xEE54,0xEE55,0xDE76,0x5A67,0xC6FB,0xBEFC,0xBEFB,0xBEFC,0xC71B,0xBEDB,
0x4AEB,0xCF1C,0xC6FB,0xC71C,0xFFFF,0xF7FF,0xFFFF,0xF7FF,0xFFFF,0xF7FF,0xFFFF,0xF7FF,
0xFFB2,0xE730,0xF76C,0xF76C,0xF76C,0xF76D,0xF78C,0xF76D,0xF76C,0xF76D,0xF76C,0xF76D,
0xF78C,0xF76D,0xF78C,0xF76D,0xF78C,0xF76C,0xF76E,0xF76E,0x6301,0xCE6F,0xFFD0,0xCE2A,
0x8C22,0xF7B1,0xFFD1,0x8C43,0xAD28,0xF752,0x7360,0xF771,0xCE4C,0x8C45,0xFFAD,0xF78D,
0xBDEB,0x94A7,0xFFAD,0xF74C,0xF74D,0xF76E,0x6B61,0xE711,0xF76C,0xF76C,0xF76C,0xF76C,
0xFFB0,0xB588,0x7AAB,0xD577,0xF59A,0xED7A,0xF599,0xED9A,0xF599,0xF59A,0xE5D7,0x726A,
0x0D0B,0x1D6B,0x2D2C,0x03C6,0x13A8,0x2409,0x240A,0x1BA7,0x0346,0x3D2C,0x0428,0x1CEA,
0x0D8B,0x158B,0x0D8B,0x0D8A,0x256C,0x0407,0x1429,0x24AA,0x02E4,0x2CAA,0x154C,0x156B,
0x23A9,0x0283,0x156B,0x158B,0x3CED,0x0201,0x6B6D,0xFFFF,0xFFFF,0xCE58,0x5390,0x7CD4,
0x84B3,0x6BAE,0xFEB6,0xF654,0xEE55,0xEE54,0xEE55,0xEE74,0xEE55,0xEE74,0xEE55,0xEE74,
0xEE55,0xEE74,0xEE55,0xEE74,0xEE55,0xEE74,0xEE55,0xEE74,0xEE55,0xEE74,0xEE55,0xEE74,
0xEE55,0xEE74,0xEE55,0xEE74,0xEE55,0xEE74,0xEE55,0xEE74,0xEE55,0xEE74,0xEE55,0xEE74,
0xEE55,0xEE74,0xEE55,0xEE74,0xEE55,0xEE74,0xEE55,0xEE74,0xEE55,0xEE74,0xEE55,0xEE74,
0xEE55,0xEE74,0xEE55,0xEE74,0xEE55,0xEE74,0xEE55,0xEE74,0xEE55,0xEE74,0xEE55,0xEE74,
0xEE55,0xEE74,0xEE55,0xEE74,0xEE55,0xEE74,0xEE55,0xEE74,0xEE55,0xEE74,0xEE55,0xEE74,
0xEE55,0xEE74,0xEE55,0xEE74,0xEE55,0xEE74,0xEE55,0xEE74,0xEE55,0xEE74,0xEE55,0xF654,
0xDE57,0x6287,0xC6FC,0xC6FB,0xBEDB,0xC6FB,0xC6FB,0xD75D,0x530C,0xBE58,0xC6DB,0xDF7D,
0xFFFF,0xFFFE,0xFFFF,0xFFFE,0xFFFF,0xFFFE,0xFFFF,0xFFFE,0xF770,0xEF4E,0xF74C,0xF76C,
0xF74C,0xF76C,0xF76C,0xFF6C,0xF76C,0xFF6C,0xF76C,0xFF6C,0xF76C,0xFF6C,0xF76C,0xF76C,
0xF76C,0xFF6C,0xF74C,0xFFAD,0xCE2E,0x6B21,0xF76E,0xFFAF,0x83E4,0xCE2C,0xFFB0,0xD66A,
0x6B21,0xFFD3,0x7BA2,0xD66C,0xE6EF,0x83E2,0xFF8D,0xFF8D,0xB58A,0xA4E7,0xFFAD,0xFF6C,
0xF76F,0xD66A,0x7BC3,0xFFB1,0xF74C,0xFF6C,0xF74C,0xFF6B,0xF74B,0xFFCC,0xCDD0,0x8365,
0xF5BB,0xF57A,0xED79,0xF579,0xED7A,0xF59A,0xD595,0x82EA,0x0D0A,0x1D8D,0x248A,0x0387,
0x440C,0x64F0,0x64EF,0x3BCB,0x0326,0x1C0A,0x1449,0x0C09,0x15CB,0x0D8B,0x0DEB,0x0DCC,
0x2D6C,0x0428,0x0406,0x2D8D,0x248A,0x0346,0x12E6,0x12E6,0x03C6,0x250C,0x0DCB,0x05AB,
0x3CED,0x0202,0x630B,0xD6BA,0x9D75,0x4B0C,0x7DFB,0x8E7D,0x8CF3,0x5B8F,0xFEB6,0xEE35,
0xEE55,0xEE55,0xEE75,0xEE55,0xEE75,0xEE55,0xEE75,0xEE55,0xEE75,0xEE55,0xEE75,0xEE55,
0xEE75,0xEE55,0xEE75,0xEE55,0xEE75,0xEE55,0xEE75,0xEE55,0xEE75,0xEE55,0xEE75,0xEE55,
0xEE75,0xEE55,0xEE75,0xEE55,0xEE75,0xEE55,0xEE75,0xEE55,0xEE75,0xEE55,0xEE75,0xEE55,
0xEE75,0xEE55,0xEE75,0xEE55,0xEE75,0xEE55,0xEE75,0xEE55,0xEE75,0xEE55,0xEE75,0xEE55,
0xEE75,0xEE55,0xEE75,0xEE55,0xEE75,0xEE55,0xEE75,0xEE55,0xEE75,0xEE55,0xEE75,0xEE55,
0xEE75,0xEE55,0xEE75,0xEE55,0xEE75,0xEE55,0xEE75,0xEE55,0xEE75,0xEE55,0xEE75,0xEE55,
0xEE75,0xEE55,0xEE75,0xEE55,0xEE75,0xEE55,0xF654,0xEE55,0xD636,0x62C9,0xC73C,0xBEFC,
0xC6FB,0xBEFC,0xC6FB,0xCF7E,0x6BEF,0x8CF3,0xD71C,0xE7BF,0xFFFF,0xFFFF,0xFFFF,0xFFFF,
0xFFFF,0xF7FF,0xFFFE,0xF7FE,0xF76E,0xEF4E,0xF76C,0xF76C,0xF76C,0xF76D,0xF76C,0xF76C,
0xF76C,0xF76C,0xF76C,0xF76D,0xF76C,0xF76D,0xF78C,0xF76D,0xF76C,0xF76C,0xF76B,0xF76C,
0xFFD1,0x9CA6,0x9443,0xFFD2,0xD68D,0x7BA3,0xFFAE,0xFFAF,0x6B21,0xD6B0,0xAD28,0x9CE7,
0xFFB1,0x73A2,0xF74C,0xFF8E,0xB589,0xA4E8,0xFFAC,0xF72B,0xFFB0,0x9CA6,0xA506,0xF790,
0xF74B,0xF74C,0xF74C,0xF74D,0xF76E,0xF76F,0xEED5,0x83CA,0xF5DB,0xED7A,0xF5BA,0xF5BB,
0xFDBA,0xF57A,0xDDD8,0x726C,0x0469,0x2D8D,0x0C09,0x1428,0x430A,0xCF5A,0xEFFE,0x4AE9,
0x13E9,0x0B66,0x2CCC,0x0304,0x1D8C,0x154A,0x1BE9,0x0B45,0x0AC5,0x1B47,0x0D2A,0x1D8B,
0x0DAB,0x15CB,0x158B,0x158B,0x15AC,0x15AB,0x0DAB,0x0DCB,0x3CAC,0x0242,0x4229,0x2124,
0x4BD2,0x9E3A,0x863C,0x863B,0x9576,0x42CB,0xF696,0xEE54,0xEE35,0xEE54,0xEE55,0xEE75,
0xEE55,0xEE75,0xEE55,0xEE55,0xEE55,0xEE55,0xEE55,0xEE75,0xEE55,0xEE75,0xEE55,0xEE75,
0xEE55,0xEE75,0xEE55,0xEE75,0xEE55,0xEE75,0xEE55,0xEE75,0xEE55,0xEE75,0xEE55,0xEE75,
0xEE55,0xEE75,0xEE55,0xEE75,0xEE55,0xEE75,0xEE55,0xEE75,0xEE55,0xEE75,0xEE55,0xEE75,
0xEE55,0xEE75,0xEE55,0xEE75,0xEE55,0xEE75,0xEE55,0xEE75,0xEE55,0xEE75,0xEE55,0xEE75,
0xEE55,0xEE75,0xEE55,0xEE75,0xEE55,0xEE75,0xEE55,0xEE75,0xEE55,0xEE75,0xEE55,0xEE75,
0xEE55,0xEE75,0xEE55,0xEE75,0xEE55,0xEE75,0xEE55,0xEE75,0xEE55,0xEE75,0xEE55,0xEE75,
0xEE55,0xEE54,0xEE55,0xF674,0xBDB4,0x7B8B,0xCF3D,0xC6DB,0xBEDB,0xC6FB,0xC6FC,0xCF5C,
0x9534,0x63AE,0xDF3D,0xF7FF,0xFFFF,0xFFFE,0xFFFF,0xFFFE,0xFFFF,0xFFFF,0xFFFD,0xFFDC,
0xF74D,0xF74C,0xF74C,0xF76C,0xF74C,0xF76C,0xF74C,0xFF6C,0xF74C,0xFF6C,0xF74C,0xFF6C,
0xF74C,0xFF6C,0xF74C,0xF76C,0xF74C,0xF76C,0xF74C,0xFF4B,0xF74D,0xFFAD,0x6B21,0xC5CB,
0xFFF1,0x9462,0xBD87,0xFFEF,0xA508,0x9485,0xDE8F,0x7382,0xFFB4,0x83E4,0xE6CE,0xFFB1,
0xAD2C,0xAD2B,0xFFB4,0xFF72,0xFFB9,0x6B46,0xD695,0xFFDA,0xF7BA,0xFFDA,0xF7DD,0xFFFC,
0xF7FE,0xFFFE,0xEF1D,0x838E,0xF5BA,0xFDDA,0xB453,0x7A8B,0xBBF3,0xF599,0xEE1A,0x722A,
0x03C6,0x2D6E,0x1CAA,0x03A7,0x3C8C,0x23AA,0x442C,0x3C2C,0x0346,0x13E9,0x356D,0x0386,
0x1285,0x0A45,0x0386,0x1C4A,0x0D4A,0x158C,0x15AB,0x0DAB,0x15AB,0x0D8B,0x15AB,0x0D8B,
0x15AB,0x0D8B,0x1DCB,0x0D4A,0x1247,0x5C91,0x965C,0x85FC,0x8E5C,0x861B,0x863B,0x861C,
0xA639,0x2A6B,0xE614,0xEE56,0xEE55,0xEE55,0xEE75,0xEE55,0xEE75,0xE655,0xEE75,0xEE55,
0xEE75,0xE655,0xEE55,0xEE55,0xF6B6,0xF696,0xEE75,0xEE55,0xEE75,0xE655,0xEE75,0xE655,
0xEE75,0xEE55,0xEE75,0xEE55,0xEE75,0xEE55,0xEE75,0xE655,0xEE75,0xEE55,0xEE75,0xEE55,
0xEE75,0xEE55,0xEE75,0xEE55,0xEE75,0xEE55,0xEE75,0xEE55,0xEE75,0xEE55,0xEE75,0xEE55,
0xEE75,0xEE55,0xEE75,0xEE55,0xEE75,0xEE55,0xEE75,0xEE55,0xEE75,0xE655,0xEE75,0xE655,
0xEE75,0xE655,0xEE75,0xE655,0xEE75,0xEE55,0xEE75,0xEE55,0xEE75,0xEE55,0xEE75,0xEE55,
0xEE75,0xEE55,0xEE75,0xEE55,0xEE75,0xEE55,0xEE75,0xEE55,0xEE75,0xEE55,0xEE74,0xF696,
0x9CB0,0x8C70,0xCF7D,0xBEFC,0xC71B,0xBEFC,0xC71B,0xC71C,0xB658,0x42AA,0xE77D,0xF7FF,
0xFFFE,0xF7FF,0xFFFF,0xF7FF,0xFFFF,0xF7FF,0xFFFC,0xEF9A,0xF74B,0xEF6C,0xF76C,0xEF6C,
0xF76C,0xF74C,0xF76B,0xF76C,0xF76B,0xF74C,0xF76B,0xF74C,0xF76B,0xF74C,0xF76B,0xF74C,
0xF74C,0xF74D,0xF76D,0xF74E,0xF76E,0xFF90,0xDED3,0x52A3,0xEF75,0xEF55,0x7388,0xF7B9,
0xEF79,0x5AE8,0xF7BB,0x634B,0xF7BC,0x844F,0xD6B9,0xFFFF,0xA534,0xADB6,0xFFFF,0xFFFF,
0xEF7D,0x5B0C,0xFFFF,0xFFFF,0xFFFF,0xF7FF,0xFFFF,0xF7FF,0xFFFF,0xF7FF,0xFF9D,0x6B2D,
0xFE3B,0xB413,0x73AD,0xDEFB,0x9451,0x62EC,0x836E,0x5A4A,0x0325,0x352C,0x254D,0x03E6,
0x0BC8,0x248A,0x244B,0x13C8,0x0325,0x350B,0x1D8C,0x152A,0x2225,0x5369,0x2368,0x2387,
0x0DAB,0x0DAB,0x0D8B,0x15AB,0x158B,0x15AB,0x0D8B,0x15AB,0x15CC,0x0D6A,0x1B28,0x0A84,
0x6495,0x9E5B,0x85FB,0x8E1B,0x861B,0x8E1B,0x861B,0x8E1B,0x9E5B,0x53D1,0x93AB,0xFEF8,
0xEE35,0xF654,0xEE55,0xEE55,0xEE55,0xEE55,0xEE55,0xEE54,0xEE75,0xFEB5,0xFEB6,0xE613,
0xACAF,0xA46D,0xDDD3,0xFEB6,0xF696,0xF674,0xEE55,0xEE54,0xEE55,0xEE75,0xEE55,0xEE75,
0xEE55,0xEE75,0xEE55,0xEE75,0xEE55,0xEE75,0xEE55,0xEE75,0xEE55,0xEE75,0xEE55,0xEE75,
0xEE55,0xEE75,0xEE55,0xEE75,0xEE55,0xEE75,0xEE55,0xEE75,0xEE55,0xEE75,0xEE55,0xEE75,
0xEE55,0xEE75,0xEE55,0xEE75,0xEE55,0xEE75,0xEE55,0xEE54,0xEE55,0xF695,0xEE75,0xEE54,
0xEE55,0xEE54,0xEE55,0xEE75,0xEE55,0xEE75,0xEE55,0xEE75,0xEE55,0xEE75,0xEE55,0xEE75,
0xEE55,0xEE75,0xEE55,0xEE75,0xEE55,0xEE54,0xEE35,0xFEB6,0x5B2B,0xBDF6,0xC71C,0xC6FB,
0xC6FB,0xC6FB,0xC6FC,0xC71B,0xC6BB,0x4289,0xE75D,0xFFFF,0xFFFF,0xFFFE,0xFFFF,0xFFFE,
0xFFFF,0xFFFF,0xFFFB,0xF798,0xF74C,0xF76C,0xF74D,0xF76D,0xF74F,0xFF6E,0xF771,0xFF70,
0xF772,0xFF92,0xF795,0xFFB5,0xF797,0xFFD7,0xF7BA,0xFFDA,0xF7DC,0xFFFC,0xFFDE,0xFFFD,
0xFFFE,0xFFFE,0xFFFF,0xAD54,0x73AE,0xFFFF,0x9D14,0xA554,0xFFFF,0x7C0F,0xBE18,0x8C71,
0xCE99,0x9CF2,0xB5D6,0xFFFF,0x9D13,0xC617,0xFFFF,0xFFFF,0xB5D7,0x842F,0xFFFF,0xFFFE,
0xFFFF,0xFFFE,0xFFFF,0xFFFE,0xFFFF,0xFFFE,0xFFFF,0x83EF,0x732D,0x8BCF,0xF7DE,0xFFFF,
0xFFFF,0xF7BD,0xC638,0xDEDA,0x0325,0x24AC,0x0DCB,0x0DCC,0x2429,0x0326,0x0B25,0x13A8,
0x0DAB,0x0DAC,0x3C8B,0x02A4,0xCD10,0xFEB7,0xE656,0x834B,0x0304,0x2CEC,0x0DCB,0x0DAB,
0x15AB,0x0DAB,0x1DAB,0x04E9,0x1AC6,0x1266,0x53B0,0x8DB9,0x967C,0x861B,0x8E1B,0x861B,
0x8E3B,0x861B,0x8E3B,0x861B,0x8E3B,0x8E5C,0x4A47,0xA513,0xFED6,0xEE75,0xEE75,0xEE75,
0xEE75,0xF696,0xFEB6,0xF696,0xDE13,0xB4CF,0x6B8C,0x52AA,0x6432,0x5C13,0x4A89,0x5B0C,
0xB4AE,0xE635,0xFED6,0xF696,0xEE75,0xEE55,0xEE75,0xE655,0xEE75,0xEE75,0xEE75,0xE675,
0xEE75,0xEE75,0xEE75,0xEE75,0xEE75,0xEE75,0xEE75,0xEE75,0xEE75,0xEE75,0xEE75,0xEE75,
0xEE75,0xEE75,0xEE75,0xEE75,0xEE75,0xEE75,0xEE75,0xEE75,0xEE75,0xEE75,0xEE75,0xEE75,
0xEE75,0xEE55,0xEE54,0xF696,0xE655,0xBD52,0xD5D3,0xEEB7,0xF695,0xEE55,0xEE75,0xE655,
0xEE75,0xEE75,0xEE75,0xEE75,0xEE75,0xEE75,0xEE75,0xEE75,0xEE75,0xEE75,0xEE75,0xEE75,
0xEE75,0xE655,0xEE95,0xD5F3,0x4ACA,0xD71C,0xC71B,0xBEFC,0xC71B,0xBEFC,0xC71B,0xBEFC,
0xD73C,0x4B0C,0xE73B,0xFFFF,0xFFFE,0xF7FF,0xFFFF,0xF7FF,0xFFFF,0xF7FF,0xFFFE,0xF7FF,
0xFFFC,0xF7DD,0xFFFD,0xF7DD,0xFFFE,0xF7FE,0xFFFF,0xF7FF,0xFFFF,0xFFFF,0xFFFF,0xF7FF,
0xFFFF,0xF7FF,0xFFFF,0xF7FF,0xFFFF,0xF7FF,0xFFFF,0xFFFF,0xFFFF,0xF7FF,0xFFFF,0xFFFF,
0x73AD,0xAD95,0xFFFF,0x6B8E,0xF7DE,0xCE79,0x7BEE,0xBE18,0x94D2,0xC659,0x6B8D,0x94D3,
0x4A68,0x9CF3,0xFFFF,0xFFFF,0x842F,0xB5F7,0xFFFF,0xF7FF,0xFFFF,0xF7FF,0xFFFF,0xF7FF,
0xFFFF,0xF7FF,0xFFFF,0xD6FB,0xA554,0xFFFF,0xFFFF,0xF7FF,0xFFFF,0xFFFF,0xFFFF,0xFFFF,
0x0204,0x1B07,0x15CC,0x0DAB,0x15AC,0x15CB,0x15AC,0x15CB,0x0D8B,0x15CB,0x3245,0x9550,
0xFE96,0xF614,0xF635,0xFEB7,0x8CD0,0x29E3,0x0D8C,0x15AB,0x0D8B,0x15EB,0x2329,0x2307,
0x6475,0x9DFA,0x969E,0x8E3B,0x85FB,0x8E1B,0x8DFB,0x8E1A,0x8DFB,0x8E1B,0x8E1B,0x8E1B,
0x861C,0x8E7C,0x95D9,0x3ACC,0x7B4A,0xCDB3,0xEE75,0xF675,0xDE14,0xC50F,0x83EE,0x732A,
0x4B2E,0x6BF0,0x7558,0x965B,0x8E7D,0x967C,0x8E5C,0x7578,0x5B8F,0x4ACB,0x7309,0xAC8F,
0xDDD3,0xFEB5,0xFEB6,0xF695,0xEE55,0xEE54,0xEE55,0xEE75,0xEE55,0xEE75,0xEE55,0xEE75,
0xEE55,0xEE75,0xEE55,0xEE75,0xEE55,0xEE75,0xEE55,0xEE75,0xEE55,0xEE75,0xEE55,0xEE75,
0xEE55,0xEE75,0xEE55,0xEE75,0xEE55,0xEE75,0xEE55,0xEE75,0xEE35,0xEE54,0xEE96,0xD592,
0x6145,0x6103,0x5123,0x7A68,0xDDF3,0xF6B6,0xEE34,0xEE54,0xEE55,0xEE75,0xEE55,0xEE75,
0xEE55,0xEE75,0xEE55,0xEE75,0xEE55,0xEE75,0xEE55,0xEE75,0xEE55,0xEE54,0xEED8,0x8369,
0x84D3,0xD73C,0xBEDB,0xC6FB,0xC6DB,0xC6FB,0xBEFB,0xC6FB,0xD73C,0x5B4C,0xC638,0xFFFF,
0xFFFF,0xFFFE,0xFFFF,0xFFFE,0xFFFF,0xFFFE,0xFFFF,0xFFFE,0xFFFF,0xFFFF,0xFFFF,0xFFFF,
0xFFFF,0xFFFE,0xFFFF,0xFFFE,0xFFFF,0xFFFE,0xFFFF,0xFFFE,0xFFFF,0xFFFE,0xFFFF,0xFFFE,
0xFFFF,0xFFFE,0xFFFF,0xFFFE,0xFFFF,0xFFFE,0xFFFF,0xFFFF,0xF79D,0x5ACA,0xEF7D,0xBDF6,
0x94B2,0xFFFF,0x6B4D,0xCE58,0x738D,0x8C50,0x4A48,0xCE58,0x6B4D,0x5ACA,0x8450,0xFFFE,
0x5AEB,0xEF9D,0xFFFF,0xF79D,0xFFFF,0xFFFE,0xFFFF,0xFFFE,0xFFFF,0xFFFE,0xFFFF,0xFFFF,
0xFFFF,0xFFFE,0xFFFF,0xFFFE,0xFFFF,0xFFFE,0xFFFF,0xFFFE,0x4BCB,0x2AC8,0x156B,0x158C,
0x15AB,0x0DAB,0x15AB,0x0D8B,0x158B,0x0D6C,0x4224,0xD6D7,0xEE34,0xEE35,0xEE34,0xEE35,
0xFED8,0xA42E,0x02E4,0x2D0D,0x0DEC,0x160D,0x0A48,0x7DD7,0x9EBD,0x75BA,0x5412,0x8598,
0x8E3B,0x861B,0x8E1B,0x8E1B,0x8E3B,0x8E1C,0x8E3B,0x861B,0x8E3B,0x861B,0x8E5C,0x8E5D,
0x74B4,0x4B90,0x636D,0x638E,0x5BD0,0x6412,0x7537,0x85FB,0x967C,0x8E7D,0x8E5B,0x861B,
0x8E3B,0x861B,0x8E3B,0x8E3C,0x967D,0x865D,0x7D57,0x53F2,0x5AEA,0x52EB,0x93CB,0xB531,
0xE633,0xF696,0xFED6,0xF696,0xF675,0xEE55,0xEE75,0xEE55,0xEE75,0xE655,0xEE75,0xE675,
0xEE75,0xE655,0xEE75,0xE675,0xEE75,0xE675,0xEE75,0xE655,0xEE75,0xE655,0xEE75,0xE655,
0xEE75,0xE655,0xEE75,0xE655,0xEE74,0xE655,0xF697,0x6A26,0x8903,0x9966,0x9986,0x80E4,
0x4943,0xCD74,0xF6B6,0xE655,0xEE54,0xEE55,0xEE75,0xE655,0xEE75,0xE655,0xEE75,0xE655,
0xEE75,0xE655,0xEE75,0xE655,0xEE74,0xF696,0xBD94,0x5AA9,0xE79E,0xD75D,0xDF7C,0xDF7D,
0xE79D,0xE79E,0xEFBE,0xEFBE,0xFFFF,0x73EF,0xB5B6,0xFFFF,0xFFFF,0xFFFF,0xFFFF,0xFFFF,
0xFFFF,0xFFFF,0xFFFF,0xFFFF,0xFFFF,0xFFFF,0xFFFF,0xFFFF,0xFFFF,0xFFFF,0xFFFF,0xF7FF,
0xFFFF,0xFFFF,0xFFFF,0xFFFF,0xFFFF,0xFFFF,0xFFFF,0xFFFF,0xFFFF,0xFFFF,0xFFFF,0xFFFF,
0xFFFF,0xFFFF,0xFFFF,0xF7FF,0xFFFF,0xBE18,0x6B4C,0xFFFF,0x7C0F,0xEF9E,0xA534,0x9CF3,
0x630B,0x4208,0x8C50,0xFFFF,0x842F,0xA555,0x4A89,0xB5D7,0x6B6C,0xE77D,0x7BCE,0x6B6D,
0xD6DA,0xFFFF,0xFFFF,0xF7FF,0xFFFF,0xFFFF,0xFFFF,0xFFFF,0xFFFF,0xFFFF,0xFFFF,0xFFFF,
0xFFFF,0xFFFF,0xFFFF,0xFFFF,0x9D76,0xADD6,0x0365,0x356D,0x0DAB,0x0DAB,0x0DAB,0x15AB,
0x1D8C,0x154A,0x4A05,0xE6D7,0xEE14,0xF634,0xEE35,0xEE34,0xEE15,0xFEB6,0x7C6E,0x29E4,
0x0B87,0x13C7,0x09C7,0x8DD6,0x6412,0x42ED,0x6CD5,0x961A,0x861B,0x8E1B,0x8E1B,0x8E1B,
0x8E1B,0x8E1B,0x8E1B,0x8E3B,0x861B,0x8E3B,0x8E1B,0x8E3B,0x8E5C,0x967C,0x8E3C,0x8E3B,
0x8E5C,0x967C,0x8E3C,0x8E3B,0x8E1B,0x8E1B,0x8E1B,0x8E1B,0x8E1B,0x8E1B,0x8E1B,0x8E3B,
0x861B,0x8E3B,0x8E3C,0x967C,0x8E5D,0x85DA,0x6C94,0x53B0,0x52CA,0x5AEA,0x838B,0xACAF,
0xD572,0xEE54,0xF696,0xFEB6,0xF696,0xF675,0xEE55,0xEE54,0xEE55,0xEE75,0xEE55,0xEE75,
0xEE55,0xEE75,0xEE55,0xEE75,0xEE55,0xEE75,0xEE55,0xEE75,0xEE55,0xEE75,0xEE55,0xEE75,
0xEE55,0xEE75,0xE5F5,0x5142,0x9165,0x9965,0x9945,0xA165,0x7965,0x68E3,0xDE14,0xEE95,
0xEE35,0xF654,0xEE55,0xEE75,0xEE55,0xEE75,0xEE55,0xEE75,0xEE55,0xEE75,0xEE55,0xEE54,
0xEE75,0xEE54,0x4A48,0xD698,0xFFFF,0xFFFF,0xFFFF,0xFFFF,0xFFFF,0xFFFF,0xFFFF,0xFFFF,
0xFFFF,0xA513,0xA555,0xFFFF,0xFFFF,0xFFFE,0xFFFF,0xFFFF,0xFFFF,0xFFFF,0xFFFF,0xFFFE,
0xFFFF,0xFFFE,0xFFFF,0xFFFF,0xFFFF,0xFFFF,0xF7FF,0xFFFF,0xFFFF,0xFFFF,0xFFFF,0xFFFE,
0xFFFF,0xFFFE,0xFFFF,0xFFFE,0xFFFF,0xFFFE,0xFFFF,0xFFFE,0xFFFF,0xFFFE,0xFFFF,0xFFFE,
0xFFFF,0xFFFF,0x8C71,0x8C50,0x6B6D,0x83EF,0xF7BE,0x738D,0x630C,0xA4F2,0x8410,0xB5B5,
0x39C6,0x7BCE,0xD6BA,0xA533,0x8C91,0x6B6C,0xCE99,0xB5B5,0x8CB2,0xFFFF,0xFFFF,0xFFFF,
0xFFFF,0xFFFF,0xFFFF,0xFFDE,0xF7BD,0xF79C,0xF77B,0xF75A,0xF6F8,0xEED7,0xEE75,0xEE54,
0xCF5E,0xCF7F,0x64CF,0x1AA8,0x04E9,0x0D2B,0x0D4A,0x052A,0x1C8A,0x0366,0x5A25,0xEEB8,
0xEE54,0xEE55,0xEE54,0xEE55,0xEE54,0xEE55,0xF6B7,0xBCF1,0x9BCC,0xAC90,0x326A,0x9556,
0x7599,0x967D,0x96BD,0x863C,0x8E3B,0x861B,0x8E3B,0x8E1C,0x8E3B,0x8E1B,0x8E3B,0x8E1C,
0x8E3B,0x861C,0x8E3B,0x863B,0x8E3B,0x861B,0x8E3B,0x861C,0x8E3B,0x8E1C,0x8E3B,0x8E1B,
0x8E3B,0x8E1B,0x8E3B,0x8E1B,0x8E3B,0x8E1C,0x8E3B,0x8E1C,0x8E3B,0x861C,0x8E3B,0x863B,
0x8E3B,0x863C,0x8E7C,0x8E7D,0x8E5C,0x7DBB,0x74D5,0x53F2,0x530C,0x4ACC,0x6B09,0x7BAD,
0xACAE,0xCDB3,0xEE54,0xF6B6,0xFED6,0xF6B6,0xF695,0xEE56,0xEE75,0xEE55,0xEE55,0xEE55,
0xEE75,0xEE55,0xEE75,0xEE55,0xEE75,0xEE55,0xEE75,0xEE55,0xEE55,0xEE55,0xEE15,0x4943,
0x9965,0x9166,0x9965,0x9965,0x99A6,0x78C4,0x72A7,0xF6B8,0xEE54,0xEE35,0xEE75,0xEE55,
0xEE75,0xE655,0xEE75,0xE655,0xEE75,0xE655,0xEE54,0xEE96,0xE676,0x6287,0xAD95,0xFFFF,
0xFFFF,0xEF5C,0xF5F4,0xDD32,0xE4F0,0xED32,0xDE78,0xFF7C,0xFFFF,0xC659,0xA554,0xFFFF,
0xFFFF,0xFFFF,0xFFDE,0xE73C,0xEEB8,0xEE99,0xEF5C,0xFFFF,0xFFFF,0xF7FF,0xFF1B,0xDE38,
0xED51,0xDCD0,0xE4AE,0xE4CF,0xDD93,0xF657,0xF7DE,0xFFFF,0xFFFF,0xF7FF,0xFFFF,0xFFFF,
0xFFFF,0xFFFF,0xFFFF,0xFFFF,0xFFFF,0xF7FF,0xFFFF,0xFFFF,0xFFFF,0xFFFF,0xF77D,0x18C3,
0x9CD2,0x31A6,0xE73C,0x8C92,0x2103,0x8C30,0x6B4C,0x8C92,0x73AD,0xE73C,0xFFFF,0x73AE,
0x632B,0xA534,0xFFFF,0xAD96,0x8BCB,0xEED8,0xEE33,0xDDF3,0xE5D0,0xDD90,0xE56D,0xD52C,
0xDCEA,0xDCCA,0xDCC9,0xDCA9,0xDCA8,0xDC88,0xDC87,0xDC88,0xB6BB,0xC73C,0xCF5E,0xA5D7,
0x5B8D,0x42C9,0x3AC9,0x536B,0x7410,0x6B8D,0x6AA8,0xF6D7,0xEE34,0xEE54,0xEE35,0xEE54,
0xEE35,0xEE54,0xEE34,0xFE95,0xFED7,0xFED6,0x42CC,0x9D56,0x4B6F,0x4B2E,0x434F,0x7493,
0x8E3C,0x8E3B,0x8E1B,0x8E3B,0x8E1B,0x8E3B,0x8E1B,0x8E1B,0x8E1B,0x8E1B,0x8E1B,0x8E3B,
0x8E1B,0x8E3B,0x8E1B,0x8E3B,0x861B,0x8E3A,0x8E1B,0x8E3A,0x8E1B,0x8E3A,0x8E1B,0x8E3A,
0x8E1B,0x8E1B,0x8E1B,0x8E1B,0x8E1B,0x8E3B,0x8E1B,0x8E1B,0x8E1B,0x8E1B,0x8E1B,0x8E3B,
0x8E1B,0x8E3B,0x8E5C,0x967C,0x8E5D,0x8E3C,0x7D99,0x64B5,0x5B90,0x42EC,0x52AA,0x6B2B,
0x8B8B,0xAC8E,0xC551,0xDDD3,0xEE34,0xF695,0xFE96,0xFEB5,0xF696,0xFE95,0xF655,0xF654,
0xEE35,0xF655,0xEE55,0xF654,0xEE55,0xF654,0xF697,0x6A25,0x8904,0x9985,0x9945,0x9965,
0x9966,0xA186,0x48E2,0xDD73,0xEE75,0xEE54,0xEE55,0xEE54,0xEE55,0xEE54,0xEE55,0xEE54,
0xEE55,0xEE74,0xF6B6,0xDDD2,0x5268,0xAD53,0xFFFF,0xFFFE,0xF572,0xCC2C,0xE3E9,0xEC4A,
0xEC8B,0xEC6A,0xDBCB,0xEC2B,0xDE78,0xFFDD,0xEFBE,0xFFFF,0xFF9D,0xDE37,0xE44D,0xDBEB,
0xEBAA,0xEBA9,0xD40C,0xECCE,0xFE98,0xDD93,0xE4CB,0xF52B,0xED8B,0xF5AB,0xF5AC,0xED8B,
0xF4AB,0xE428,0xC48F,0xFE76,0xFFFF,0xFFFF,0xFFFF,0xFFFF,0xFFFF,0xFFFF,0xFFFF,0xFFFF,
0xFFFF,0xFFFF,0xFFFF,0xFFFF,0xFFDE,0xFFFE,0xB575,0x736C,0x736E,0x630B,0x6AEA,0xCDB4,
0x3165,0x7BAD,0x72A8,0xCD93,0x8AC6,0xCCAC,0xC4CF,0x5120,0x632C,0xFFFF,0xFFFF,0x8C2F,
0xAB45,0xDCCA,0xDC87,0xE487,0xDC88,0xE4A7,0xDCA8,0xE4C8,0xDCA9,0xE4C8,0xDCC9,0xE4C8,
0xE4C9,0xE4C8,0xE4C9,0xE4C8,0x32E9,0xA678,0xC73C,0xC73D,0xCF7D,0xC73D,0xC73D,0xC73D,
0xD77E,0x9576,0x836A,0xEEB8,0xEE54,0xEE55,0xEE55,0xEE55,0xEE55,0xEE55,0xEE75,0xDDF4,
0xAC8F,0xACB0,0x3ACC,0x9DD8,0x7558,0x7579,0x7DB9,0x85FB,0x8E3B,0x861C,0x8E3B,0x861C,
0x8E3B,0x861B,0x8E3B,0x861B,0x8E3B,0x861B,0x8E3B,0x861B,0x8E3B,0x861B,0x8E3B,0x861B,
0x8E3B,0x861B,0x8E1B,0x8E1B,0x8E1B,0x8E1B,0x8E1B,0x8E1B,0x8E1B,0x861B,0x8E1B,0x861B,
0x8E1B,0x8E1B,0x8E1B,0x8E1B,0x8E1B,0x8E1B,0x8E1B,0x8E1B,0x8E1B,0x861B,0x8E3B,0x861B,
0x8E3B,0x861C,0x8E3C,0x8E3C,0x967D,0x8E5D,0x8E3B,0x759A,0x74D5,0x53F2,0x41A5,0x732C,
0x72E9,0x72EA,0x7B4A,0x83AC,0xA46E,0xB511,0xDDD2,0xEE76,0xF695,0xF6B6,0xFEB6,0xF696,
0xF675,0xEE55,0xF6D7,0xA42E,0x68A2,0x89A7,0x9985,0x9966,0x9965,0x9966,0x5923,0xA36C,
0xFED6,0xE655,0xEE55,0xE655,0xEE55,0xE655,0xEE55,0xEE76,0xFEB6,0xEE35,0x8BED,0x5227,
0xBE37,0xFFFF,0xFF9B,0xCD53,0xDC08,0xF4EC,0xEE8C,0xF6AE,0xF6ED,0xEECE,0xFDEE,0xDCEA,
0xCC2C,0xFDF4,0xFFFF,0xE71B,0xE46C,0xDC0B,0xED6A,0xF5CD,0xF62D,0xE5CC,0xF4CC,0xDC09,
0xE3E8,0xF48B,0xFF0E,0xF6EE,0xF6EE,0xF6CE,0xF6EE,0xF6CE,0xFECE,0xEEAE,0xFD6D,0xD449,
0xDE36,0xFF7C,0xEF5B,0xE71A,0xEEF8,0xE698,0xEE34,0xDDD4,0xE5B1,0xE591,0xE58E,0xDD4E,
0xE50B,0xE52C,0x7B29,0xD5F5,0xAD55,0x424A,0x40C0,0xABEC,0x6AA8,0x732B,0x38A0,0xA3ED,
0x9AA2,0xD48A,0xA3EB,0x2820,0xD6BA,0xFFFF,0xFFBC,0x5AC9,0xD4A9,0xDCCA,0xDCC8,0xDCC9,
0xE4E8,0xDCC9,0xE4E9,0xDCC9,0xE4C8,0xDCC9,0xE4E8,0xDCC9,0xE4C9,0xE4C9,0xE4C9,0xDCC9,
0x2309,0x9676,0xC71C,0xC71B,0xC6FC,0xC71B,0xBF1C,0xC71B,0xCF3D,0x84B2,0x93CC,0xF6B7,
0xEE35,0xF654,0xEE55,0xEE74,0xEE55,0xEE54,0xF6B7,0xA44D,0x6B4D,0xAD33,0x32AC,0xA65A,
0x8E7D,0x969D,0x8E7D,0x967C,0x8E5C,0x8E3B,0x861B,0x8E3B,0x861B,0x8E3B,0x861B,0x8E3B,
0x861B,0x8E3B,0x861B,0x8E3B,0x861B,0x8E3B,0x8E1B,0x8E3B,0x8E1B,0x8E3B,0x8E1B,0x8E1B,
0x8E1B,0x8E1B,0x8E1B,0x8E1B,0x8E1B,0x8E1B,0x8E1B,0x8E3B,0x8E1B,0x8E1B,0x8E1B,0x8E1B,
0x8E1B,0x8E1B,0x8E1B,0x8E1B,0x8E1B,0x8E1B,0x8E1B,0x8E1B,0x8E1B,0x8E3B,0x861B,0x8E3B,
0x861B,0x8E1B,0x861B,0x8E3B,0x967D,0x861B,0x738D,0x840E,0xEE34,0xEE13,0xCD52,0xC4F0,
0xAC8F,0xA42D,0x732B,0x4184,0x62CA,0x734B,0x93ED,0xACAF,0xCD31,0xDDD3,0xE634,0xEE34,
0x60E3,0x79A5,0x9966,0xA165,0x9945,0xA165,0x6965,0x8A47,0xFEF8,0xF6B5,0xF696,0xFEB5,
0xFEB6,0xFEB5,0xF675,0xD591,0x838D,0x5A26,0x8430,0xF79D,0xFFFF,0xFFFF,0xF530,0xD40B,
0xE5AB,0xFE8E,0xF6CD,0xF6CD,0xF6CD,0xF6CD,0xF6CE,0xFECD,0xECED,0xDC4A,0xFDB3,0xD42C,
0xDCE9,0xFE2E,0xF6EE,0xF6ED,0xF6CD,0xF6ED,0xFEAF,0xEE2C,0xDC29,0xFCEB,0xF6CE,0xF6CD,
0xF6AD,0xF6AD,0xF6AE,0xF6AD,0xF6AD,0xF6CD,0xFEAE,0xF66C,0xE46A,0xEC8A,0xE489,0xE488,
0xE408,0xE3E7,0xE428,0xEC88,0xEC89,0xE468,0xDC48,0xEC88,0xE4A8,0xECE8,0x7B29,0xD5B2,
0xFFFF,0x6B2C,0x2820,0x7A87,0x7B2A,0x72A8,0x1800,0x9BAB,0x9283,0xC429,0x5A05,0x93CC,
0xFFFF,0xFFFF,0xD615,0x6AA7,0xE4E9,0xE4A8,0xDCA9,0xE4C8,0xDCC9,0xE4C8,0xDCC9,0xE4C8,
0xDCC9,0xE4C8,0xDCC9,0xE4C8,0xE4C9,0xE4C8,0xE4A9,0xE4C8,0x2AE9,0xA6D9,0xC71C,0xBEFC,
0xC71B,0xBEFC,0xC71C,0xBEFC,0xDF7D,0x6C31,0xA44D,0xEEB7,0xEE54,0xEE55,0xEE75,0xE655,
0xEE75,0xEE55,0xF6D7,0x93EC,0xB5B5,0xFFFF,0x6BCE,0x42AB,0x534E,0x5BB0,0x5BF0,0x5BF1,
0x64D5,0x7DB9,0x8E5C,0x8E7D,0x967C,0x8E5D,0x8E5C,0x8E7D,0x967C,0x863C,0x8E3B,0x861C,
0x8E3B,0x861C,0x8E3B,0x863C,0x8E3B,0x861B,0x8E3B,0x861B,0x8E3B,0x861B,0x8E3B,0x8E1B,
0x8E3B,0x8E1B,0x8E3B,0x8E1B,0x8E3B,0x8E1B,0x8E3B,0x8E1B,0x8E3B,0x8E1B,0x8E3B,0x8E1B,
0x8E3B,0x8E1B,0x8E3B,0x8E1B,0x8E3B,0x8E1B,0x8E3B,0x861B,0x8E3B,0x861B,0x863B,0x863C,
0x961A,0x330E,0x9E5B,0x5C74,0x5AA8,0x8C0F,0xCD50,0xDDB3,0xDDD3,0xB48F,0x4ACB,0x6BD0,
0x85FA,0x7579,0x6CF5,0x5C54,0x63F0,0x5BB0,0x6BF0,0x6C32,0x7B4D,0x3125,0x9965,0x9966,
0x9965,0x9966,0x71A5,0x6124,0xACAF,0xA48F,0xAC6E,0xA44E,0x940D,0x7B2B,0x5AA9,0x5AAA,
0x94B2,0xE75C,0xFFFF,0xFFFF,0xFFFE,0xE6DA,0xD408,0xECEC,0xF6ED,0xF6CE,0xF6AE,0xE60C,
0xE5EB,0xEE4E,0xF6CD,0xEECD,0xFE6F,0xDD0A,0xDBE8,0xF48B,0xF6CD,0xF6CE,0xF6CD,0xEEAE,
0xF6AD,0xF6AE,0xF6AD,0xFEEE,0xE4EA,0xED2C,0xF6EE,0xEEAD,0xF6CD,0xF6AE,0xEE6C,0xEE6D,
0xF6CD,0xEEAD,0xF6CD,0xF6CE,0xFDED,0xD488,0xF449,0xEC09,0xE4C9,0xFD8D,0xF6AD,0xF6CE,
0xFECE,0xEE8E,0xECEA,0xDC69,0xECA8,0xE4A9,0xA3EB,0xB46D,0xFFFF,0xE75D,0x4123,0x4124,
0x936A,0x6A26,0x1840,0x3944,0x41C5,0xBD74,0x4A48,0xE71C,0xF7FF,0xFFFF,0xBCEF,0x834A,
0xECE9,0xDCA8,0xDCC8,0xDCC9,0xE4C8,0xDCC9,0xE4C8,0xDCC9,0xE4C8,0xDCC9,0xE4C8,0xDCC9,
0xE4C9,0xDCC9,0xE4C8,0xDCA9,0x6C70,0xD79C,0xDF5D,0xDF7D,0xDF7D,0xE79D,0xEFBE,0xF7DE,
0xFFFF,0x8450,0xA44E,0xF6B6,0xEE35,0xEE13,0xEE55,0xF695,0xEE55,0xEE54,0xF6D8,0x7B08,
0xC658,0xFFFF,0xFFDF,0xE71B,0xD6BA,0xD678,0xBDF7,0xAD33,0x8430,0x634C,0x4B2E,0x63CF,
0x63F1,0x53AF,0x5B8F,0x63AF,0x64B5,0x8DF9,0x8E7D,0x967C,0x8E5C,0x8E5B,0x861B,0x8E3B,
0x861B,0x8E3B,0x861B,0x8E3B,0x861B,0x8E3B,0x8E1B,0x8E3B,0x8E1B,0x8E1B,0x8E1B,0x8E3B,
0x8E1B,0x8E3B,0x8E1B,0x8E3B,0x8E1B,0x8E3B,0x8E1B,0x8E1B,0x8E1B,0x8E1B,0x8E1B,0x8E1B,
0x8E1B,0x8E1B,0x8E1B,0x8E3B,0x861B,0x8E3B,0x861B,0x969C,0x4BB0,0x6452,0x8E7D,0x967D,
0x8DFA,0x6494,0x5B6F,0x532D,0x4B4E,0x5BAF,0x7579,0x965C,0x8DFA,0x5C53,0x8E1B,0x967C,
0x8E5C,0x8E5C,0x8E5D,0x8E5C,0x9E7C,0x6CD5,0x58A2,0x7164,0xA945,0xA944,0x4125,0x728A,
0x5BF2,0x4BB0,0x5B6F,0x3229,0x8430,0xD699,0xE75C,0xFFFF,0xFFFF,0xFFFF,0xF79C,0xEF5A,
0xFEB7,0xD4EF,0xD468,0xFE0E,0xF6CE,0xF6CD,0xE50B,0xDCC9,0xDC89,0xE4A9,0xEE4D,0xFEAD,
0xFE8F,0xE56A,0xD468,0xFE2E,0xF6CE,0xF6CD,0xF6AE,0xF6CD,0xF6AE,0xF6AD,0xF68D,0xFECD,
0xDCEA,0xF56B,0xF6CE,0xF6CD,0xFE8E,0xEE0B,0xE468,0xECA9,0xEE2C,0xFEAD,0xF6AD,0xF6CD,
0xFE8F,0xDD29,0xDC28,0xFD2B,0xEECD,0xF6ED,0xF6CE,0xF6CD,0xF6AD,0xF6ED,0xFE0E,0xD488,
0xE468,0xF4A9,0xDCAC,0xC3C8,0xE6FA,0xFFDD,0xC5B6,0x1881,0x5185,0x51A4,0x20C2,0x734C,
0x73AE,0xDEDA,0x62EB,0xFFFE,0xF79E,0xFFFF,0xC552,0x7B28,0xECE9,0xE4A8,0xDCA9,0xE4C8,
0xE4C9,0xE4C8,0xE4C9,0xE4C8,0xE4C9,0xE4C8,0xE4C9,0xE4C8,0xE4C9,0xE4C8,0xE4A9,0xE4C8,
0xFFFF,0xFFFF,0xFFFF,0xFFFF,0xFFFF,0xFFFF,0xFFFF,0xFFFF,0xFFFF,0x94B2,0xA42C,0xFEF8,
0xFEB6,0xD592,0x51E5,0xBD53,0xF675,0xEE34,0xBD32,0x5A47,0xF7BD,0xF7FF,0xFFFF,0xFFFF,
0xFFFF,0xFFFF,0xFFFF,0xFFFF,0xFFFF,0xFFFF,0xE73B,0xAD96,0xAD54,0xD6DA,0xEF9D,0xD6BA,
0x94D2,0x634D,0x536E,0x5BF1,0x6D16,0x85B9,0x8E5B,0x8E7C,0x969C,0x8E7D,0x8E5C,0x863C,
0x8E3B,0x861C,0x8E3B,0x861B,0x8E3B,0x861C,0x8E3B,0x8E1C,0x8E3B,0x8E3C,0x8E3B,0x8E3C,
0x8E3B,0x8E3C,0x8E3B,0x8E3C,0x8E3B,0x8E3C,0x8E3B,0x8E3C,0x8E3B,0x8E1C,0x8E3B,0x8E1C,
0x8E3B,0x861B,0x8E3B,0x85FA,0x32CD,0x9E3B,0x863B,0x861C,0x863C,0x8E5D,0xA6BD,0x5C75,
0x7DB9,0x967D,0x961A,0x43B1,0x9E1A,0x6CD5,0x3B0D,0x8DB8,0x8E3B,0x861B,0x8E1B,0x861B,
0x863B,0x969E,0x8D56,0x3AAD,0x5985,0x5125,0x432E,0xA63B,0x8E9D,0x8E7D,0x967D,0x861C,
0x636D,0xCEBB,0xFFFF,0xF7FF,0xFFFE,0xE73B,0xDCC9,0xD4A9,0xEC49,0xDC08,0xDD2A,0xFE6F,
0xFEAE,0xE60C,0xDC88,0xE4A9,0xE4A8,0xE489,0xDD69,0xFE8E,0xFE4E,0xCC68,0xE58B,0xFE8F,
0xF6CD,0xEEAD,0xF6CD,0xEE6D,0xEE8C,0xF6AE,0xF6AD,0xF6AE,0xE50A,0xED8C,0xF6ED,0xEEAD,
0xFEAE,0xDDAA,0xE488,0xE489,0xDD29,0xFE6E,0xF6CD,0xEECD,0xFE8E,0xDD4A,0xEE0C,0xFEAF,
0xF6CD,0xEECE,0xF6CD,0xF6AE,0xF6CD,0xEECE,0xFE6F,0xD4C9,0xD448,0xFDAE,0xFEAD,0xEE2C,
0xF56D,0xED4D,0xEEB8,0x8BAD,0x3164,0x736D,0x4185,0x6ACB,0x7BEF,0x9CD3,0x9491,0xFFFF,
0xF79E,0xF7BF,0xEEF9,0x5A68,0xE4E9,0xDCA9,0xE4C8,0xDCA9,0xE4C8,0xE4C9,0xE4C8,0xDCC9,
0xE4C8,0xDCC9,0xE4C8,0xDCC9,0xE4C8,0xDCC9,0xE4C9,0xDCA9,0xFFFF,0xFFFE,0xFFFF,0xFFFE,
0xFFFF,0xFFFF,0xFFFF,0xFFFE,0xFFFF,0xE73B,0x6B0A,0x7B8B,0x838C,0x7B6B,0x8C50,0x7BCD,
0x734C,0x734B,0x6B6D,0xD678,0xFFFF,0xFFFE,0xFFFF,0xFFFE,0xFFFF,0xFFFF,0xFFFF,0xFFFF,
0xFFFF,0xFFFE,0xFFFF,0xFFFF,0xFFFF,0xFFFF,0xFFFF,0xFFFF,0xFFFF,0xFFFE,0xDF1B,0xC616,
0x62EB,0x20E2,0x426A,0x5B0C,0x53B0,0x6C93,0x7537,0x8DD9,0x8E7D,0x967C,0x861B,0x8E3B,
0x8E1B,0x8E3B,0x8E1B,0x8E3B,0x8E1B,0x8E3B,0x8E1B,0x8E3B,0x8E1B,0x8E3B,0x8E1B,0x8E3B,
0x8E1B,0x8E3B,0x8E1B,0x8E3B,0x8E1B,0x8E3B,0x8E1B,0x8E3B,0x8E1B,0x8E3B,0x963C,0x6494,
0x64B5,0x9E5B,0x861B,0x8E3B,0x861C,0x8E3B,0x9E5C,0x6494,0x4C13,0x9E5B,0x963B,0x64B5,
0x3B2F,0xAEBC,0x7D38,0x74F5,0x8E3C,0x8E1B,0x861B,0x8E3B,0x861B,0x8E1B,0x8E5C,0x969C,
0x85FB,0x85FA,0x967D,0x8E3B,0x861B,0x8E1B,0x861C,0x8E5C,0x95B9,0x3AED,0xC659,0xFFFF,
0xFFDC,0xD5F3,0xDC88,0xE4C8,0xEC4A,0xE408,0xE5AB,0xFEAE,0xFE8E,0xDD69,0xE489,0xE4A8,
0xE4A9,0xE4A8,0xD4C8,0xFE4D,0xFD8D,0xD447,0xF64D,0xFE8E,0xF6AD,0xF6CD,0xFDCD,0xDCA7,
0xDCA8,0xFDAB,0xF6AE,0xFECD,0xDCEA,0xF5AC,0xF6CD,0xF6CD,0xFE8E,0xE5CA,0xE469,0xEC88,
0xD509,0xFE8E,0xF6AE,0xFEAD,0xDD2A,0xFE0D,0xF6CE,0xF6CD,0xF6AE,0xF6CD,0xF6AE,0xF6AD,
0xF6AD,0xF6AD,0xFE6F,0xDCE9,0xD468,0xFE2E,0xF6CD,0xF6ED,0xFEAE,0xF62C,0xD5B4,0xFF9B,
0x5AAB,0x62CA,0x3125,0x28C2,0x73AE,0x6B2B,0xC618,0xFFDE,0xF79E,0xF79D,0xFFFF,0x83EE,
0xB3A6,0xE4EA,0xDCA8,0xE4C8,0xE4A9,0xE4C8,0xE4A9,0xE4C8,0xE4A9,0xE4C8,0xE4A9,0xE4C8,
0xE4A9,0xE4C8,0xE4A9,0xE4A8,0xFFFF,0xFFFF,0xFFFF,0xFFFF,0xFFFF,0xFFFF,0xFFFF,0xFFFF,
0xFFFF,0xFFFF,0xF7BE,0xCE9A,0xDEFB,0xEFBE,0xFFFF,0xFFFF,0xF7FE,0xF7FF,0xFFFF,0xFFFF,
0xFFFF,0xFFFF,0xFFFF,0xFFFF,0xFFFF,0xFFFF,0xFFFF,0xFFFF,0xFFFF,0xFFFF,0xFFFF,0xFFFF,
0xFFFF,0xFFFF,0xFFFF,0xFFFF,0xFFFF,0xFFFF,0xF7DE,0x94F3,0x8C70,0xAD95,0x4A07,0x6B2D,
0x7B8D,0x62CB,0x5289,0x4A69,0x32AB,0x6411,0x8E3B,0x863C,0x8E3B,0x863C,0x8E3B,0x8E1C,
0x8E3B,0x8E1C,0x8E3B,0x8E3C,0x8E3B,0x8E3C,0x8E3B,0x8E3C,0x8E3B,0x8E3C,0x8E3B,0x8E3C,
0x8E3B,0x8E3C,0x8E3B,0x8E3C,0x8E3B,0x861B,0x8E5B,0x7DFB,0x8E5B,0x863C,0x8E3B,0x861B,
0x8E3B,0x863C,0x963B,0x7D99,0x332E,0x9E5B,0x8E3B,0x969D,0x4B4E,0x6452,0x969D,0x8E3C,
0x8E3B,0x863C,0x8E3B,0x8E1C,0x8E3B,0x861C,0x8E3B,0x863B,0x8E5B,0x8E3C,0x8E3B,0x861B,
0x8E3B,0x861B,0x863B,0x863C,0x965C,0x85FB,0x4AAA,0xC6BB,0xFF98,0xBCEE,0xE4C8,0xDCC8,
0xEC69,0xDC08,0xEDEB,0xFE8F,0xFE8E,0xD529,0xE4A8,0xE4A9,0xE4C8,0xE4A9,0xD4C8,0xFE2E,
0xF54B,0xD489,0xF6AE,0xF6AE,0xF6AD,0xF6AE,0xE4C8,0xDCA8,0xE4C8,0xE4A9,0xF68D,0xFEAE,
0xDCE9,0xF5AD,0xF6ED,0xEECD,0xFEAE,0xE5EB,0xE468,0xE469,0xE5EA,0xFEAE,0xFEAE,0xDD6A,
0xEE0C,0xFEAF,0xF6CD,0xEEAD,0xF6ED,0xF6EE,0xF6CD,0xEEAE,0xF6CD,0xEEAE,0xFE6F,0xD4C9,
0xD4C8,0xFE4F,0xF6CD,0xEEAD,0xFEAF,0xDD4A,0xE657,0xFFDE,0xCE58,0x39A7,0x49C6,0x1000,
0x5AAA,0x62EB,0xF79D,0xF7BE,0xF79D,0xEF7E,0xFFFF,0xB5B6,0x92A2,0xDD0C,0xE4A8,0xE4A9,
0xE4C8,0xDCC9,0xE4C8,0xDCC9,0xE4C8,0xDCC9,0xE4C8,0xDCA9,0xE4C8,0xDCC9,0xE4C8,0xDCA9,
0xFFFF,0xFFFE,0xFFFF,0xFFFE,0xFFFF,0xFFFE,0xFFFF,0xFFFE,0xFFFF,0xFFFE,0xFFFF,0xFFFF,
0xFFFF,0xFFFF,0xFFFF,0xFFFE,0xFFFF,0xFFFE,0xFFFF,0xFFFE,0xFFFF,0xFFFE,0xFFFF,0xFFFE,
0xFFFF,0xFFFE,0xFFFF,0xFFFE,0xFFFF,0xFFFE,0xFFFF,0xFFFE,0xFFFF,0xFFFE,0xFFFF,0xFFFF,
0xF7BE,0xAD53,0x632C,0x5AEA,0xFFFF,0xFFFF,0xCE99,0x4207,0x6B0C,0xA4B2,0x9451,0x9C91,
0x41E7,0x83EE,0x4BD1,0xA65A,0x861B,0x8E3B,0x8E1B,0x8E3B,0x8E1B,0x8E3B,0x8E1B,0x8E3B,
0x8E1B,0x8E3B,0x8E1B,0x8E3B,0x8E1B,0x8E3B,0x8E1B,0x8E3B,0x8E1B,0x8E3B,0x8E1B,0x8E3B,
0x8E1B,0x8E3B,0x861B,0x8E3B,0x8E3C,0x8E3B,0x861B,0x8E3B,0x861B,0x8E3B,0x8E1B,0x963B,
0x2ACD,0x9E19,0x861C,0x8E5B,0x95FA,0x6473,0x8E3B,0x8E3B,0x8E1B,0x8E3B,0x8E1B,0x8E3B,
0x8E1B,0x8E3B,0x8E1B,0x8E3B,0x8E1B,0x8E3B,0x8E1B,0x8E3B,0x861B,0x8E3B,0x861B,0x8E3B,
0x861C,0x8E7C,0x9598,0x3ACC,0xDD0C,0xD4EB,0xDCA8,0xE4C8,0xEC4A,0xE408,0xE5CB,0xFE8E,
0xFE8E,0xDD69,0xDC88,0xE4A8,0xE4A9,0xE4C8,0xD4C8,0xFE4D,0xE4CA,0xE4CA,0xF6CE,0xF6AD,
0xFEAE,0xF64C,0xDC88,0xECA8,0xE4A9,0xE488,0xEE0C,0xFEAE,0xD4C9,0xFDED,0xF6AD,0xF6CD,
0xF68E,0xF64C,0xDD2A,0xF5CB,0xF6AE,0xFECD,0xEDAC,0xED8A,0xFECE,0xFEAD,0xF6AD,0xFECD,
0xF62D,0xE58A,0xEE6D,0xFECE,0xF6EE,0xF70D,0xFE4F,0xD488,0xDD0A,0xFE8F,0xF6AD,0xF6CD,
0xFE50,0xD4C9,0xEEFB,0xFF7C,0xFFFF,0x9CB2,0x2061,0x1000,0x39A6,0x8C2F,0xFFFF,0xFFFE,
0xFFDF,0xFFDE,0xFFFF,0xD6B9,0x7A42,0xDD0C,0xE4A8,0xE4A8,0xE4C9,0xE4C8,0xE4C9,0xE4C8,
0xE4C9,0xE4C8,0xE4A9,0xE4C8,0xE4A9,0xE4C8,0xE4C9,0xE4C8,0xFFFF,0xFFFF,0xFFFF,0xFFFF,
0xFFFF,0xFFFF,0xFFFF,0xFFFF,0xFFFF,0xFFFF,0xFFFF,0xFFFF,0xFFFF,0xFFFF,0xFFFF,0xFFFF,
0xFFFF,0xFFFF,0xFFFF,0xFFFF,0xFFFF,0xFFFF,0xFFFF,0xFFFF,0xFFFF,0xFFFF,0xFFFF,0xFFFF,
0xFFFF,0xFFFF,0xFFFF,0xF7FF,0xFFFF,0xFFFF,0xEF7C,0x94D3,0x5B4C,0x84B2,0xDF7C,0x7471,
0xEF7C,0xFFFF,0xFFFF,0xEFBE,0x4A27,0x5269,0x9C71,0x9451,0x4A48,0xF79D,0x74B3,0x8535,
0x8E5C,0x863C,0x8E3B,0x861C,0x8E3B,0x8E1C,0x8E3B,0x8E1C,0x8E3B,0x8E3C,0x8E3B,0x8E3C,
0x8E3B,0x8E3C,0x8E3B,0x8E3C,0x8E3B,0x8E3C,0x8E3B,0x8E3C,0x8E3B,0x8E1C,0x8E3B,0x8E1C,
0x8E3B,0x8E1C,0x8E3B,0x8E1C,0x8E3B,0x861C,0x8E3B,0x8E5C,0x4BF1,0x8DDA,0x8E3B,0x863C,
0x8E3B,0x8E5C,0x8E3B,0x861C,0x8E3B,0x8E3C,0x8E3B,0x8E3C,0x8E3B,0x8E1C,0x8E3B,0x8E1C,
0x8E3B,0x8E3C,0x8E3B,0x8E1C,0x8E3B,0x8E1C,0x8E3B,0x861B,0x8E3B,0x863C,0x967C,0x759A,
0x59C1,0xBCAD,0xE4E8,0xE4A8,0xEC69,0xDBE8,0xE58A,0xFE8F,0xFEAE,0xE60C,0xE488,0xDCA9,
0xE4A9,0xE489,0xDD29,0xFE8F,0xE4EA,0xE50B,0xFEEE,0xF6AE,0xFEAE,0xEE2C,0xE4A8,0xE4A9,
0xE4C9,0xDC89,0xF64C,0xFE8E,0xD4C8,0xFE0E,0xF6CD,0xEEAD,0xF6CD,0xF6AE,0xF6ED,0xF6CE,
0xFEAE,0xF68E,0xDD49,0xFE6F,0xF6CD,0xEECE,0xFEAE,0xEE2D,0xEC0A,0xE3A9,0xDD09,0xFE2F,
0xF60C,0xE5AC,0xF4AB,0xDBE9,0xE58A,0xFE8F,0xF6CD,0xF6CD,0xF5EF,0xCC8A,0xFF9D,0xF77D,
0xF79D,0xFFFF,0x62AA,0x0800,0x1881,0xB575,0xD6BA,0xAD96,0xAD54,0xA555,0xB5D6,0xBDF8,
0x7A42,0xCCEE,0xE4A8,0xE4A8,0xE4C8,0xDCA9,0xE4C8,0xDCA9,0xE4C8,0xDCA9,0xE4C8,0xDCA9,
0xE4C8,0xDCA9,0xE4C8,0xDCA9,0xFFFF,0xFFFE,0xFFFF,0xFFFE,0xFFFF,0xFFFE,0xFFFF,0xFFFE,
0xFFFF,0xFFFE,0xFFFF,0xFFFE,0xFFFF,0xFFFE,0xFFFF,0xFFFE,0xFFFF,0xFFFE,0xFFFF,0xFFFE,
0xFFFF,0xFFFE,0xFFFF,0xFFFE,0xFFFF,0xFFFE,0xFFFF,0xFFFE,0xFFFF,0xFFFF,0xFFFF,0xFFFF,
0xD69A,0x8C70,0x5B4D,0x94F2,0xC73C,0xD7DD,0xDFBE,0x6C0E,0xDEDB,0xFFFF,0xF7DE,0xA533,
0x94B2,0x6B4C,0x41C7,0x9450,0x4A48,0xF79D,0xC6DB,0x638E,0x8E7D,0x863B,0x861B,0x8E3B,
0x8E1B,0x8E3B,0x8E1B,0x8E3B,0x8E1B,0x8E3B,0x8E1B,0x8E3B,0x8E1B,0x8E3B,0x8E1B,0x8E3B,
0x8E1B,0x8E3B,0x8E1B,0x8E3B,0x8E1B,0x8E3B,0x8E1B,0x8E3B,0x8E1B,0x8E3B,0x8E1B,0x8E3B,
0x8E1B,0x8E3B,0x861B,0x8E3B,0x85FB,0x8E3B,0x861B,0x8E3B,0x8E1B,0x8E3B,0x8E1B,0x8E3B,
0x8E1B,0x8E3B,0x8E1B,0x8E3B,0x8E1B,0x8E3B,0x8E1B,0x8E3B,0x8E1B,0x8E3B,0x8E1B,0x8E3B,
0x8E1B,0x8E3B,0x8E1B,0x8E3B,0x8E1B,0x8E3B,0x863C,0x969D,0x8CD2,0x3A27,0xE4C9,0xE4C8,
0xEC6A,0xE408,0xD4C9,0xFE6E,0xF6AE,0xF6CD,0xED2B,0xDCA8,0xE468,0xE488,0xEE2D,0xFEAE,
0xE4CA,0xE4EA,0xF6CE,0xF6AD,0xF6AE,0xF68D,0xE4A9,0xECC8,0xDCA9,0xECE9,0xFE8E,0xFE6D,
0xD4A8,0xFE2E,0xF6AD,0xF6CD,0xF6AE,0xF6AD,0xF6AE,0xF6AD,0xFE8F,0xEDCB,0xE5CC,0xFE8E,
0xEEAD,0xF6CD,0xFE8F,0xE56A,0xE3A9,0xF3EA,0xEBEA,0xEC0A,0xE3CA,0xEBC9,0xE3C9,0xEBE9,
0xE5EC,0xFEAE,0xF6AD,0xFEED,0xED0D,0xBB86,0xBD75,0xFFBD,0xF79E,0xFFFF,0xD638,0x1860,
0x0800,0x7B6D,0x94B2,0xA533,0xA513,0xA513,0x9D14,0x94B2,0x69E2,0xC4AC,0xE4A8,0xECA8,
0xE4A9,0xE4A8,0xDCA8,0xE4A8,0xDCA8,0xE4A8,0xE4A9,0xE4C8,0xE4A9,0xE4C8,0xDCA9,0xE4C8,
0xFFFF,0xF7FF,0xFFFF,0xF7FF,0xFFFF,0xF7FF,0xFFFF,0xF7FF,0xFFFF,0xF7FF,0xFFFF,0xF7FF,
0xFFFF,0xF7FF,0xFFFF,0xF7FF,0xFFFF,0xF7FF,0xFFFF,0xF7FF,0xFFFF,0xF7FF,0xFFFF,0xF7FF,
0xFFFF,0xFFFF,0xFFFF,0xFFFF,0xFFFF,0xD6DB,0x94D2,0x6B8D,0x4288,0x6BAE,0xDFFE,0xCFBE,
0xC79C,0xBF7D,0xDFBD,0x640F,0xD6B9,0xDF1C,0x634C,0xAD96,0xFFFF,0xFFFF,0xA4D2,0x39A6,
0x3185,0xF79E,0xFFFF,0x5B4D,0x85D9,0x8E3B,0x8E3B,0x863C,0x8E3B,0x8E1B,0x8E3B,0x8E1B,
0x8E3B,0x8E1C,0x8E3B,0x8E1C,0x8E3B,0x8E1C,0x8E3B,0x8E1C,0x8E3B,0x8E1C,0x8E3B,0x8E1C,
0x8E3B,0x8E1C,0x8E3B,0x8E1C,0x8E3B,0x8E1C,0x8E3B,0x8E1B,0x8E3B,0x8E1C,0x8E3B,0x861B,
0x8E3B,0x863C,0x8E3B,0x861B,0x8E3B,0x8E1C,0x8E3B,0x8E1B,0x8E3B,0x8E1B,0x8E3B,0x8E3B,
0x8E3B,0x8E1C,0x8E3B,0x8E1C,0x8E3B,0x8E1C,0x8E3B,0x8E1C,0x8E3B,0x8E1B,0x8E3B,0x8E1B,
0x8E3B,0x863B,0x863B,0x863C,0x9E9C,0x5C74,0x7201,0xD50E,0xEC89,0xE448,0xD448,0xFD8D,
0xF6ED,0xEECD,0xFEAE,0xE60C,0xE5CB,0xF64E,0xF6CE,0xF6CE,0xF54C,0xDC8A,0xF6CE,0xF6AE,
0xF6CD,0xF6CE,0xFDCC,0xD4A8,0xD4C8,0xF5ED,0xFEAE,0xEE4D,0xD4C8,0xFE4F,0xF6CD,0xEECE,
0xF6CD,0xF6AE,0xF6ED,0xF6EE,0xFE8E,0xD52A,0xF68D,0xF68E,0xF6CD,0xEEAD,0xF6CD,0xEE8D,
0xEC6B,0xDBE9,0xEBEA,0xE3CA,0xE3E9,0xE3EA,0xEC4A,0xE40A,0xF66C,0xF6AE,0xF6AD,0xF6AE,
0xE448,0xE469,0x834A,0xE657,0xCE99,0x94F3,0x7BAE,0x39C7,0x73AE,0xF7DF,0xFFFF,0xFFFF,
0xFFFF,0xFFFF,0xFFFF,0xFFFF,0xC551,0x72E9,0xED09,0xE4A8,0xE4C8,0xDCA9,0xE4C8,0xDCA9,
0xE4C8,0xDCA9,0xE4C8,0xDCA9,0xE4C8,0xDCA9,0xE4C8,0xE4C9,0xFFFF,0xFFFE,0xFFFF,0xFFFE,
0xFFFF,0xFFFE,0xFFFF,0xFFFE,0xFFFF,0xFFFE,0xFFFF,0xFFFE,0xFFFF,0xFFFE,0xFFFF,0xFFFE,
0xFFFF,0xFFFE,0xFFFF,0xFFFE,0xFFFF,0xFFFE,0xFFFF,0xFFFF,0xFFFF,0xF7DE,0xC638,0x8C91,
0x6B4A,0x41E4,0x4A89,0xF79C,0xFFFF,0x8C50,0x7471,0xDF9D,0xC79D,0xC77C,0xDFBE,0x7470,
0x9CD2,0x5AC9,0xCE99,0xFFFF,0xFFFF,0xFFFE,0xFFFF,0xCE78,0x8430,0xFFFE,0xFFFF,0x9CF2,
0x53F2,0x9E5B,0x861B,0x8E3B,0x8E1B,0x8E3B,0x8E1B,0x8E3B,0x8E1B,0x8E3B,0x8E1B,0x8E3B,
0x8E1B,0x8E3B,0x8E1B,0x8E3B,0x8E1B,0x8E3B,0x8E1B,0x8E3B,0x8E1B,0x8E3B,0x8E1B,0x8E3B,
0x8E1B,0x8E3B,0x8E1B,0x8E3B,0x8E1B,0x8E3B,0x8E1B,0x8E3B,0x8E1B,0x8E3B,0x8E1B,0x8E3B,
0x8E1B,0x8E3B,0x8E1B,0x8E3B,0x8E1B,0x8E3B,0x8E1B,0x8E3B,0x8E1B,0x8E3B,0x8E1B,0x8E3B,
0x8E1B,0x8E3B,0x8E1B,0x8E3B,0x8E1B,0x8E3B,0x8E1B,0x8E3B,0x8E1B,0x8E3B,0x863B,0x8E3B,
0x863C,0x96BD,0x6B0A,0x62C9,0xF4EA,0xEC68,0xE409,0xEC29,0xF66D,0xFECE,0xF6AE,0xF6CD,
0xF6CE,0xF6CD,0xF6AE,0xFEEE,0xF4EC,0xDC48,0xF64D,0xFEAE,0xF6AE,0xF6AD,0xF6AE,0xEE6C,
0xEE6D,0xFECD,0xFE8E,0xF62C,0xD4C9,0xFE6F,0xEECD,0xF6CD,0xEEAD,0xF6AD,0xF64E,0xEDEC,
0xE46A,0xE469,0xF6AE,0xFEAD,0xF6AD,0xF6AD,0xF6AD,0xF6CD,0xF68E,0xEE4C,0xEDEC,0xF62C,
0xFD2D,0xDC48,0xE3E9,0xEC4A,0xF6AD,0xF6AD,0xFEAE,0xEE2C,0xE3E7,0xF489,0xC48D,0x7A43,
0xB5F7,0x9D13,0x7BCE,0xF79C,0xFFFF,0xFFDE,0xF7BE,0xFFBD,0xF79E,0xF7BD,0xF79E,0xF7BD,
0xFFBD,0x62C9,0xD448,0xE4C9,0xDCA8,0xE4A8,0xE4A9,0xE4C8,0xE4A9,0xE4C8,0xE4A9,0xE4C8,
0xE4A8,0xECC8,0xD4AB,0x9AE3,0xFFFF,0xF7FF,0xFFFF,0xF7FF,0xFFFF,0xF7FF,0xFFFF,0xF7FF,
0xFFFF,0xF7FF,0xFFFF,0xF7FF,0xFFFF,0xF7FF,0xFFFF,0xF7FF,0xFFFF,0xFFFF,0xFFFF,0xFFFF,
0xFFFF,0xFFFF,0xDF3B,0xB5D7,0x842E,0x5AE9,0x7B62,0xA4A8,0xE66B,0xA484,0x73CD,0xFFFF,
0xFFFF,0xFFFF,0x94F2,0x530B,0xBF1A,0xCFBE,0xDFBD,0x7CF3,0x18C2,0xBDF7,0xFFFF,0xF7FF,
0xFFFF,0xF7FF,0xFFFE,0xFFFF,0xFFFF,0xF7FF,0xFFFF,0xE75C,0x3AEC,0x9E3A,0x863B,0x861C,
0x8E3B,0x8E1C,0x8E3B,0x8E1C,0x8E3B,0x8E1C,0x8E3B,0x8E3C,0x8E3B,0x8E3C,0x8E3B,0x8E3C,
0x8E3B,0x8E3C,0x8E3B,0x8E3C,0x8E3B,0x8E3C,0x8E3B,0x8E3C,0x8E3B,0x8E3C,0x8E3B,0x8E1C,
0x8E3B,0x8E3C,0x8E3B,0x8E3C,0x8E3B,0x8E3C,0x8E3B,0x8E3C,0x8E3B,0x8E3C,0x8E3B,0x8E3C,
0x8E3B,0x8E3C,0x8E3B,0x8E1C,0x8E3B,0x8E1C,0x8E3B,0x8E1C,0x8E3B,0x8E1C,0x8E3B,0x8E1C,
0x8E3B,0x8E1B,0x8E3B,0x8E1B,0x8E3B,0x861C,0x8E3B,0x863C,0x863B,0x863C,0xAE7B,0x2AAD,
0xAB44,0xE4EC,0xEC29,0xE3E8,0xDC88,0xFDAE,0xF6ED,0xF6EE,0xF70E,0xF6EE,0xFE4E,0xDD2A,
0xEBE9,0xE3C9,0xE5AB,0xFE8F,0xF6CD,0xEECE,0xF6CD,0xF6CE,0xF6ED,0xEECE,0xFEAE,0xEDEC,
0xD508,0xFE8F,0xEECD,0xEEEE,0xFD8C,0xD448,0xEC09,0xE3E9,0xE429,0xE409,0xF66D,0xFECF,
0xF6CD,0xEECE,0xF6CD,0xEECE,0xF6CD,0xF6CE,0xF6ED,0xEECE,0xFECF,0xE5AB,0xDC08,0xF4AC,
0xF6ED,0xEEAD,0xFEAF,0xDD4A,0xE427,0xEC89,0xDD2C,0x92E4,0x8C71,0x73CF,0xF7DE,0xF7DF,
0xF7BD,0xF7BE,0xF7BD,0xF7BE,0xF7BD,0xF7BE,0xF7BD,0xF79E,0xFFFF,0xBDD7,0x8A82,0xDD0D,
0xE4A8,0xDCA8,0xE4C8,0xDCC9,0xE4C8,0xDCA9,0xE4C8,0xDCA9,0xE4C9,0xD448,0x6AC8,0xC594,
0xFFFF,0xFFFE,0xFFFF,0xFFFE,0xFFFF,0xFFFE,0xFFFF,0xFFFF,0xFFFF,0xFFFE,0xFFFF,0xFFFF,
0xFFFF,0xFFFF,0xFFFF,0xFFFF,0xFFFF,0xFFDE,0xDF1B,0xB5B5,0x8430,0x6B6C,0x62E9,0x4A25,
0xCD66,0xE649,0xF6A8,0xF6A7,0xEEAC,0x9C22,0x73CE,0xFFFF,0xFFFF,0xFFFE,0xFFFF,0xBDF6,
0x3A69,0x9D74,0xE7FF,0x8D13,0x4208,0xFFFF,0xFFFF,0xFFFE,0xFFFF,0xFFFE,0xFFFF,0xFFFF,
0xFFFF,0xFFFE,0xFFDF,0xFFFF,0x5BD0,0x84D3,0x8E5C,0x863B,0x8E1B,0x8E3B,0x8E1B,0x8E3B,
0x8E1B,0x8E3B,0x8E1B,0x8E3B,0x8E1B,0x8E3B,0x8E1B,0x8E3B,0x8E1B,0x8E3B,0x8E1B,0x8E3B,
0x8E1B,0x8E3B,0x8E1B,0x8E3B,0x8E1B,0x8E3B,0x8E1B,0x8E3B,0x8E1B,0x8E3B,0x8E1B,0x8E3B,
0x8E1B,0x8E3B,0x8E1B,0x8E3B,0x8E1B,0x8E3B,0x8E1B,0x8E3B,0x8E1B,0x8E3B,0x8E1B,0x8E3B,
0x8E1B,0x8E3B,0x8E1B,0x8E3B,0x8E1B,0x8E1B,0x8E1B,0x8E3B,0x8E1B,0x8E3B,0x8E1B,0x8E1B,
0x8E1B,0x8E3B,0x861B,0x8E3B,0x863B,0x8E7C,0x6CF7,0x8578,0x51A2,0xAC4C,0xEC89,0xEC47,
0xE3C9,0xEBE9,0xE4CA,0xF54B,0xED4C,0xE50A,0xE3EA,0xE3E8,0xEBEA,0xF409,0xD468,0xFE0E,
0xF6CE,0xF6CD,0xF6AE,0xF6CD,0xF6CD,0xF6CD,0xFE8F,0xEDCB,0xD509,0xFE8F,0xF6AD,0xFEED,
0xECAB,0xDC08,0xDC89,0xECC9,0xEC8A,0xE408,0xDCA9,0xFDED,0xEECD,0xF6ED,0xF6CE,0xF6ED,
0xF6CE,0xF6ED,0xF6AE,0xF6AD,0xFE8F,0xF62C,0xD408,0xFD4C,0xF6CE,0xF6CD,0xFE2F,0xD487,
0xE468,0xECA8,0xDCCB,0xC3E6,0x41C6,0xFFBD,0xF7BE,0xF79D,0xF79E,0xFF9D,0xF79E,0xF79D,
0xF79E,0xF7BD,0xF79D,0xF79D,0xF79E,0xFFFF,0x9369,0xAC2B,0xF4E8,0xEC86,0xD447,0xD426,
0xD426,0xE467,0xECA7,0xF4E8,0xCCAD,0x92E5,0xD6BB,0xFFFF,0xFFFF,0xFFFF,0xFFFF,0xFFFF,
0xFFFF,0xFFFF,0xFFFF,0xFFFF,0xFFFF,0xFFFF,0xFFFF,0xF7BE,0xEF7C,0xCE79,0xAD74,0x8430,
0x636E,0x42AB,0x1924,0x5B4D,0xC617,0xE73C,0xFFFF,0xA575,0x8BC1,0xE68D,0xEE87,0xE667,
0xEEAC,0x93E2,0x8C91,0xFFFF,0xFFFE,0xF7FF,0xFFFF,0xFFFF,0xEF7C,0x632C,0x7C50,0x8471,
0x73CE,0xFFFF,0xFFFF,0xFFFF,0xFFFF,0xFFFF,0xFFFF,0xF7FF,0xFFFF,0xF7FF,0xFFFE,0xFFFF,
0xB638,0x4AEC,0x969D,0x861B,0x8E3B,0x863C,0x8E3B,0x8E1C,0x8E3B,0x8E1C,0x8E3B,0x8E3C,
0x8E3B,0x8E3C,0x8E3B,0x8E3C,0x8E3B,0x8E3C,0x8E3B,0x8E3C,0x8E3B,0x8E3C,0x8E3B,0x8E3C,
0x8E3B,0x8E3C,0x8E3B,0x8E3C,0x8E3B,0x8E3C,0x8E3B,0x8E3C,0x8E3B,0x8E3C,0x8E3B,0x8E3C,
0x8E3B,0x8E3C,0x8E3B,0x8E1C,0x8E3B,0x861B,0x8E3B,0x861B,0x8E3B,0x861B,0x8E3B,0x861C,
0x8E3B,0x861C,0x8E3B,0x8E1C,0x8E3B,0x8E1C,0x8E3B,0x8E1B,0x8E3B,0x861B,0x863B,0x863C,
0x9E5B,0x43D1,0x8472,0x7C52,0x94D3,0x29C7,0xDCA8,0xE4A9,0xE449,0xDC09,0xEBE9,0xE3C9,
0xE3C9,0xE3C9,0xE428,0xE44A,0xECA9,0xE489,0xE409,0xEC6B,0xF6AD,0xF6CE,0xF6CD,0xF6AE,
0xF6CD,0xF6CE,0xFECF,0xDD4A,0xDD49,0xFE8F,0xF6CD,0xF6CE,0xE489,0xDC29,0xE4E8,0xDCC9,
0xECC9,0xDC69,0xE3E9,0xE3EA,0xEC6A,0xEC6B,0xEC8A,0xEC8B,0xDD09,0xFDED,0xF6ED,0xEECE,
0xFEAE,0xEDEC,0xD427,0xFDCE,0xF6ED,0xEECE,0xFDAD,0xCC28,0xE4A9,0xE4A9,0xE4C9,0xDCA9,
0x62C9,0xFF9D,0xF7BD,0xEF9E,0xF79D,0xF79E,0xF7BD,0xF79E,0xF7BD,0xF79E,0xF7BD,0xFFDF,
0xFFFF,0xEF9E,0xBD73,0x41A5,0x8B69,0x93AB,0x93EE,0x8BEE,0x8BCD,0x838C,0x9369,0x8B69,
0x6AC8,0xC5B4,0xEF7C,0x8410,0x9CB2,0xAD34,0xB576,0xB575,0xAD76,0xAD75,0xAD55,0xA513,
0x8410,0x6B4C,0x73AE,0x73AD,0x21E9,0x328A,0x1ACE,0x232F,0x23B2,0x3434,0x1966,0xCEDB,
0xFFFF,0xFFFE,0xFFFF,0xFFFF,0xA510,0x62E7,0xEE67,0xEE67,0xEE8D,0x8BA1,0xA554,0xFFFF,
0xFFFF,0xFFFE,0xFFFF,0xFFFF,0xDF1B,0x7C0E,0x18E3,0x4A68,0x5AEB,0x73AD,0x7BEF,0x9491,
0xC658,0xFFFE,0xFFFF,0xFFFE,0xFFFF,0xFFFF,0xFFFF,0xFFFE,0xF7DF,0x4A89,0x85DA,0x963A,
0x861B,0x8E3B,0x8E1B,0x8E3B,0x8E1B,0x8E3B,0x8E1B,0x963B,0x8E3B,0x963B,0x8E3B,0x963B,
0x8E3B,0x963B,0x8E3B,0x963B,0x8E3B,0x963B,0x8E3B,0x963B,0x8E3B,0x8E3B,0x8E1B,0x963B,
0x8E3B,0x963B,0x8E3B,0x963B,0x8E3B,0x963B,0x8E3B,0x963B,0x8E1B,0x8E3B,0x861B,0x8E3B,
0x861B,0x8E3B,0x861B,0x8E3B,0x861B,0x8E3B,0x8E3C,0x8E3B,0x861B,0x8E3B,0x8E1B,0x8E3B,
0x8E1B,0x8E3B,0x8E1B,0x8E1B,0x8E1B,0x8E3B,0x863C,0x969C,0x5B8F,0x7451,0xF7DF,0x7BEF,
0x8557,0x6453,0x69C1,0xDD2D,0xE4A8,0xE4A8,0xE469,0xE468,0xE469,0xE488,0xDCA8,0xE4C8,
0xE4C9,0xE4C8,0xEC0A,0xE3C8,0xDCA9,0xFDCD,0xEECE,0xF6EE,0xF6EE,0xF6CD,0xFD4C,0xDC27,
0xE56B,0xFE8F,0xF6AE,0xF6AD,0xE449,0xE469,0xDCC9,0xE4E8,0xE4C9,0xE4C8,0xE429,0xE408,
0xEC4B,0xE409,0xEB8A,0xEBA9,0xD3C8,0xFCEC,0xF6EE,0xF6CD,0xFE8F,0xE54A,0xCC48,0xFE2E,
0xF6AD,0xFEED,0xECCA,0xDC27,0xE4A9,0xECC9,0xECC9,0xF509,0x6288,0xE697,0xF7BE,0xF79D,
0xF79D,0xF79D,0xF79E,0xF79D,0xF7BE,0xFFFF,0xF79E,0xBDD6,0x83EF,0x840F,0xA534,0xDEB9,
0xEF9E,0xFFFF,0xFFFF,0xFFFF,0xFFFF,0xFFFF,0xD6DB,0x8C70,0x5ACB,0x6B4C,0x6226,0x72A7,
0xB595,0x8430,0x6AC2,0x9C49,0x9C24,0x9425,0xA465,0xB508,0x39A3,0x9CD0,0xF7BD,0xFFFF,
0x6CB3,0x330D,0x3CD6,0x2C76,0x3C74,0x2BD3,0x3A08,0xF7FF,0xFFFF,0xF7FF,0xFFFF,0xF7FF,
0xFFFF,0x9D35,0x6AC0,0xDE4E,0xEECD,0x8381,0xBE17,0xFFFF,0xFFFE,0xFFFF,0xFFFF,0x8471,
0x4A69,0x9CF3,0xEF7C,0xFFFF,0xFFFF,0xF7FF,0xEF9D,0xCE9A,0xAD74,0xDF1C,0xFFFF,0xFFFF,
0xFFFF,0xFFFF,0xFFFF,0xFFFF,0xFFFF,0x8451,0x5432,0x9E5C,0x863B,0x861C,0x8E3B,0x8E1B,
0x8E3B,0x8E1B,0x8E3B,0x8E3C,0x8E3B,0x8E3C,0x8E3B,0x8E3C,0x8E3B,0x8E3C,0x8E3B,0x8E3C,
0x8E3B,0x8E3C,0x8E3B,0x8E3C,0x8E3B,0x8E3C,0x8E3B,0x8E3C,0x8E3B,0x8E3C,0x8E3B,0x8E3C,
0x8E3B,0x8E3C,0x8E3B,0x8E1B,0x8E3B,0x863C,0x8E3B,0x861C,0x8E3B,0x861C,0x8E3B,0x863C,
0x967C,0x7DFB,0x7557,0x7D99,0x967C,0x863C,0x8E3B,0x861B,0x8E3B,0x861B,0x8E3B,0x861B,
0x863B,0x861C,0x965B,0x64D6,0x6B6D,0xEF9F,0x9D14,0x5B0C,0x6D17,0x9EBE,0x5A87,0x734B,
0xF509,0xE4A8,0xE4E8,0xDCC9,0xDCE8,0xDCC9,0xDCC8,0xDCC9,0xE4C8,0xDCC9,0xECA9,0xDC49,
0xEBEA,0xE3CA,0xE48A,0xECCC,0xECAB,0xDC4A,0xE3C9,0xE3C9,0xEC29,0xEC4A,0xEC4A,0xE44A,
0xE468,0xE48A,0xDCE8,0xDCC9,0xE4C8,0xE4A9,0xE429,0xE44A,0xFE8E,0xEE2D,0xF54C,0xE52C,
0xE5CB,0xFE6F,0xF6ED,0xEEEE,0xFE0F,0xD449,0xD4C9,0xFE70,0xFECE,0xEE8D,0xE427,0xE449,
0xE4EB,0xB366,0x9AC4,0xC42A,0x8349,0xBCF0,0xFFFF,0xEF9E,0xF79D,0xEF9E,0xF7DE,0xFFFF,
0xDEFA,0xAD75,0x8C50,0x94B2,0xD6DA,0xFFFF,0xFFFF,0xFFFF,0xFFDE,0xF7BE,0xF7DE,0xF7BE,
0xFFFF,0xA554,0x52A9,0x9CD3,0xB595,0x6B4D,0x7BCD,0x8C50,0xFFFF,0xFFFF,0x8BC5,0xDE4E,
0xF6A7,0xF6A6,0xF6CB,0xCD85,0x5AEA,0xFFFF,0xFFFF,0xFFFF,0xEFDF,0x4269,0x23D3,0x3C54,
0x3C54,0x1B0E,0x6B6D,0xFFFF,0xFFFF,0xFFFE,0xFFFF,0xFFFE,0xFFFF,0xFFFF,0xAD30,0x5AA6,
0xEEAF,0x8B81,0xCE79,0xFFFF,0xFFFF,0xFFFF,0x6B4D,0x73AD,0xF7DE,0xFFFF,0xFFFF,0xFFFE,
0xFFFF,0xFFFE,0xFFFF,0xFFFF,0xFFFF,0xFFFF,0xFFFF,0xFFFF,0xFFFF,0xF7BE,0xE73C,0xDEFA,
0xE73C,0xD699,0x32CD,0xA65A,0x861B,0x8E3B,0x8E1B,0x8E3B,0x8E1B,0x8E3B,0x8E1B,0x8E3B,
0x8E1B,0x8E3B,0x8E1B,0x8E3B,0x8E1B,0x8E3B,0x8E1B,0x8E3B,0x8E1B,0x8E3B,0x8E1B,0x8E3B,
0x8E1B,0x8E3B,0x8E1B,0x8E3B,0x8E1B,0x8E3B,0x8E1B,0x8E3B,0x8E1B,0x8E3B,0x8E1B,0x8E3B,
0x863C,0x967C,0x969D,0x8E5B,0x863C,0x969C,0x8E7C,0x8E9C,0x63CF,0x4AEB,0x940E,0x838C,
0x436F,0x95D8,0x8E7D,0x8E3B,0x8E1B,0x8E3B,0x8E1B,0x8E3B,0x861B,0x8E3B,0x9E3B,0x3B2E,
0xCE59,0xB5B6,0x9492,0xA534,0x64B6,0x9E7C,0xA5D8,0x21C7,0xD428,0xE4C9,0xE4A8,0xE4C8,
0xDCC9,0xE4C8,0xDCC9,0xE4C8,0xDCA9,0xE4C8,0xE4A9,0xE4C8,0xEC0A,0xEC09,0xEBCA,0xEBC9,
0xE3CA,0xEBE9,0xE3E9,0xEC09,0xE469,0xEC69,0xE449,0xEC68,0xDCA9,0xE4A8,0xDCC9,0xE4C8,
0xE489,0xE468,0xD408,0xFD6C,0xF6CE,0xF6ED,0xF6CE,0xFEEE,0xF6CE,0xF6CD,0xF6AE,0xFEAD,
0xEC4B,0xE408,0xDC69,0xFD2C,0xF5ED,0xED8B,0xE3E7,0xFC89,0x8B8A,0x9BEB,0xDEDA,0x734B,
0x9BCB,0x8B28,0xFFFF,0xF79D,0xF79D,0xFFDE,0xF79E,0x94B1,0x8C92,0xD699,0xF7BE,0xFFFF,
0xFFFF,0xFFDE,0xF7BE,0xFFBD,0xF79E,0xFFBD,0xF79E,0xFFFF,0xBE17,0x5AEA,0xF79E,0xFFFF,
0xFFFF,0xFFFF,0x7BCE,0xAD54,0xFFFF,0xFFFF,0xC612,0x6B49,0xF6C8,0xE667,0xE6AE,0x62A0,
0xC659,0xFFFF,0xFFFF,0xFFFF,0xFFFF,0xBE17,0x0A2B,0x4C54,0x4C74,0x026D,0xA554,0xFFFF,
0xFFFF,0xF7FF,0xFFFF,0xFFFF,0xFFFF,0xF7FF,0xFFFF,0xA555,0x6B47,0x62E6,0xE75C,0xFFFF,
0xFFFF,0x73AE,0x7C0F,0xFFFF,0xFFFF,0xF7FF,0xFFFF,0xFFFF,0xFFFF,0xFFFF,0xFFFF,0xFFFF,
0xFFFF,0xFFFF,0xFFFF,0xC638,0x8C71,0x8430,0x94D2,0xA534,0xAD74,0xDEFB,0x4B2D,0x8D36,
0x8E5C,0x861C,0x8E3B,0x8E1C,0x8E3B,0x8E1C,0x8E3B,0x8E3C,0x8E3B,0x8E3C,0x8E3B,0x8E3C,
0x8E3B,0x8E3C,0x8E3B,0x8E3C,0x8E3B,0x8E3C,0x8E3B,0x8E3C,0x8E3B,0x8E3C,0x8E3B,0x8E3C,
0x8E3B,0x8E3C,0x8E3B,0x8E1C,0x8E3B,0x8E1C,0x8E3B,0x8E5C,0x9E9C,0x6D17,0x42CB,0x19A8,
0x19E8,0x430E,0x8556,0x3B0E,0x834A,0xE677,0xFEB6,0xFE96,0xB532,0x5227,0x5CB5,0x967C,
0x8E3B,0x863C,0x8E3B,0x861B,0x8E3B,0x861C,0x9E3A,0x32EE,0xD6BA,0x6B8E,0xDF1C,0x94D4,
0x64B5,0x8E3C,0x9E9C,0x5C95,0x69A0,0xD50E,0xE4C8,0xE4A8,0xE4C8,0xDCC9,0xE4C9,0xDCC9,
0xE4C8,0xDCA9,0xE4C8,0xDCA9,0xE4A9,0xDC89,0xEC49,0xE42A,0xEC29,0xE42A,0xE488,0xE4AA,
0xE4E8,0xDCC9,0xE4E9,0xDCC9,0xE4C9,0xDCC9,0xE4C8,0xDCC9,0xEC89,0xDC28,0xD4C8,0xFE70,
0xF6ED,0xEECE,0xF6CD,0xF6AE,0xF6ED,0xF6EE,0xFE6F,0xD50A,0xEBC9,0xE3EA,0xEC2A,0xE3EA,
0xEC09,0xEC0A,0xE469,0xDC29,0x734B,0xFFBD,0xFFFF,0xBDF7,0x9B89,0x7286,0xDEDA,0xF7BF,
0xFFFF,0xDF1C,0x7BEF,0xBE18,0xFFFF,0xFFFF,0xFFDE,0xF7DF,0xFFDE,0xF7BE,0xF7DE,0xF7BE,
0xF7BD,0xF79E,0xF7BD,0xFFFF,0x73AE,0xD6DB,0xFFFF,0xF79E,0xF7BE,0xF7DF,0xEF7D,0xCE59,
0xF7FF,0xFFFE,0xFFFF,0x630A,0xCD86,0xF6AA,0xA4CC,0x7365,0xFFFF,0xFFFF,0xFFFF,0xFFFE,
0xFFFE,0xFFFF,0x538F,0x3ACC,0x5474,0x0A2B,0xCE99,0xFFFF,0xFFDF,0xFFFE,0xFFDF,0xFFFE,
0xFFDF,0xFFFE,0xFFFF,0xFFFF,0xBDF7,0x840F,0xFFFF,0xFFFF,0xAD95,0x5AEA,0xFFFF,0xFFFF,
0xFFDF,0xFFFE,0xFFDF,0xFFFE,0xFFDF,0xFFFE,0xFFDF,0xFFFE,0xFFFF,0xE71B,0x6B8D,0x8C50,
0xD6DA,0xFFFE,0xFFFF,0xFFFF,0xFFFF,0xFFFF,0x8D14,0x63AE,0x967D,0x8E3B,0x8E1B,0x8E3B,
0x8E1B,0x8E3B,0x8E1B,0x8E3B,0x8E3B,0x963B,0x8E3B,0x963B,0x8E3B,0x963B,0x8E3B,0x963B,
0x8E3B,0x963B,0x8E3B,0x963B,0x8E3B,0x963B,0x8E1B,0x8E3B,0x8E1B,0x963B,0x8E1B,0x8E3B,
0x861B,0x8E3B,0x967C,0x85D9,0x326B,0x1166,0x0AD2,0x2394,0x2395,0x0270,0x20A1,0xA4B1,
0xFEB6,0xF654,0xEE35,0xEE34,0xF676,0xEE14,0x52EB,0x634C,0x8E3C,0x8E5C,0x861B,0x8E5B,
0x8E3C,0x861B,0x9DFA,0x3B0D,0xCE79,0x73AD,0xEF9E,0x94B2,0x64D6,0x963B,0x861C,0x969D,
0x5205,0x838A,0xECE9,0xE4A7,0xE4A9,0xE4C8,0xE4A9,0xE4C8,0xE4A9,0xE4C8,0xE4C9,0xE4C8,
0xE4C9,0xE4C8,0xE4C9,0xE4C8,0xE4A9,0xE4C8,0xE4C9,0xE4C8,0xE4C9,0xE4C8,0xE4C9,0xE4C8,
0xE4A9,0xE4C8,0xE4A9,0xE4C8,0xE489,0xE488,0xDC48,0xFD4C,0xF6AE,0xFECE,0xF6EE,0xFEED,
0xFE8E,0xEE0B,0xEC2A,0xE3E8,0xDC29,0xFD2C,0xFE6E,0xF62C,0xEC29,0xEC28,0xE48A,0xCBA6,
0x9C91,0xFFFE,0xF7BE,0xD699,0x9327,0xA368,0x9CD2,0xFFFF,0xBDF7,0x73AD,0xDEDB,0xFFFF,
0xF7BE,0xFFBD,0xF7BE,0xFFBD,0xF7BE,0xFFBD,0xF79E,0xF7BD,0xF79D,0xF7BD,0xF79E,0xEF5C,
0x7BCF,0xFFFE,0xF79E,0xF7BD,0xF7BE,0xFFFE,0xF7BE,0xFFDE,0xFFFF,0xF7FF,0xFFFF,0xADB7,
0x7B41,0xF6F0,0x5286,0xD696,0xFFFF,0xF7FF,0xFFFF,0xF7FF,0xFFFF,0xFFFF,0xDF7D,0x21C7,
0x4BD1,0x228D,0xF79D,0xFFFF,0xFFFF,0xF7FF,0xFFFF,0xFFFF,0xFFFF,0xFFFF,0xFFFF,0xF7FF,
0xFFFF,0xFFFF,0xFFFF,0xF7DF,0x4A89,0xDEFB,0xFFFF,0xF7FF,0xFFFF,0xF7FF,0xFFFF,0xFFFF,
0xFFFF,0xFFFF,0xFFFF,0xFFFF,0xC637,0x52CB,0xCE79,0xFFFF,0xFFFF,0xF7FF,0xFFFF,0xF7FF,
0xFFFF,0xFFFF,0xDF3C,0x426A,0x967C,0x861B,0x8E3B,0x861C,0x8E3B,0x8E1B,0x8E3B,0x8E3C,
0x8E3B,0x8E3C,0x8E3B,0x8E3C,0x8E3B,0x8E3C,0x8E3B,0x8E3C,0x8E3B,0x8E3C,0x8E3B,0x8E3C,
0x8E3B,0x8E3C,0x8E3B,0x8E1B,0x8E3B,0x8E1C,0x8E3B,0x863C,0x8E3B,0x96BE,0x6C72,0x0947,
0x0AD1,0x2BF6,0x1418,0x1419,0x2AEF,0x09EC,0xCD71,0xF6B7,0xEE54,0xEE35,0xEE54,0xE635,
0xEE34,0xF696,0xDE56,0x3943,0x2A8C,0x8DB9,0x9E9C,0x6D58,0x64B5,0x8E1B,0xA63A,0x434F,
0xCE78,0x73AE,0xF79E,0x8CB3,0x6CF6,0x965C,0x8E7D,0x863D,0x9D75,0x29C7,0xE4C9,0xDCA9,
0xE4C8,0xDCC9,0xE4C8,0xDCC9,0xE4C8,0xE4C9,0xE4E8,0xDCC9,0xE4E8,0xDCC9,0xE4C8,0xDCC9,
0xE4C8,0xE4C9,0xE4E8,0xDCC9,0xE4C9,0xDCC9,0xE4C8,0xDCC9,0xE4C8,0xDCC9,0xE4C8,0xDCA9,
0xE4C8,0xDCA9,0xEC69,0xDC08,0xE46A,0xECAB,0xECEB,0xE4AB,0xEC2A,0xDBC9,0xEBE9,0xE3CA,
0xDD6A,0xFEAF,0xF6ED,0xF6EE,0xFDAD,0xD448,0xE48A,0xC3A7,0x9CB1,0xFFDE,0xFFBE,0xD69A,
0x9AE5,0xCCAC,0x83AC,0xAD12,0x7C0F,0xEF9E,0xFFFE,0xF7BE,0xF7BE,0xF7BE,0xF7BE,0xF7BE,
0xF7BE,0xF79E,0xF7BD,0xF79E,0xF79D,0xF79E,0xF7BE,0xE73D,0x8C50,0xFFDF,0xF7BD,0xF7BE,
0xE73B,0xBDF7,0xF7BE,0xF79E,0xFFFF,0xFFFE,0xFFFF,0xFFFF,0x62E6,0x944B,0x632B,0xFFFE,
0xFFFF,0xFFFE,0xFFDF,0xFFFE,0xFFDF,0xFFFE,0xFFFF,0xAD74,0x1967,0x4AEC,0xFFFF,0xFFFE,
0xFFDF,0xFFFE,0xFFDF,0xFFFE,0xFFDF,0xFFFE,0xFFDF,0xFFFE,0xFFFF,0xFFFE,0xFFFF,0xBDD6,
0x6B6D,0xFFFF,0xFFFF,0xFFFE,0xFFDF,0xFFFE,0xFFDF,0xFFFE,0xFFDF,0xFFFE,0xFFFF,0xCE78,
0x4A69,0xEF5C,0xFFFF,0xFFFE,0xFFDF,0xFFFE,0xFFDF,0xFFFE,0xFFDF,0xFFFE,0xFFFF,0x52CA,
0x7558,0x963B,0x861B,0x8E3B,0x8E1B,0x8E3B,0x8E1B,0x8E1B,0x8E1B,0x8E3B,0x8E1B,0x8E3B,
0x8E1B,0x8E3B,0x8E1B,0x8E3B,0x8E1B,0x8E3B,0x8E1B,0x8E3B,0x8E1B,0x8E3B,0x8E1B,0x8E1B,
0x8E1B,0x8E3B,0x863C,0x8E3B,0xA67C,0x53D0,0x016A,0x3371,0x1419,0x1418,0x23F7,0x0B13,
0x39A5,0xC5F5,0xF696,0xEE54,0xEE55,0xEE54,0xEE55,0xEE54,0xEE55,0xEE54,0x4A07,0xCDF6,
0xB5D7,0x39E7,0x74F5,0x6C73,0x636E,0x634D,0x7452,0x5BAF,0xCE59,0x7BAE,0xEF9E,0x94B2,
0x7516,0x8D97,0x434F,0x5BF1,0xAE7B,0x4B6E,0xC407,0xE4C9,0xE4A9,0xE4C8,0xE4A9,0xE4C8,
0xE4A9,0xE4C8,0xE4A9,0xE4C8,0xE4C9,0xE4C8,0xE4C9,0xE4C8,0xE4A9,0xE4C8,0xE4C9,0xE4C8,
0xE4A9,0xE4C8,0xE4A9,0xE4C8,0xE4A9,0xE4C8,0xE4A9,0xE4C8,0xE4A9,0xE4A8,0xE4A9,0xE4A8,
0xE449,0xE448,0xE409,0xEC09,0xE409,0xEC49,0xEC49,0xE408,0xEE0C,0xFEAE,0xEEAD,0xF6CD,
0xFE2F,0xD488,0xE44A,0xDC08,0x83CE,0xFFDD,0xF79E,0xD699,0x9AC4,0xED4D,0x6AA8,0xA42D,
0xFFFF,0xFFFF,0xFFFF,0xFFFF,0xFFDF,0xF7BD,0xF79E,0xF7BD,0xF79E,0xF7BD,0xF79D,0xF79D,
0xF79D,0xF79D,0xF79D,0xF79D,0xD679,0xF79D,0xF79E,0xFFDE,0x49E7,0x0000,0xBDF7,0xFFDE,
0xFFFF,0xFFFF,0xFFFF,0xFFFF,0xBDF6,0x1082,0xC658,0xFFFF,0xFFFF,0xF7FF,0xFFFF,0xFFFF,
0xFFFF,0xF7FF,0xFFFF,0xFFFF,0x6B6D,0x6B8E,0xFFFF,0xF7FF,0xFFFF,0xFFFF,0xFFFF,0xFFFF,
0xFFFF,0xFFFF,0xFFFF,0xFFFF,0xFFFF,0xF7FF,0xFFFF,0x8451,0xB5D6,0xFFFF,0xFFFF,0xF7FF,
0xFFFF,0xFFFF,0xFFFF,0xFFFF,0xFFFF,0xFFFF,0xF7BE,0x4A69,0xDEDA,0xFFFF,0xFFFF,0xF7FF,
0xFFFF,0xFFFF,0xFFFF,0xFFFF,0xFFFF,0xF7FF,0xFFFF,0x94D2,0x43B0,0x9E5C,0x863B,0x863C,
0x8E3B,0x8E1B,0x8E3B,0x8E1C,0x8E3B,0x8E1C,0x8E3B,0x8E3C,0x8E3B,0x8E3C,0x8E3B,0x8E3C,
0x8E3B,0x8E3C,0x8E3B,0x8E3C,0x8E3B,0x8E1C,0x8E3B,0x8E1C,0x8E3B,0x861C,0x8E3B,0x969D,
0x53F1,0x0148,0x1BF7,0x1BF8,0x23F6,0x0B75,0x2A2A,0x222B,0xE614,0xF696,0xEE54,0xE655,
0xEE75,0xE655,0xEE74,0xEE55,0xF6D7,0x93CC,0x7BAE,0xFFFF,0xFFFF,0xDEDB,0x52CB,0x3A49,
0x6B8E,0xD6FC,0x73AE,0x94D3,0xC638,0x73AE,0xF7BE,0x94D3,0x2A09,0x21E9,0x6CF6,0x8E1B,
0xA639,0x3ACD,0xDC88,0xDCCA,0xE4C8,0xE4C9,0xE4C9,0xDCC9,0xE4C9,0xDCC9,0xE4C9,0xDCC9,
0xE4C9,0xDCC9,0xE4C9,0xDCC9,0xE4C9,0xDCC9,0xE4C9,0xDCC9,0xE4C9,0xDCC9,0xE4C9,0xDCC9,
0xE4C9,0xDCC9,0xE4C9,0xDCC9,0xE4C9,0xDCC9,0xE4C8,0xDCA9,0xE4C9,0xDCC9,0xE4E9,0xDCC9,
0xE4C8,0xDCC9,0xECA9,0xDC28,0xEE2C,0xFEAF,0xF6CD,0xEECE,0xFE2E,0xD448,0xE448,0xEC8A,
0x72E9,0xEEB8,0xFFDE,0xD6BB,0x9306,0xAC0A,0x840E,0xFFFF,0xFFFF,0xE73C,0xA534,0x94B2,
0xCE58,0xFFFF,0xFFDE,0xF79E,0xF7BD,0xF79E,0xF79D,0xF79E,0xF79D,0xF79E,0xF79D,0xF79E,
0xFFDE,0xEF9E,0xF7BD,0xF7DF,0x5269,0x18C3,0xD699,0xF7BE,0xFFFF,0xFFFE,0xFFFF,0xFFFE,
0xF7DF,0xA534,0xFFDF,0xFFFE,0xFFFF,0xFFFE,0xFFFF,0xFFFE,0xFFFF,0xFFFE,0xFFFF,0xFFFF,
0xF7DF,0xF79D,0xFFFF,0xFFFE,0xFFFF,0xFFFE,0xFFFF,0xFFFE,0xFFFF,0xFFFE,0xFFFF,0xFFFE,
0xFFFF,0xFFFE,0xFFFF,0x73AD,0xD6BA,0xFFFF,0xFFFF,0xFFFE,0xFFFF,0xFFFF,0xFFFF,0xFFFE,
0xFFFF,0xFFFF,0x94D2,0x7C0F,0xFFFF,0xFFFE,0xFFFF,0xFFFE,0xFFFF,0xFFFE,0xFFFF,0xFFFE,
0xFFFF,0xFFFE,0xFFFF,0xE71B,0x2A6B,0xA639,0x861B,0x8E3B,0x8E1B,0x8E3B,0x8E1B,0x8E3B,
0x8E1B,0x8E3B,0x8E1B,0x8E3B,0x8E1B,0x8E3B,0x8E1B,0x8E3B,0x8E1B,0x8E3B,0x8E1B,0x8E3B,
0x8E1B,0x8E3B,0x8E1B,0x8E3B,0x8E1B,0x8E1B,0x9E5B,0x74F5,0x014A,0x3BB3,0x13F8,0x1418,
0x330F,0x122B,0x6246,0xE635,0xF675,0xEE34,0xEE55,0xEE54,0xEE55,0xEE75,0xEE55,0xEE74,
0xEEB8,0x6245,0xC618,0xFFDE,0xF77D,0xFFBE,0xFFDE,0xAD33,0x39E7,0xCE79,0xE75E,0xEF5D,
0xB596,0x73AE,0xEF9F,0x94D3,0x122E,0x22D0,0x5CD7,0x9EBE,0x73CE,0x5AC9,0xECE9,0xE4A8,
0xE4A9,0xE4C8,0xE4A9,0xE4C8,0xE4A9,0xE4C8,0xE4A9,0xE4C8,0xE4A9,0xE4C8,0xE4A9,0xE4C8,
0xE4A9,0xE4C8,0xE4A9,0xE4C8,0xE4A9,0xE4C8,0xE4A9,0xE4C8,0xE4A9,0xE4C8,0xE4A9,0xE4C8,
0xE4A9,0xE4C8,0xE4A9,0xE4C8,0xE4A9,0xE4C8,0xE4A9,0xE4C8,0xDCA8,0xE4C8,0xEC8A,0xE427,
0xE56A,0xFEAF,0xEECD,0xFF0D,0xFD0C,0xDC07,0xE448,0xF4A9,0xAC0C,0x9BC9,0xFFFF,0xE71B,
0x6A87,0x7AE7,0xEF5D,0xFFFF,0xAD75,0x5289,0x840F,0x9C91,0x6B4D,0x738D,0xEF9D,0xFFDE,
0xF79E,0xF79D,0xF79E,0xF79D,0xF79E,0xF79D,0xF79E,0xF79D,0xF79D,0xF79D,0xF79D,0xFFBD,
0xEF7D,0xEF5C,0xF79E,0xF77D,0xFFFF,0xFFFF,0xFFFF,0xFFFF,0xFFFF,0xFFFF,0xFFFF,0xFFFF,
0xFFFF,0xFFFF,0xFFFF,0xFFFF,0xFFFF,0xFFFF,0xFFFF,0xFFFF,0xFFFF,0xFFFF,0xFFFF,0xFFFF,
0xFFFF,0xFFFF,0xFFFF,0xFFFF,0xFFFF,0xFFFF,0xFFFF,0xFFFF,0xFFFF,0xF7FF,0xFFFF,0x6B8D,
0xD6DA,0xFFFF,0xFFFF,0xFFFF,0xE73B,0xCE9A,0xFFFE,0xF7FF,0xFFFF,0xFFFF,0x632C,0xCE99,
0xFFFF,0xF7FF,0xFFFF,0xFFFF,0xFFFF,0xFFFF,0xFFFF,0xFFFF,0xFFFF,0xF7FF,0xFFFE,0xFFFF,
0x4B4D,0x7CD4,0x8E5C,0x861C,0x8E3B,0x8E1C,0x8E3B,0x8E1B,0x8E3B,0x8E3C,0x8E3B,0x8E3C,
0x8E3B,0x8E3C,0x8E3B,0x8E3C,0x8E3B,0x8E3C,0x8E3B,0x8E1B,0x8E3B,0x8E1B,0x8E3B,0x8E1B,
0x8E3B,0x8E3C,0x95F9,0x0989,0x1375,0x1BF7,0x13F7,0x1419,0x21E8,0x2A2A,0xEE55,0xEE76,
0xEE54,0xEE55,0xEE75,0xE655,0xEE75,0xE675,0xEE74,0xEE55,0xEEB7,0x5A26,0xD6B9,0xF7BE,
0xF79D,0xEF7D,0xF7BD,0xFFFF,0xB5B6,0x73CF,0xE75D,0xDF1D,0xB5B6,0x73AF,0xEFBE,0x94D3,
0x0A6F,0x2354,0x330F,0x7D99,0x5980,0xC4EE,0xE4C8,0xE4A8,0xE4C8,0xDCC9,0xE4C9,0xDCC9,
0xE4C9,0xDCC9,0xE4C9,0xDCC9,0xE4C9,0xDCC9,0xE4C9,0xDCC9,0xE4C9,0xDCC9,0xE4C9,0xDCC9,
0xE4C9,0xDCC9,0xE4C9,0xDCC9,0xE4C9,0xDCC9,0xE4C9,0xDCC9,0xE4C9,0xDCC9,0xE4C9,0xDCC9,
0xE4C9,0xDCC9,0xE4C9,0xDCC9,0xE4C8,0xDCC9,0xECA9,0xE469,0xDC28,0xFD4D,0xFE6E,0xE5AB,
0xE3E8,0xE3E9,0xE4A8,0xE4A9,0xE50C,0xA325,0xA533,0xFFFF,0x5227,0x83EF,0xFFFF,0xC659,
0x52A9,0xEF7D,0xFFFF,0xFFFF,0xFFFF,0x8C92,0x94D2,0xFFFF,0xF7BD,0xF79E,0xF7BD,0xEF9E,
0xF7BD,0xEF9E,0xF7BD,0xEF9E,0xF7BD,0xEF9E,0xF79D,0xEF9E,0xF79D,0xF79E,0xF79D,0xEF7D,
0xFFFF,0xFFFF,0xFFFF,0xFFFF,0xFFFF,0xFFFF,0xFFFF,0xFFFF,0xFFFF,0xFFFF,0xFFFF,0xFFFF,
0xFFFF,0xFFFF,0xFFFF,0xFFFF,0xFFFF,0xFFFF,0xFFFF,0xFFFF,0xFFFF,0xFFFF,0xFFFF,0xFFFF,
0xFFFF,0xFFFF,0xFFFF,0xFFFF,0xFFFF,0xFFFE,0xFFFF,0x7C0E,0xCE79,0xFFFF,0xCE79,0x9491,
0xA554,0xEF5C,0xFFFF,0xFFFE,0xFFFF,0xF7BD,0x528A,0xEF7C,0xFFFF,0xFFFE,0xFFFF,0xFFFE,
0xFFFF,0xFFFF,0xFFFF,0xFFFF,0xFFFF,0xFFFE,0xFFFF,0xFFFF,0x9D76,0x530B,0x967D,0x8E1B,
0x8E1B,0x8E3B,0x8E1B,0x8E3B,0x8E1B,0x8E3B,0x8E1B,0x963B,0x8E3B,0x963B,0x8E3B,0x963B,
0x8E1B,0x8E3B,0x8E1B,0x8E3B,0x8E1B,0x8E3B,0x8E1B,0x8E1B,0x8E1B,0x9E9C,0x2ACF,0x1A6C,
0x1C19,0x13F7,0x13D8,0x1C18,0x2986,0xB5D7,0xF675,0xF634,0xEE55,0xEE54,0xEE55,0xEE75,
0xEE55,0xEE55,0xEE55,0xEE54,0xEEB8,0x72C8,0xCE59,0xFFDE,0xF77D,0xF79D,0xF79D,0xFFBD,
0xDEDB,0x632B,0xE73D,0xE71C,0xB5B6,0x73AE,0xF7BE,0x9D13,0x0270,0x33F6,0x21A7,0x3208,
0xCC27,0xE4E9,0xE4A9,0xE4C8,0xE4A9,0xE4C8,0xE4C9,0xE4C8,0xE4C9,0xE4C8,0xE4A9,0xE4C8,
0xDCA9,0xE4C8,0xE4C9,0xE4C8,0xDCA9,0xE4C8,0xDCA9,0xE4C8,0xE4C9,0xE4C8,0xE4C9,0xE4C8,
0xE4C9,0xE4C8,0xE4C9,0xE4C8,0xE4C9,0xE4C8,0xE4C9,0xE4C8,0xE4C9,0xE4C8,0xDCC9,0xE4C8,
0xDCC9,0xE4C8,0xDCA9,0xE4C8,0xEC0A,0xE3E8,0xEBCA,0xEBC9,0xDC28,0xEC69,0xDCA9,0xE4C8,
0xE4A9,0xECE9,0x7B2A,0xD5F4,0x8C71,0xB5D6,0xFFFF,0x7BCE,0xCE79,0xFFFF,0xF79E,0xFFBD,
0xF7BE,0xFFFE,0xEF5D,0xF7BD,0xF79E,0xF79D,0xF79E,0xF79D,0xF79E,0xF79D,0xF79E,0xF79D,
0xF79E,0xF79D,0xF79D,0xF79D,0xF77D,0xF77D,0xF77D,0xF77D,0xFFFF,0xFFFF,0xFFFF,0xFFFF,
0xFFFF,0xFFFF,0xFFFF,0xFFFF,0xFFFF,0xFFFF,0xFFFF,0xFFFF,0xFFFF,0xFFFF,0xFFFF,0xFFFF,
0xFFFF,0xFFFF,0xFFFF,0xFFFF,0xFFFF,0xFFFF,0xFFFF,0xFFFF,0xFFFF,0xFFFF,0xFFFF,0xFFFF,
0xFFFF,0xF7FF,0xFFFF,0x94B2,0x94B2,0x8C92,0x8C70,0xE73C,0xFFFF,0xFFFF,0xFFFF,0xF7FF,
0xFFFF,0xE77D,0x4A48,0xEF9E,0xFFFF,0xF7FF,0xFFFF,0xFFFF,0xFFFF,0xFFFF,0xFFFF,0xFFFF,
0xFFFF,0xFFFF,0xFFFE,0xFFFF,0xE77D,0x3208,0x8E3B,0x861B,0x8E3B,0x861C,0x8E3B,0x8E1C,
0x8E3B,0x8E3C,0x8E3B,0x8E3C,0x8E3B,0x8E1C,0x8E3B,0x8E3C,0x8E3B,0x861B,0x8E3B,0x861B,
0x8E3B,0x861B,0x8E3B,0x861B,0x9E7B,0x64B5,0x01EC,0x33D5,0x1417,0x0BF8,0x13F7,0x13F8,
0x31C6,0xBE38,0xF674,0xEE34,0xEE75,0xE655,0xEE55,0xE655,0xEE55,0xE656,0xEE54,0xF696,
0xF6D7,0x8B8B,0x9CB1,0xFFDE,0xFFFF,0xF7BF,0xF79D,0xFFDF,0xAD74,0x73CF,0xE77D,0xDF1D,
0xBDF7,0x73EF,0xFFFF,0x7C10,0x0291,0x2C17,0x31A5,0x73CE,0xF509,0xE4A8,0xE4C8,0xDCA9,
0xE4C8,0xDCC9,0xE4C8,0xDCC9,0xE4C8,0xDCA9,0xE4C8,0xDCC9,0xE4C8,0xDCC9,0xE4C8,0xDCC9,
0xE4C8,0xDCA9,0xE4C8,0xDCC9,0xE4C9,0xDCC9,0xE4C9,0xDCC9,0xE4C9,0xDCC9,0xE4C9,0xDCC9,
0xE4C8,0xDCC9,0xE4C9,0xDCC9,0xE4C9,0xDCC9,0xE4E9,0xDCC9,0xDCC8,0xDCC9,0xE4C8,0xDCC9,
0xE4C9,0xDCA9,0xE488,0xE489,0xE4C8,0xDCC9,0xE4C8,0xDCC9,0xE4C8,0xE4A9,0xE4EB,0xB386,
0x5AA9,0xE6FA,0xFFFE,0x73AE,0xF7BD,0xF7BE,0xF7BD,0xFFFF,0xFFFF,0xF7BE,0xF7DE,0xF79E,
0xF7BD,0xEF9E,0xF7BD,0xEF9E,0xF7BD,0xF79E,0xF7BD,0xF7BE,0xF7BE,0xFFFF,0xFFFF,0xF79E,
0xF79D,0xEF7D,0xF79D,0xF79E,0xFFFF,0xFFFE,0xFFFF,0xFFFE,0xFFFF,0xFFFE,0xFFFF,0xFFFE,
0xFFFF,0xFFFE,0xFFFF,0xFFFE,0xFFFF,0xFFFE,0xFFFF,0xFFFF,0xFFFF,0xFFFF,0xF7BE,0xF79D,
0xF79E,0xFFFE,0xFFFF,0xFFFF,0xFFFF,0xFFFF,0xFFDF,0xFFFE,0xFFFF,0xFFFE,0xFFFF,0xCE78,
0x2124,0xB5B6,0xFFFF,0xFFFF,0xFFFF,0xFFFE,0xFFFF,0xFFFE,0xFFFF,0xF7DE,0x4A69,0xEF5C,
0xFFFF,0xFFFE,0xFFFF,0xFFFE,0xFFFF,0xFFFE,0xFFFF,0xFFFE,0xFFFF,0xFFFE,0xFFFF,0xFFFE,
0xFFFF,0x632B,0x64D6,0x9E5B,0x861B,0x8E3B,0x8E1B,0x8E3B,0x8E1B,0x8E3B,0x8E1B,0x8E3B,
0x8E1B,0x8E3B,0x861B,0x8E3B,0x8E7D,0x969D,0x967D,0x969C,0x969D,0x8E7C,0x861B,0x8E3B,
0x8DDA,0x11C9,0x1396,0x23F6,0x13F7,0x13F7,0x13D8,0x1C18,0x31A6,0xC617,0xF655,0xF654,
0xEE55,0xEE54,0xEE55,0xEE54,0xEE35,0xEE54,0xF6B7,0xCD71,0x324B,0x2A29,0x220B,0x32AD,
0x7BCE,0xC617,0xF79D,0xFFFF,0xC638,0x73AD,0xE75E,0xDF1C,0xC638,0x632C,0x8430,0x5289,
0x02B2,0x2C16,0x3229,0x636D,0xECE9,0xE4A7,0xDCA9,0xE4C8,0xE4C9,0xE4C8,0xE4C9,0xE4C8,
0xE4A9,0xE4C8,0xE4A9,0xE4C8,0xE4A9,0xE4C8,0xE4A9,0xE4C8,0xE4A9,0xE4C8,0xE4A9,0xE4C8,
0xE4A9,0xE4C8,0xE4A9,0xE4C8,0xE4A9,0xE4C8,0xE4C9,0xE4C8,0xDCC9,0xE4C8,0xDCA9,0xE4C8,
0xDCC9,0xE4C8,0xDCC9,0xE4C8,0xDCC9,0xE4C8,0xDCC9,0xE4C8,0xE4C9,0xE4C8,0xE4C9,0xE4C8,
0xDCC9,0xE4C8,0xDCA9,0xE4C8,0xE4A9,0xE4C8,0xE488,0xF4E9,0x832A,0xFEF8,0xF7DF,0x8C50,
0xEF7D,0xF7BD,0xFFDF,0xB5B5,0xA514,0xF7BD,0xF7BE,0xF7BD,0xF79E,0xF79D,0xF79E,0xF7BD,
0xF79E,0xF7BD,0xFFDF,0xFFFF,0xF7BE,0x9CD2,0xA514,0xF77D,0xF77D,0xF77D,0xFFBE,0xE6FB,
0xFFFF,0xF7FF,0xFFFF,0xF7FF,0xFFFF,0xF7FF,0xFFFF,0xF7FF,0xFFFF,0xF7FF,0xFFFF,0xF7FF,
0xFFFF,0xFFFF,0xDF1B,0xA554,0x8450,0x7C0F,0x7BEF,0x7C10,0x842F,0x8430,0x8C91,0x9D14,
0xC658,0xEF7D,0xFFFF,0xFFFF,0xFFFF,0xF7FF,0xFFFF,0x73AE,0xB5B5,0xFFFF,0xFFFF,0xF7FF,
0xFFFF,0xF7FF,0xFFFF,0xF7FF,0xFFFF,0xFFFF,0x5B0B,0xB5D7,0xFFFF,0xF7FF,0xFFFF,0xF7FF,
0xFFFF,0xF7FF,0xFFFF,0xF7FF,0xFFFF,0xF7FF,0xFFFE,0xF7FF,0xFFFF,0xAD75,0x330D,0xA67C,
0x863B,0x861C,0x8E3B,0x8E1B,0x8E3B,0x8E1B,0x8E3B,0x861C,0x8E3B,0x863C,0x8E7C,0x8E5C,
0x6431,0x3AED,0x3AAB,0x3ACC,0x4BAF,0x74D5,0x8E3B,0x9EDE,0x2B30,0x1AAF,0x1C38,0x13F8,
0x1417,0x13F8,0x13F8,0x1419,0x2986,0xA596,0xF695,0xEE54,0xEE55,0xE655,0xEE75,0xE655,
0xEE54,0xF6B6,0x9D13,0x2165,0x0375,0x1C18,0x1418,0x0BD8,0x1AF0,0x022E,0x4269,0x7411,
0x8C70,0x4207,0xDF1C,0xDEFD,0xCE79,0x4249,0xCE99,0x94F4,0x0291,0x23F7,0x3ACB,0x430D,
0xED09,0xE4A8,0xE4C8,0xDCC9,0xE4C8,0xDCC9,0xE4C8,0xDCA9,0xE4C8,0xDCA9,0xE4C8,0xDCA9,
0xE4C8,0xDCA9,0xE4C8,0xDCA9,0xE4C8,0xDCA9,0xE4C8,0xDCC9,0xE4C9,0xDCC9,0xE4C8,0xDCC9,
0xE4E8,0xDCC9,0xE4E8,0xDCC9,0xE4E8,0xDCC9,0xE4E8,0xDCC9,0xDCC8,0xDCC9,0xE4E8,0xDCC9,
0xE4E8,0xDCC9,0xDCC8,0xDCC8,0xE4C8,0xDCC9,0xE4C8,0xDCC9,0xDCC8,0xDCC9,0xE4C8,0xDCC9,
0xE4C8,0xDCA9,0xE4A8,0xE4C9,0x8B8A,0xE656,0xFFFF,0xCE9A,0xEF7C,0xF7DF,0xE6FB,0x0020,
0x0000,0xBDB7,0xFFFE,0xEF9E,0xF7BD,0xEF9E,0xF7BD,0xF7BE,0xFFFF,0xFFFF,0xE71B,0x94B2,
0x6289,0x0000,0x0000,0xA4D3,0xFFFF,0xFFFF,0xDEFA,0x634C,0xFFFF,0xFFFE,0xFFFF,0xFFFE,
0xFFFF,0xFFFE,0xFFFF,0xFFFE,0xFFFF,0xFFFE,0xFFFF,0xFFFF,0xBE18,0x73AD,0x6B6D,0x9CF2,
0xCE79,0xEF5C,0xF7DE,0xFFFE,0xFFFF,0xF7BD,0xE73C,0xCE78,0xA554,0x94B1,0xA534,0xDEDA,
0xFFDF,0xFFFF,0xB596,0x73AD,0xFFFF,0xFFFE,0xFFFF,0xFFFE,0xFFFF,0xFFFE,0xFFFF,0xFFFE,
0xFFFF,0xFFFF,0xA534,0x630B,0xFFFF,0xFFFE,0xFFFF,0xFFFE,0xFFFF,0xFFFE,0xFFFF,0xFFFE,
0xFFFF,0xFFFE,0xFFFF,0xFFFE,0xFFFF,0xF77C,0x220A,0x9DD8,0x861C,0x8E3B,0x8E1B,0x8E3B,
0x8E1B,0x8E3B,0x8E1B,0x8E3B,0x861C,0x969C,0x8DB8,0x224A,0x020E,0x2311,0x0B55,0x0B54,
0x1A6E,0x01CB,0x21C8,0x4ACB,0x0290,0x33F5,0x13F8,0x13F7,0x13F7,0x1BF7,0x13F8,0x1C38,
0x21A7,0x8CD3,0xF696,0xF654,0xEE55,0xEE55,0xEE55,0xEE54,0xF6D7,0xB4AE,0x0128,0x330F,
0x1418,0x13F7,0x13F7,0x1BF7,0x1418,0x1C38,0x1396,0x0313,0x1A6E,0x01AB,0x8431,0xF79E,
0xC659,0x73AE,0xF7BF,0x8C91,0x0291,0x2BF6,0x3AEE,0x3ACC,0xECE9,0xE4A7,0xDCA9,0xE4C8,
0xE4A9,0xE4C8,0xE4A9,0xE4C8,0xE4A9,0xE4C8,0xE4A9,0xE4C8,0xE4A9,0xE4C8,0xE4A9,0xE4C8,
0xE4A9,0xE4C8,0xE4A9,0xE4C8,0xE4A9,0xE4C8,0xE4A9,0xE4C8,0xE4C9,0xE4C8,0xE4C9,0xE4A8,
0xDC88,0xE487,0xDCA8,0xE4A7,0xDCC9,0xE4E8,0xE4C9,0xE4C8,0xDCA9,0xE50A,0xE52B,0xDCC9,
0xDC88,0xE4C8,0xDCC9,0xE4C8,0xDCC9,0xE4C8,0xDCC9,0xE4C8,0xE4A9,0xE4C8,0xE488,0xECC8,
0x9BCB,0xC50F,0xFFFF,0xFFBE,0xF79D,0xFFBD,0xF79D,0x83EE,0x7BEF,0xF77C,0xF7BE,0xF7BD,
0xF79D,0xF7BD,0xF7BE,0xF7BD,0xC617,0xAD74,0x28C3,0x0000,0x0000,0x30A2,0x4A48,0xE6FA,
0xEFBE,0xBDF6,0x7BAE,0xDEDA,0xFFFF,0xF7FF,0xFFFF,0xF7FF,0xFFFF,0xF7FF,0xFFFF,0xF7FF,
0xFFFF,0xFFFF,0xF7BD,0x8451,0x8450,0xD6BA,0xFFFF,0xFFFF,0xFFFF,0xFFFF,0xFFFF,0xFFFF,
0xFFFF,0xFFFF,0xFFFF,0xFFFF,0xFFFF,0xFFFF,0xEF7C,0xBE18,0xE75C,0xFFFF,0x632B,0xD6FB,
0xFFFF,0xF7FF,0xFFFF,0xF7FF,0xFFFF,0xF7FF,0xFFFF,0xF7FF,0xFFFF,0xF7FF,0xFFFE,0x4249,
0xC658,0xFFFF,0xFFFE,0xF7FF,0xFFFF,0xF7FF,0xFFFF,0xF7FF,0xFFFF,0xF7FF,0xFFFE,0xF7FF,
0xFFFE,0xFFFF,0x5B8E,0x6C31,0x8E7C,0x861B,0x8E3B,0x861B,0x8E3B,0x8E1B,0x8E3B,0x861C,
0x9E7B,0x7D99,0x09EB,0x22F0,0x1C59,0x1419,0x1417,0x1418,0x1439,0x1439,0x1BB6,0x0314,
0x1BF7,0x13F8,0x13F7,0x13F8,0x1C17,0x13F8,0x1418,0x1439,0x2A4A,0x5BD1,0xFED6,0xE634,
0xEE55,0xE655,0xEE54,0xF6B7,0xA513,0x2145,0x12D1,0x12B1,0x1C17,0x13F7,0x1417,0x13F7,
0x13F7,0x13F7,0x1417,0x1418,0x1C38,0x13F8,0x1967,0x9D77,0xE73C,0x6B8E,0xEF9E,0x8C92,
0x02D2,0x23F7,0x3B2F,0x226D,0xECE9,0xE4A8,0xE4C8,0xDCC9,0xE4C9,0xDCC9,0xE4C9,0xDCC9,
0xE4C8,0xDCC9,0xE4C8,0xDCC9,0xE4C8,0xDCA9,0xE4C8,0xDCC9,0xE4C8,0xE4C9,0xE4C9,0xE4C9,
0xE4C9,0xE4C9,0xE4E9,0xDCC9,0xE4C8,0xDCA8,0xD4A9,0xE54C,0xE655,0xEE96,0xF673,0xDDD1,
0xE4C8,0xDCC9,0xDCC9,0xDCEA,0xE697,0xF71A,0xF75B,0xE6FA,0xED8D,0xCCAA,0xE4C8,0xDCC8,
0xDCC8,0xDCC9,0xDCC8,0xDCC9,0xE4C9,0xDCC9,0xE4C8,0xE4A8,0xCCAD,0x9B48,0xFFDF,0xEF9E,
0xF79D,0xEF9D,0xF7BD,0xFFFF,0xFFFF,0xF79E,0xF79D,0xEF9D,0xF79D,0xEF9E,0xFFFF,0x9CF3,
0x0000,0x0000,0x1820,0x3104,0x6B4C,0xEF9E,0xF79D,0x8C71,0x8307,0x7AC7,0xA512,0xFF9D,
0xFFFF,0xFFFE,0xFFFF,0xFFFE,0xFFFF,0xFFFE,0xFFFF,0xFFFE,0xFFFF,0xFFFF,0xF79E,0xEF5C,
0xFFFF,0xFFFF,0xFFFF,0xFFFF,0xFFFF,0xE73B,0xBDF7,0xAD74,0xA554,0xAD54,0xAD75,0xB595,
0xB5D6,0xCE78,0xDF1B,0xF7BD,0xFFFF,0xDEDA,0x632C,0xFFFF,0xFFFF,0xFFFE,0xFFFF,0xFFFE,
0xFFFF,0xFFFE,0xFFFF,0xFFFE,0xFFFF,0xFFFE,0xFFFF,0xCE78,0x5AEB,0xFFDE,0xFFFF,0xFFFE,
0xFFFF,0xFFFE,0xFFFF,0xFFFE,0xFFFF,0xFFFE,0xFFFF,0xFFFE,0xFFFF,0xFFFF,0xADD7,0x4269,
0x967D,0x8E1B,0x861B,0x8E1B,0x861B,0x8E3B,0x861C,0x965C,0x8D98,0x11C9,0x1375,0x2417,
0x13F8,0x1BF7,0x13F7,0x1BF7,0x13F7,0x13F7,0x13F8,0x1C18,0x13F8,0x13F7,0x13F7,0x1BF7,
0x13F7,0x13F7,0x0BF8,0x1418,0x330F,0x228C,0xFEB6,0xEE54,0xEE35,0xEE54,0xF6B7,0xC510,
0x018B,0x3B72,0x12F2,0x0AD1,0x1BF8,0x1BF6,0x13F7,0x1BF7,0x13F7,0x1BF7,0x13F7,0x13F7,
0x0BF8,0x1438,0x3373,0x01AB,0x9CB2,0x83CE,0xEF7E,0x8C91,0x02D3,0x23F6,0x3B50,0x1A2B,
0xE4C9,0xE4A8,0xDCA8,0xE4C8,0xE4A9,0xE4C8,0xE4A9,0xE4C8,0xE4A9,0xE4C8,0xE4A9,0xE4C8,
0xDCA9,0xE4C8,0xE4C9,0xE4C8,0xE4C9,0xE4C8,0xE4C9,0xE4C8,0xE4C9,0xE4C8,0xE4C9,0xE4C8,
0xE4A8,0xE4A7,0xD5F4,0xFF39,0xEF5D,0xEF5C,0xEF3D,0xF77D,0xFE93,0xD4EC,0xCCED,0xFEB3,
0xEF5C,0xEF3B,0xEF3C,0xF75C,0xFF59,0xD5D2,0xDCA8,0xE4C8,0xDCC9,0xE4C8,0xDCC9,0xE4C8,
0xE4C9,0xE4C8,0xE4A9,0xE4A8,0xDCEC,0xAB45,0xB595,0xFFFF,0xF77D,0xF79D,0xF77D,0xF79D,
0xF77D,0xF79D,0xF77D,0xF79D,0xF77D,0xF79D,0xFFDE,0xCE58,0x41C6,0x5A68,0xCEBA,0xFFFF,
0xF79E,0x8C70,0x8AC5,0xB3E9,0xECC9,0xF4E9,0xAC0B,0x9B47,0xFFFF,0xFFFF,0xFFFF,0xFFFF,
0xFFFF,0xFFFF,0xFFFF,0xFFFF,0xFFFF,0xFFFF,0xFFFF,0xFFFF,0xFFFF,0xFFFF,0xEF5C,0x94F3,
0x6B6C,0x6B8E,0x94B2,0xB5D7,0xCE79,0xCEBA,0xD6DA,0xCE9A,0xCE99,0xC679,0xBE37,0xADB6,
0xDEFA,0xA575,0x7BEE,0xFFFF,0xFFFF,0xF7FF,0xFFFF,0xFFFF,0xFFFF,0xFFFF,0xFFFF,0xFFFF,
0xFFFF,0xFFFF,0xFFFF,0xFFFF,0xDF1B,0xEF9E,0xFFFF,0xFFFF,0xFFFF,0xFFFF,0xFFFF,0xFFFF,
0xFFFF,0xFFFF,0xFFFF,0xFFFF,0xFFFE,0xFFFF,0xF7DE,0x3208,0x85FA,0x8E1B,0x8E3B,0x861C,
0x8E3B,0x861C,0x963B,0x8E1B,0x0A2C,0x2311,0x1C38,0x13F8,0x1417,0x13F7,0x13F7,0x13F7,
0x13F7,0x13F7,0x13F7,0x13F7,0x13F7,0x13F8,0x13F7,0x13F7,0x13F7,0x13F7,0x1418,0x0BF8,
0x3BD3,0x01CC,0xDDD3,0xEE56,0xEE34,0xF696,0xBDD6,0x2965,0x1396,0x2418,0x0AB0,0x12F2,
0x1C17,0x13F7,0x13F7,0x13F7,0x1BF7,0x13F7,0x13F7,0x13F7,0x1417,0x1418,0x1C18,0x13D8,
0x1945,0x3209,0xFFFF,0x94B3,0x0313,0x1BF7,0x3B91,0x01EC,0xE4C8,0xDCA9,0xE4C8,0xDCA9,
0xE4C9,0xDCA9,0xE4C8,0xDCC9,0xE4C8,0xDCA9,0xE4C8,0xDCA9,0xE4C8,0xDCC9,0xE4E8,0xDCC9,
0xE4C8,0xDCA9,0xE4A8,0xDCA8,0xE4C8,0xDCC9,0xE4C8,0xDCC9,0xDCCA,0xDD0B,0xF73B,0xEF3B,
0xF73B,0xEF1B,0xEF3B,0xEF3C,0xFF59,0xDE15,0xD5B2,0xFF59,0xEF3B,0xEF3C,0xEF3B,0xEF3B,
0xFF5A,0xEEF9,0xDCC9,0xDCC9,0xE4C8,0xDCC9,0xE4E9,0xDCC9,0xE4C8,0xDCC9,0xE4C8,0xDCA9,
0xE4A8,0xE4C9,0x7B4A,0xDE57,0xFFFF,0xEF9E,0xF79D,0xEF7D,0xF79D,0xEF9D,0xF79D,0xEF9D,
0xF79D,0xF7BE,0xFFDE,0xFFFF,0xFFFF,0xDF1C,0xAD33,0x9492,0x92E6,0xABEA,0xECE9,0xE4C9,
0xE4C9,0xDCA9,0xECE9,0xDC89,0xFFFF,0xFFFE,0xFFFF,0xFFFE,0xFFFF,0xFFFE,0xFFFF,0xFFFE,
0xFFFF,0xFFFE,0xFFFF,0xFFFF,0xEF9E,0x8C70,0x5AEB,0xA513,0xE73C,0xFFFF,0xFFFF,0xFFFF,
0xFFFF,0xFFFF,0xFFFF,0xFFFF,0xFFFF,0xFFFF,0xF7BE,0xE75C,0xE75C,0x8C50,0x8450,0xFFFF,
0xFFFF,0xFFFE,0xFFFF,0xFFFE,0xFFFF,0xFFFE,0xFFFF,0xFFFE,0xFFFF,0xFFFE,0xFFFF,0xFFFE,
0xFFFF,0xFFFF,0xFFFF,0xFFFE,0xFFFF,0xFFFE,0xFFFF,0xFFFE,0xFFFF,0xFFFE,0xFFFF,0xFFFE,
0xFFFF,0xFFFE,0xFFFF,0x738D,0x5433,0x9E5B,0x861B,0x8E3B,0x861B,0x8E1B,0x9E5C,0x3B0E,
0x02B2,0x2BF6,0x13F8,0x13F7,0x13D7,0x1BF7,0x13D7,0x13F7,0x13D7,0x13F7,0x13D7,0x13F7,
0x13D7,0x13F7,0x13D7,0x13F7,0x13D7,0x13F7,0x0BF8,0x13F7,0x2BF6,0x026F,0x93CC,0xF6D7,
0xF655,0xEE13,0x120C,0x332F,0x1BF8,0x1C18,0x0270,0x2373,0x13F7,0x13F7,0x13D7,0x1BF7,
0x13F7,0x1BF7,0x13D7,0x13F7,0x13F7,0x1C17,0x13F8,0x1418,0x33B4,0x020D,0x8C71,0x73AD,
0x0334,0x23F6,0x3B92,0x09EB,0xDC88,0xE4C8,0xDCA8,0xE4C8,0xE4A9,0xE4C8,0xE4A9,0xE4C8,
0xE4A9,0xE4C8,0xE4A9,0xE4C8,0xE4C9,0xE4C8,0xE4C9,0xE4C8,0xDC89,0xE4EA,0xE58F,0xE58E,
0xDCA9,0xE4C8,0xE4C9,0xE4E8,0xD4AA,0xE52B,0xF73B,0xF73B,0xEF1B,0xF71B,0xEF1B,0xF73B,
0xF73A,0xEEF9,0xD5F5,0xFF39,0xEF1B,0xEF1B,0xEF1B,0xEF3B,0xF71A,0xF719,0xDCEA,0xDCE9,
0xDCA8,0xE4C7,0xDCA8,0xE4A7,0xDCA8,0xE4C8,0xDC88,0xE4C9,0xE50C,0xED2C,0xD4CC,0xA325,
0xB596,0xFFBE,0xFFDF,0xFFDE,0xFFDE,0xFFDE,0xFFDE,0xFFDE,0xF7BE,0xDEBA,0xD6DB,0xBDF7,
0x9C2E,0x7B29,0xBBA6,0xCC27,0xE4A9,0xECE9,0xDCC9,0xE4C8,0xE4C9,0xE4C8,0xE4A9,0xE4C9,
0xFFFF,0xFFFF,0xFFFF,0xFFFF,0xFFFF,0xFFFF,0xFFFF,0xFFFF,0xFFFF,0xFFFF,0xFFFF,0xB5F7,
0x5ACA,0x9D14,0xFFFE,0xFFFF,0xFFFF,0xFFFF,0xFFFE,0xFFFF,0xFFFF,0xEF7D,0xBDF7,0x8C92,
0x8430,0x8451,0x9CF2,0xAD75,0xCE78,0x8430,0x840F,0xFFFF,0xFFFF,0xF7FF,0xFFFF,0xFFFF,
0xFFFF,0xFFFF,0xFFFF,0xFFFF,0xFFFF,0xFFFF,0xFFFF,0xFFFF,0xFFFF,0xFFFF,0xFFFF,0xFFFF,
0xFFFF,0xFFFF,0xFFFF,0xFFFF,0xFFFF,0xFFFF,0xFFFF,0xFFFF,0xFFFF,0xF7FF,0xFFFF,0xBE17,
0x2A8B,0xA65B,0x861B,0x863C,0x8E3B,0x8E5C,0x6CF6,0x09CB,0x1C38,0x13F8,0x1417,0x13F7,
0x13F7,0x13F7,0x13F7,0x13F7,0x13F7,0x13F8,0x13F7,0x13F7,0x13F7,0x13F7,0x13F7,0x13F8,
0x13F7,0x13F8,0x1417,0x0BF8,0x1C17,0x0BB6,0x41A4,0xE6B9,0xE6B8,0x5247,0x0333,0x1BF7,
0x1BF7,0x13F7,0x0B54,0x1BD7,0x13F7,0x13F8,0x13F7,0x13F7,0x13F7,0x13F7,0x13F7,0x13F7,
0x1417,0x13F7,0x1417,0x1418,0x1418,0x1419,0x12F1,0x0AF2,0x13F7,0x13F8,0x3BB2,0x01EC,
0xDCA8,0xDCC9,0xE4C8,0xDCA9,0xE4C8,0xDCC9,0xE4C8,0xDCC9,0xE4C8,0xDCC9,0xE4C8,0xDCC9,
0xE4E8,0xDCC9,0xE4C8,0xDCA8,0xD5B2,0xFF38,0xEF7D,0xEF7E,0xFED4,0xCD0E,0xE4C7,0xDCA7,
0xD4EB,0xEDF0,0xEF3B,0xEF3C,0xEF3B,0xEF1C,0xEF3B,0xEF1C,0xF73B,0xEF3C,0xEF1B,0xEF1B,
0xEF3B,0xEF1C,0xEF3B,0xEF1C,0xF73A,0xEEDA,0xDCE8,0xD4A8,0xD5B0,0xF6B5,0xEED7,0xE677,
0xED6B,0xD4A9,0xDDD2,0xFEF7,0xEF5C,0xEF3C,0xFEB5,0xD570,0xABE9,0xA3CA,0xA513,0xB575,
0xB5B5,0xBDD7,0xBDF6,0xBDF7,0x9CD2,0x7C10,0x61E2,0x9B8A,0xCC06,0xE4C9,0xE4E9,0xDCC9,
0xDCC8,0xDCC9,0xE4E8,0xDCC9,0xE4C8,0xDCC9,0xE4C8,0xE4C9,0xFFFF,0xFFFF,0xFFFF,0xFFFF,
0xFFFF,0xFFFF,0xFFFF,0xFFFE,0xFFFF,0xFFFF,0x94B2,0x6B6C,0xE75C,0xFFFF,0xFFFF,0xFFFF,
0xFFDF,0xFFFF,0xFFFF,0xDF1B,0x7C10,0x630B,0x8430,0xC617,0xE73C,0xFFDE,0xFFFF,0xFFFF,
0xFFFF,0xC638,0x632C,0xFFFF,0xFFFF,0xFFFE,0xFFFF,0xFFFF,0xFFFF,0xFFFF,0xFFFF,0xFFFF,
0xFFFF,0xFFFF,0xFFFF,0xFFFF,0xFFFF,0xFFFF,0xFFFF,0xFFFF,0xFFFF,0xFFFF,0xFFFF,0xFFFE,
0xFFFF,0xFFFE,0xFFFF,0xFFFE,0xFFFF,0xFFFE,0xFFFF,0xFFFE,0x324A,0x9576,0x863C,0x861B,
0x8E1B,0x965B,0x0A6E,0x2B51,0x13F8,0x13F7,0x13F7,0x1BF7,0x13D7,0x13F7,0x13D7,0x13F7,
0x13D7,0x13F7,0x13D7,0x13F7,0x13D7,0x13F7,0x13D7,0x13F7,0x13D7,0x13F7,0x13F7,0x13F7,
0x13F8,0x1C39,0x2186,0x94D3,0x6C33,0x324B,0x1419,0x13F7,0x13D7,0x1BF7,0x13F8,0x1BF7,
0x13D7,0x1BF7,0x13D7,0x13F7,0x13F7,0x13F7,0x13D7,0x13F7,0x13D7,0x13F7,0x13D7,0x1BF7,
0x13F7,0x13F7,0x13F8,0x1C17,0x13F8,0x13F7,0x3B72,0x09EB,0xDC88,0xE4A8,0xDCA9,0xE4C8,
0xE4A9,0xE4C8,0xE4A9,0xE4C8,0xE4A9,0xE4C8,0xE4C9,0xE4C8,0xE4C9,0xE4C8,0xDCA9,0xDCA8,
0xE6B8,0xFF5A,0xEF1C,0xEF3B,0xFF5A,0xDE14,0xD4EB,0xED6C,0xD616,0xFF5A,0xEF1C,0xEF3B,
0xEF1B,0xF73B,0xEF3C,0xF75C,0xEF3C,0xF75C,0xEF3C,0xF75C,0xEF3C,0xF75B,0xEF1C,0xEF3B,
0xF71A,0xEED8,0xCCAB,0xED8E,0xEF3C,0xF75B,0xEF3D,0xF77D,0xFEF7,0xCD70,0xF73B,0xF73A,
0xEF1B,0xEF3B,0xF75B,0xEEF9,0xE4EA,0xE4A8,0xD407,0xCBE5,0x9349,0x9B89,0xBE38,0xC638,
0xDEFB,0xFFFF,0x82E6,0xBC8C,0xE4C8,0xE4A7,0xDCC9,0xE4C8,0xDC88,0xDCA7,0xDCA8,0xE4E8,
0xDCA8,0xE4C8,0xDC88,0xE4C8,0xFFFF,0xFFFF,0xFFFF,0xFFFF,0xFFFF,0xFFFF,0xFFFF,0xFFFF,
0xFFFF,0x8C71,0x8C91,0xFFFF,0xFFFF,0xF7FF,0xFFFF,0xF7FF,0xFFFF,0xF7DF,0x8C91,0x5AEB,
0xB5B5,0xF7DF,0xFFFF,0xFFFF,0xFFFF,0xFFFF,0xFFFF,0xF7FF,0xFFFF,0xF7BE,0x52AA,0xEF7D,
0xFFFF,0xF7FF,0xFFFF,0xFFFF,0xFFFF,0xFFFF,0xFFFF,0xFFFF,0xFFFF,0xFFFF,0xFFFF,0xFFFF,
0xFFFF,0xFFFF,0xFFFF,0xFFFF,0xFFFF,0xFFFF,0xFFFF,0xFFFF,0xFFFF,0xFFFF,0xFFFF,0xFFFF,
0xFFFF,0xFFFF,0xFFFE,0xFFFF,0x7451,0x5B6E,0x8E9C,0x7E1B,0x9E5B,0x5C75,0x026F,0x23D6,
0x13F7,0x13F8,0x1417,0x13F7,0x13F7,0x13F8,0x13F7,0x13F8,0x13F7,0x13F8,0x13F7,0x13F8,
0x13F7,0x13F8,0x13F7,0x13F8,0x13F7,0x13F8,0x1417,0x13F7,0x1418,0x1419,0x3B71,0x014A,
0x12F1,0x2BD5,0x13F7,0x13F8,0x13F7,0x13F7,0x1BF7,0x13D7,0x13F7,0x13D7,0x13F7,0x13F7,
0x13F7,0x13F7,0x13F7,0x13F7,0x13F7,0x13F7,0x13F7,0x13F7,0x13F7,0x13F7,0x13F7,0x13F7,
0x1418,0x0BF8,0x3B91,0x01EB,0xE4A8,0xDCA9,0xE4C8,0xDCC9,0xE4C8,0xE4C9,0xE4C8,0xE4C9,
0xE4C8,0xDCC9,0xE4C8,0xDCC9,0xE4C8,0xDCC9,0xE4C9,0xDCA9,0xEED8,0xF73B,0xEF3B,0xEF3C,
0xF73B,0xE6DA,0xEEFA,0xF75C,0xF75C,0xEF3C,0xEF3B,0xEF3C,0xF73A,0xDE99,0xEE14,0xE5F5,
0xE635,0xF6D9,0xFF5B,0xDE58,0xE615,0xE636,0xEF1B,0xEF3C,0xF73B,0xEF1B,0xE6D9,0xEF3B,
0xEF3B,0xEF1C,0xEF3B,0xEF1C,0xFF19,0xD5F5,0xF73A,0xEF1B,0xEF3B,0xEF3C,0xFF39,0xE6B8,
0xDCA9,0xE52C,0xEDD0,0xEDF1,0xF5AF,0xBBE9,0x9470,0xFFDE,0xFFFF,0xFFDF,0xCDD3,0x6AC8,
0xED09,0xDCA8,0xDCC8,0xD4A9,0xDE12,0xF6D6,0xEDCE,0xC4AA,0xD5F2,0xFF59,0xFED4,0xC50E,
0xFFDF,0xFFFE,0xFFDF,0xFFFE,0xFFDF,0xFFFE,0xFFDF,0xFFFF,0xDEFB,0xB595,0xFFFF,0xFFFF,
0xFFDF,0xFFFE,0xFFDF,0xFFFF,0xDEFB,0x5AEA,0x9492,0xFFFF,0xFFFF,0xFFFF,0xFFDF,0xFFFE,
0xFFDF,0xFFFE,0xFFFF,0xFFFE,0xFFFF,0xFFFF,0x8430,0x8C70,0xFFFF,0xFFFE,0xFFDF,0xFFFE,
0xFFDF,0xFFFE,0xFFFF,0xFFFF,0xFFFF,0xFFFF,0xFFFF,0xFFDE,0xFFFF,0xFFFF,0xFFDF,0xFFFE,
0xFFDF,0xFFFE,0xFFDF,0xFFFF,0xE77D,0xDEFA,0xD6FB,0xE75C,0xEF9E,0xFFFF,0xFFFF,0xFFFF,
0xCEBA,0x3A07,0x8E5C,0x8E1A,0x961B,0x1A4B,0x13B6,0x1BD6,0x13F7,0x13F7,0x13F7,0x1BF7,
0x13F7,0x1BF7,0x13F7,0x1BF7,0x13F7,0x1BF7,0x13F7,0x1BF7,0x13F7,0x1BF7,0x13F7,0x1BF7,
0x13F7,0x1BF7,0x13F7,0x1BF7,0x13F8,0x1417,0x2BF6,0x0AD1,0x01CD,0x3BD4,0x13F8,0x13F7,
0x13D7,0x1C17,0x13D7,0x1BF7,0x13D7,0x1BF7,0x13D7,0x1BF7,0x13D7,0x1BF7,0x13F7,0x1BF7,
0x13F7,0x1BF7,0x13F7,0x1BF7,0x13F7,0x1BF7,0x13D7,0x1BF7,0x0BF8,0x13F8,0x3B50,0x120A,
0xE4C9,0xE4A8,0xDCA9,0xE4C8,0xE4A9,0xE4C8,0xE4A9,0xE4C8,0xE4C9,0xE4C8,0xE4C9,0xE4C8,
0xDCC9,0xE4C8,0xDCA8,0xDCA7,0xE656,0xFF39,0xEF1C,0xEF3B,0xEF1B,0xF73B,0xEF3C,0xEF3B,
0xEF1B,0xEF3B,0xEF3B,0xEEFA,0xDDF5,0xEE56,0xEED9,0xF6F9,0xF697,0xDDD3,0xD593,0xEE35,
0xEEDA,0xEEB8,0xEEFB,0xF73B,0xEF1C,0xEF3B,0xEF3C,0xF73B,0xEF1B,0xEF3B,0xEF1B,0xF73B,
0xEF1B,0xEF1B,0xEF1B,0xF73B,0xEF1B,0xF73B,0xF73A,0xE6B7,0xDE57,0xFF39,0xEF5D,0xEF7C,
0xFF3A,0xF6D7,0xABEB,0x9348,0xEF5D,0xFFDE,0xFFBD,0x6B0A,0xD447,0xE4C9,0xCCAA,0xED6C,
0xFFFF,0xFFFF,0xFFFE,0xDEB8,0xF7DE,0xFFFF,0xFFFD,0xDE35,0xFFFF,0xFFFF,0xFFFF,0xFFFF,
0xFFFF,0xFFFF,0xFFFF,0xFFFF,0xFFFF,0xFFFF,0xFFFF,0xF7FF,0xFFFF,0xF7FF,0xFFFF,0xC679,
0x52CA,0xCE79,0xFFFF,0xFFFF,0xFFFF,0xFFFF,0xFFFF,0xFFFF,0xFFFF,0xFFFF,0xFFFF,0xF7FF,
0xFFFF,0xFFFF,0xF79D,0x4249,0xD699,0xFFFF,0xFFFE,0xF7FF,0xFFFF,0xFFFF,0xE79C,0xBE58,
0x8572,0x646F,0x440B,0x2B49,0x744F,0xEFFF,0xFFFF,0xFFFF,0xFFFF,0xFFFF,0xFFFF,0xDF5C,
0x2327,0x1AC6,0x12E6,0x1B07,0x2B49,0x3BCB,0xADD5,0xF7FF,0xFFFF,0x4A8A,0x6D16,0x965C,
0x7494,0x0988,0x1395,0x1BD7,0x13F7,0x13F8,0x13F7,0x13F7,0x13F7,0x13F8,0x13F7,0x13F8,
0x13F7,0x13F8,0x13F7,0x13F8,0x13F7,0x13F8,0x13F7,0x13F8,0x13F7,0x13F8,0x13F7,0x13F8,
0x1417,0x13F7,0x1C17,0x1C39,0x122C,0x01CB,0x1BF6,0x1BF7,0x23F6,0x1375,0x0270,0x2BD6,
0x13F7,0x13D8,0x13F8,0x13F8,0x1418,0x13F8,0x13F7,0x13F8,0x13F7,0x13F8,0x1BF7,0x13F8,
0x1418,0x1418,0x1C17,0x13D8,0x1418,0x0BF8,0x3B4F,0x1A4C,0xECE9,0xDCA8,0xE4C8,0xDCA9,
0xE4C8,0xDCC9,0xE4C8,0xDCC9,0xE4C8,0xDCC9,0xE4C8,0xDCC9,0xDCA8,0xDCA9,0xE50A,0xDCEB,
0xDE14,0xFF3A,0xEF3C,0xEF3C,0xEF3B,0xEF1C,0xEF3B,0xEF1C,0xEF3B,0xEF1C,0xF73B,0xEEFB,
0xEF1B,0xEF5C,0xEF5B,0xEF3B,0xF75B,0xF75C,0xEED9,0xF75C,0xF77C,0xF77D,0xF73B,0xEF1C,
0xEF3B,0xEF1C,0xEF3B,0xEF1C,0xEF3B,0xEF3C,0xEF3B,0xEF1C,0xEF3B,0xEF3C,0xEF3B,0xEF3C,
0xEF3B,0xEF3C,0xEF3B,0xEF3C,0xF75C,0xEF3C,0xEF3B,0xEF1B,0xEF3B,0xF77D,0xFE11,0xBC09,
0x732A,0xDE78,0xFFFF,0xAD35,0x9B03,0xDD0C,0xD4CA,0xE56D,0xFFFE,0xFFFF,0xFFFF,0xFFFF,
0xFFFF,0xF7FF,0xFFFD,0xDE77,0xFFDF,0xFFFE,0xFFDF,0xFFFE,0xFFDF,0xFFFE,0xFFDF,0xFFFE,
0xFFDF,0xFFFE,0xFFDF,0xFFFE,0xFFDF,0xFFFF,0xCE79,0x6B6C,0xE75C,0xFFFF,0xFFDF,0xFFFE,
0xFFDF,0xFFFE,0xFFDF,0xFFFE,0xFFDF,0xFFFE,0xFFDF,0xFFFE,0xFFDF,0xFFFE,0xFFFF,0xD6B9,
0x4A69,0xD699,0xFFFF,0xFFFF,0xB697,0x640D,0x1B07,0x12A4,0x02A5,0x0AA4,0x0AC5,0x0B05,
0x2267,0xD7BB,0xFFFF,0xFFFF,0xFFFF,0xFFFF,0xDF9C,0x9D53,0x0AA5,0x12E5,0x0AC6,0x12E6,
0x1326,0x12E5,0x1A25,0xB718,0xFFFF,0xAD33,0x32CE,0xAE9C,0x4B90,0x74B4,0x020E,0x33D4,
0x0BD8,0x13F7,0x13D7,0x1BF7,0x13D7,0x13F7,0x13D7,0x13F7,0x13D7,0x13F7,0x13D7,0x13F7,
0x13D7,0x13F7,0x13D7,0x13F7,0x13D7,0x13F7,0x13D7,0x13F7,0x13F7,0x13F7,0x13F8,0x1417,
0x2BF6,0x0AD1,0x01AC,0x2B31,0x33B4,0x014A,0x1313,0x2BF5,0x1419,0x1C18,0x1395,0x0B12,
0x0AF3,0x1353,0x0BB7,0x1C18,0x1419,0x1C19,0x1C18,0x1BF7,0x1333,0x0AD1,0x02F3,0x1BB5,
0x1419,0x1419,0x3AEE,0x328B,0xECE9,0xE4A7,0xE4A9,0xE4C8,0xE4A9,0xE4C8,0xE4A9,0xE4C8,
0xE4C9,0xE4C8,0xDCA9,0xE4C8,0xDDF4,0xFEF7,0xEF3C,0xEF3B,0xEF1C,0xF73B,0xEF3C,0xF73B,
0xEF3C,0xF75B,0xEF1B,0xF73B,0xEF3C,0xF75C,0xEF3C,0xF73B,0xF75C,0xF75B,0xF73C,0xF73B,
0xF73B,0xF71A,0xE5D4,0xE5B3,0xE5B3,0xEDD3,0xEEB9,0xF73A,0xEF1B,0xEF3B,0xEF1B,0xF71B,
0xEF1B,0xF73B,0xEF1B,0xF73B,0xEF1B,0xF73B,0xEF3C,0xF73B,0xEF3C,0xF73B,0xEF1C,0xF73B,
0xEF1B,0xEF3B,0xEF1B,0xF73B,0xEF3B,0xF75B,0xFE52,0xD4EC,0xCC8B,0x92C3,0xAD55,0xF79E,
0x82A4,0xCCEC,0xE4C8,0xDC86,0xD615,0xFFFC,0xF7FF,0xFFFF,0xF7FF,0xFFFF,0xFFBA,0xCD50,
0xFFFF,0xF7FF,0xFFFF,0xF7FF,0xFFFF,0xF7FF,0xFFFF,0xF7FF,0xFFFF,0xF7FF,0xFFFF,0xF7FF,
0xFFFF,0xFFFF,0xB5D6,0xEF7D,0xFFFF,0xF7FF,0xFFFF,0xF7FF,0xFFFF,0xF7FF,0xFFFF,0xF7FF,
0xFFFF,0xF7FF,0xFFFF,0xF7FF,0xFFFF,0xF7FF,0xFFFE,0xFFFF,0xD6DA,0x4A89,0x94F2,0xBE78,
0x0AC5,0x0AA5,0x02C4,0x0AE6,0x1B05,0x2B88,0x2367,0x0AE5,0x3AE8,0xD7DC,0xE77C,0xB617,
0x6CCF,0x438B,0x1B07,0x0AC6,0x22C2,0x754D,0xC66B,0xCEAC,0xDF4F,0xADEA,0x1244,0x5CAE,
0xF7BD,0xE75C,0x3249,0x7452,0x7517,0xAEDF,0x1AAE,0x2331,0x1418,0x0BF8,0x13F7,0x13F8,
0x13F7,0x13F7,0x13F7,0x13F7,0x13F7,0x13F7,0x13F7,0x13F7,0x13F7,0x13F7,0x13F7,0x13F7,
0x13F7,0x13F7,0x13F7,0x13F7,0x13F7,0x13F7,0x13F7,0x13F7,0x13F7,0x1419,0x1BD7,0x13D7,
0x21E9,0x4B50,0x12F1,0x2373,0x124D,0x01AB,0x2902,0x62CA,0x730A,0x5A68,0x31E8,0x2188,
0x19C9,0x11CA,0x19C8,0x21C9,0x62C8,0x944F,0x7BAD,0x3185,0x022E,0x1B74,0x3AEC,0x3ACD,
0xED09,0xE4A8,0xE4C8,0xDCA9,0xE4C8,0xDCC9,0xE4C8,0xDCC9,0xE4C8,0xE4C9,0xCCCC,0xFE53,
0xF77D,0xEF3D,0xF73C,0xEF3C,0xEF3B,0xEF3C,0xEF5C,0xEF3C,0xEE76,0xD5D4,0xE5D3,0xDDB3,
0xDDB3,0xE615,0xF73B,0xF73C,0xEEB7,0xE656,0xE676,0xEED9,0xFF3A,0xCDD5,0xEED9,0xF73B,
0xF71A,0xEEBA,0xDDD5,0xF6B9,0xEF3B,0xEF3C,0xEF3B,0xEF1C,0xEF3B,0xEF3C,0xEF5C,0xEF3C,
0xF73B,0xE6BA,0xE615,0xDDF5,0xDE16,0xF6FA,0xEF3C,0xEF3C,0xEF3B,0xEF1C,0xEF3B,0xEF1B,
0xEF3B,0xEF5C,0xF5EF,0xCCAB,0xECC8,0xE4C9,0x8369,0x8BAC,0x82C5,0xBCAD,0xCD0C,0xF652,
0xF7BD,0xFFFF,0xFFFF,0xF7FF,0xFFFF,0xF7FF,0xFFDB,0xD615,0xFFFF,0xFFFF,0xFFFF,0xFFFF,
0xFFFF,0xFFFF,0xFFFF,0xFFFF,0xFFFF,0xFFFF,0xFFFF,0xFFFF,0xFFFF,0xFFFE,0xFFFF,0xFFFF,
0xFFFF,0xFFFF,0xFFFF,0xFFFE,0xFFFF,0xFFFF,0xFFFF,0xFFFF,0xFFFF,0xFFFF,0xFFFF,0xFFFF,
0xFFFF,0xFFFF,0xFFFF,0xFFFE,0xFFFF,0xF7BD,0x94F2,0x8CD1,0x12C5,0x1B26,0x84E8,0xB66D,
0xDECB,0xFF8E,0x8DEF,0x2280,0x1AE7,0x33A9,0x1AE6,0x0A84,0x02A4,0x12E5,0x0B07,0x1306,
0x4301,0xDF92,0xFF6C,0xFF6B,0xEFB0,0xBDE9,0x0AA5,0x12E5,0x1AE7,0x2B68,0x1AA7,0x01A2,
0x32CB,0x642F,0x3ACD,0x19C8,0x1C18,0x13F7,0x13D7,0x1BF7,0x13F7,0x1BF7,0x13F7,0x13F7,
0x13F7,0x13F7,0x13F7,0x13F7,0x13F7,0x13F7,0x13F7,0x13F7,0x13F7,0x13F7,0x13F7,0x13F7,
0x13F7,0x13F7,0x13F7,0x1BF7,0x13F7,0x1BF7,0x23F7,0x0B34,0x4249,0xFFFF,0x83AD,0x49E5,
0x92C4,0xCC8A,0x7286,0xDDB2,0xFEB7,0xFE95,0xEE35,0xE5F3,0xD592,0xD592,0xD592,0xEE34,
0xFE96,0xFE95,0xFEF7,0xA3EB,0x7B29,0x51C3,0x28E1,0x7B4A,0xECE9,0xE4A8,0xE4A9,0xE4C8,
0xE4A9,0xE4C8,0xE4C9,0xE4C8,0xE4C8,0xE4A7,0xCD71,0xFF38,0xEF1C,0xEF3C,0xEF1C,0xF73B,
0xEF1C,0xF73B,0xFF1A,0xD5D4,0xDE16,0xFEF9,0xEF3C,0xF73B,0xF6FA,0xEE97,0xE5B2,0xE5B2,
0xE615,0xEE76,0xEE35,0xE5B3,0xD552,0xF676,0xF75C,0xF73B,0xEF1B,0xF73B,0xEF3C,0xF71B,
0xF71B,0xEF1A,0xD5F6,0xE657,0xF6FA,0xE698,0xDE16,0xEE97,0xF73B,0xEEF9,0xEEFA,0xF73A,
0xEE77,0xD5D4,0xEF1B,0xF73B,0xEF1B,0xEF1B,0xEF1B,0xF73B,0xEF1B,0xF75B,0xE54D,0xD4AA,
0xE4A8,0xE4C8,0xE4EA,0xCC26,0xC406,0xE4C9,0xCDD3,0xFFFB,0xFFFF,0xFFFF,0xFFFF,0xFFFF,
0xFFFF,0xFFFE,0xFFFF,0xFFFF,0xFFFF,0xFFFF,0xFFFF,0xFFFF,0xFFFF,0xFFFF,0xFFFF,0xFFFF,
0xFFFF,0xFFFF,0xFFFF,0xFFFF,0xFFFF,0xFFFF,0xFFFF,0xF7FF,0xFFFF,0xF7FF,0xFFFF,0xF7FF,
0xFFFF,0xEFBE,0xDF5C,0xD6FB,0xCEB9,0xCEFB,0xCEFA,0xBE78,0xB616,0xDF7C,0xFFFF,0xFFFF,
0xFFFF,0xFFFF,0xFFFF,0xD71B,0x12C4,0x2347,0xF78D,0xF78E,0xFF6C,0xFF6D,0xBF11,0x2AA0,
0x0B06,0x02A5,0x0AC5,0x0AE6,0x1306,0x0AC6,0x0B06,0x0AE6,0x5BA2,0xDFB2,0xF74B,0xF72C,
0xEFB1,0x9527,0x0AA4,0x2367,0x4BE6,0x5C69,0x74E8,0x7D2A,0x4BC8,0x53E9,0xE75D,0x4249,
0x0B34,0x1BF7,0x13F7,0x13F8,0x13F7,0x13F7,0x13F7,0x13F7,0x13F7,0x13F7,0x13F7,0x13F7,
0x13F7,0x13F7,0x13F7,0x13F7,0x13F7,0x13F7,0x13F7,0x13F8,0x1417,0x13F8,0x1C17,0x1418,
0x1418,0x1419,0x33D4,0x01ED,0xD698,0xFFFF,0xED8C,0xDCEB,0xED08,0xECE9,0x9B89,0x8B28,
0xFEB7,0xE615,0xEE55,0xEE55,0xF675,0xEE76,0xF675,0xEE55,0xEE55,0xE635,0xF6B6,0x8349,
0xD468,0xE4CA,0xCC06,0xDC89,0xE4C9,0xDCA9,0xE4C9,0xDCC9,0xE4C8,0xDCC9,0xE4C9,0xE4C9,
0xE4C8,0xDC88,0xDE14,0xFF3A,0xEF3C,0xEF3C,0xF73B,0xEF1C,0xF73B,0xF75C,0xD5D4,0xE677,
0xF77C,0xEF3C,0xF73B,0xEF3C,0xFF5B,0xE6D9,0xD5D4,0xF6F9,0xF75C,0xEF3C,0xF75C,0xEF3C,
0xEEB9,0xEEFB,0xF73B,0xEF1C,0xF71B,0xEF1C,0xEF3B,0xEF1C,0xFF3B,0xCDD6,0xEED9,0xF73B,
0xF71B,0xE6DA,0xFEF8,0xDDF5,0xDE56,0xFF3B,0xF73B,0xEF3B,0xFF5B,0xD616,0xD5D5,0xEEB9,
0xEF3B,0xE71C,0xEF3B,0xEF1B,0xEF3B,0xEF3C,0xFEB4,0xC4ED,0xE4C8,0xDCA8,0xE4C8,0xDCC9,
0xE4E8,0xDC88,0xCDF3,0xFFFD,0xFFFF,0xF7FF,0xFFDE,0xEF9D,0xFFFF,0xF7FF,0xFFFF,0xF7DE,
0xFFFF,0xFFFE,0xFFFF,0xFFFE,0xFFFF,0xFFFF,0xFFFF,0xFFFF,0xFFFF,0xF7BD,0xDF3B,0xC677,
0xA595,0xEFBD,0xFFFF,0xFFFE,0xFFFF,0xFFFE,0xFFFF,0xFFFF,0x9E35,0x3B08,0x1B06,0x1AE5,
0x12C6,0x1AE6,0x12E6,0x12E5,0x0A45,0x546D,0xFFFF,0xFFFF,0xFFFF,0xFFFF,0xFFFF,0xFFFE,
0x2B68,0x1AC5,0xD6CC,0xEF6E,0xF70C,0xFF4C,0xC753,0x3AE1,0x1282,0x6D2C,0xC66B,0xCEAB,
0xCECE,0xBE2B,0x1306,0x0AA4,0x6C23,0xE7D1,0xF72B,0xF74B,0xE7D3,0x7444,0x4B41,0xDF92,
0xFF6D,0xFF8C,0xFF8D,0xFFCD,0xAE50,0x5BE5,0xEF9D,0xCE78,0x018B,0x3392,0x13F8,0x13F8,
0x13D7,0x1BF7,0x13F7,0x1BF7,0x13D7,0x13F7,0x13F7,0x13F7,0x13F7,0x13F7,0x13F7,0x13F7,
0x13F8,0x1417,0x1419,0x1C38,0x13F7,0x13B6,0x0B75,0x1374,0x0B34,0x0B33,0x1188,0x7493,
0xFFFF,0xEF19,0xD4A8,0xDCC8,0xE4A8,0xE4C7,0xC4AD,0x69C1,0xE656,0xEE55,0xEE35,0xEE54,
0xEE55,0xF654,0xEE55,0xF654,0xEE35,0xEE54,0xEE97,0x7AC7,0xD448,0xDCA9,0xE4A9,0xE4C8,
0xE4A9,0xE4C8,0xE4A9,0xE4C8,0xE4A9,0xE4C8,0xE4C9,0xE4C8,0xE4C9,0xE487,0xDE15,0xFF39,
0xEF1C,0xF73B,0xEF1B,0xF73B,0xF71B,0xEED9,0xD5F6,0xFF5A,0xEF3B,0xF73B,0xF71B,0xF73B,
0xFEF9,0xD5B4,0xF71B,0xF73B,0xEF1B,0xF73B,0xEF1B,0xF71B,0xEF1C,0xF71B,0xEF1B,0xF73B,
0xEF1B,0xF71B,0xEEFB,0xF71B,0xF6FA,0xD5D4,0xF73C,0xF71B,0xEF1C,0xF73B,0xF73B,0xFF5B,
0xCD73,0xFF39,0xEF1B,0xF73B,0xEF1B,0xF73B,0xEED9,0xE677,0xEF1C,0xF71B,0xEF1B,0xF73B,
0xEF1B,0xEF3B,0xFF38,0xCD50,0xDCA8,0xE4C7,0xDCA9,0xE4C8,0xE4A8,0xE4A8,0xCCCC,0xFE51,
0xF77B,0xF77B,0xDDB1,0xDD90,0xFFFF,0xFFFF,0xFFDC,0xD614,0xFFFF,0xFFFF,0xFFFF,0xFFFF,
0xF7FE,0xD6DA,0xA635,0x74B1,0x43EB,0x2B49,0x1306,0x0AC5,0x0A04,0x7DB3,0xFFFF,0xFFFF,
0xFFFF,0xFFFF,0xFFFF,0xFFFF,0x546C,0x1285,0x1305,0x02C5,0x0AE5,0x0AE6,0x0AE5,0x0B06,
0x1AE6,0x2B69,0xFFFF,0xF7DF,0xD71A,0xCEFA,0xCED9,0xC699,0x4C4B,0x0A65,0xC64A,0xE78F,
0xF72C,0xF72C,0xDFD3,0x4B42,0x4B40,0xD7D3,0xFF8C,0xFF6C,0xFF6D,0xFFCF,0x6D2C,0x0A01,
0x9526,0xE7D1,0xF74B,0xF72C,0xDFD3,0x5382,0x5B82,0xDFB3,0xF74C,0xEF2C,0xF72C,0xF76D,
0xA68F,0x1A60,0x3B08,0xE7FE,0x9555,0x1947,0x13B6,0x1C18,0x1C18,0x13F8,0x1BF7,0x13F8,
0x13F7,0x13F8,0x13F7,0x13F8,0x13F7,0x1418,0x1438,0x1419,0x13B6,0x0314,0x124D,0x01EC,
0x21E8,0x324A,0x4A8A,0x4AAB,0x5B2C,0x73F0,0xAD75,0xF7FF,0xFFFC,0xCDD4,0xDCA7,0xDCC8,
0xE4C8,0xDCA8,0xDD2D,0x71E1,0xBD10,0xEE97,0xEE54,0xEE55,0xEE75,0xEE55,0xEE55,0xEE55,
0xEE54,0xEE55,0xEE96,0x6246,0xDCA9,0xD4A9,0xE4A8,0xDCA9,0xE4C8,0xDCA9,0xE4C9,0xE4C9,
0xE4C9,0xDCC9,0xE4E9,0xDCC9,0xE4C8,0xDC88,0xDE14,0xFF39,0xEF3C,0xEF1C,0xEF3B,0xEF1C,
0xF73B,0xDE79,0xE6B9,0xF75C,0xF75B,0xEF3C,0xF75C,0xF77C,0xE677,0xEEB9,0xF75B,0xEF1B,
0xF71B,0xEF1B,0xEF1B,0xEF1B,0xEF3B,0xEF1C,0xEF3B,0xEF1C,0xEF3B,0xEF1B,0xEF1B,0xEF3C,
0xEE98,0xD5D5,0xF73B,0xEF1B,0xF71B,0xEF1C,0xF71A,0xF73B,0xD5B4,0xF6D9,0xF73B,0xEF1C,
0xF73B,0xEF1B,0xEF3B,0xEF1C,0xEF3B,0xEF1C,0xEF3B,0xEF1C,0xEF5C,0xEF5D,0xFEB4,0xC4EE,
0xE4C8,0xDCC8,0xDCC8,0xDCC9,0xE4C8,0xDCC9,0xE4C8,0xDCA8,0xDCC8,0xDCA9,0xDCC8,0xDCC9,
0xE613,0xF6B6,0xE56C,0xCCAA,0xFFFF,0xFFFE,0xFFDF,0xFFFF,0xC75A,0x2A66,0x02C5,0x0AC4,
0x02A5,0x02C5,0x02C5,0x1326,0x1265,0x7530,0xFFFF,0xFFFF,0xFFFF,0xEF7C,0xCEFA,0xD71A,
0x4C4D,0x1285,0x4384,0x960D,0xBE0B,0xC64B,0xB6AF,0x6404,0x0AC5,0x1B06,0x5C4D,0x540B,
0x12C6,0x1AE5,0x12C5,0x12C4,0x12E6,0x0AA4,0xA588,0xEFB0,0xF72C,0xFF4B,0xE7B3,0x63A2,
0xA568,0xF7D0,0xF72C,0xF74C,0xF72C,0xFF6C,0xC733,0x2A60,0xADA9,0xEFB0,0xF72C,0xFF4C,
0xD793,0x4300,0x5362,0xDFB2,0xF72C,0xF74C,0xF72C,0xFF8D,0x9E4F,0x22A0,0x2AA8,0xD7DB,
0xFFFF,0xBDB5,0x2A2B,0x21EA,0x0314,0x1BB6,0x13F8,0x1C18,0x1C19,0x1C18,0x1419,0x13F7,
0x1375,0x0B33,0x122D,0x09EB,0x3A29,0x6B8E,0xA513,0xCE57,0xE73C,0xFFDE,0xFFFF,0xFFFF,
0xFFFF,0xFFFF,0xFFFF,0xFFFF,0xFF57,0xC4ED,0xDCA8,0xE4C7,0xDCA8,0xE4A7,0xE50C,0xAB44,
0x72E9,0xF6D7,0xEE35,0xEE54,0xEE55,0xEE54,0xEE55,0xEE54,0xEE35,0xF654,0xE635,0x6224,
0xDCC9,0xDCA8,0xDCA8,0xE4C8,0xE4A9,0xE4C8,0xE4A9,0xE4C8,0xE4C9,0xE4C8,0xE4C9,0xE4C8,
0xE4C8,0xE4C7,0xCD30,0xFF16,0xEF1C,0xEF3C,0xEF1C,0xF73B,0xEF3C,0xF73B,0xF6B8,0xDE15,
0xE593,0xE592,0xDD93,0xEDF3,0xEEFA,0xFF5B,0xEF1B,0xF71B,0xEF1B,0xF71B,0xEF1B,0xF71B,
0xEF1B,0xF71B,0xEF1C,0xF73B,0xEF3C,0xF73B,0xF71B,0xF73B,0xCDB4,0xFEF9,0xEF1C,0xF71B,
0xEF1B,0xF71B,0xEF1B,0xF75C,0xE677,0xE656,0xF73C,0xF71B,0xEF1B,0xF71B,0xEF1B,0xF71B,
0xEF1C,0xEF3B,0xFF18,0xD5B2,0xDD2D,0xE56D,0xDCC9,0xDCC8,0xDCC9,0xE4C8,0xDCC9,0xE4C8,
0xDCC8,0xE4C8,0xDCC9,0xE4E8,0xDCC9,0xE4C8,0xE4C9,0xE4C8,0xDC88,0xE487,0xDC88,0xE4C8,
0xFFFF,0xFFFF,0xFFFF,0xFFFF,0xD7DC,0x32C8,0x1B05,0x2388,0x5C27,0x6CCA,0x85AD,0x43A5,
0x0A45,0x64F0,0xD75B,0x84F2,0x43EB,0x2308,0x12E5,0x0AC6,0x1306,0x0AA5,0xB5E8,0xF7F1,
0xFF6C,0xFF6C,0xF7F3,0x7C65,0x0AC5,0x0AC6,0x0284,0x02A5,0x0AC5,0x0AE6,0x1326,0x1306,
0x1306,0x02A5,0x8CE6,0xE7B2,0xF74C,0xF74C,0xF790,0xA527,0xEF4D,0xEF4E,0xF74D,0xF74D,
0xF74C,0xF74D,0xEFD2,0x7424,0xBE09,0xEF90,0xF74B,0xFF6D,0xBF32,0x2280,0x5382,0xD7B3,
0xF74C,0xF72C,0xF74C,0xFF6E,0x9E6F,0x1A80,0x32E8,0xD7FD,0xFFFF,0xFFFF,0xFFDD,0xAD75,
0x636D,0x424A,0x220A,0x220B,0x224C,0x1A2C,0x222A,0x224C,0x5B2C,0x3A09,0x840F,0xDEDA,
0xFFFE,0xFFFF,0xFFFF,0xFFFF,0xFFFF,0xFFFF,0xFFFF,0xFFFF,0xFFFF,0xF7FF,0xB5B5,0xE73D,
0xFE92,0xC4AB,0xE4C8,0xDCC8,0xECE9,0xE4A8,0xA388,0x7243,0x93CB,0xEE97,0xEE54,0xEE55,
0xEE75,0xE675,0xEE75,0xE655,0xEE54,0xEE55,0xDE14,0x5A05,0xE4E9,0xD4A9,0xDCC8,0xDCA9,
0xE4C8,0xDCA9,0xE4C8,0xDCC9,0xE4C8,0xDCC9,0xE4C8,0xDCC9,0xE4E8,0xDCC8,0xCD2F,0xFEB6,
0xEF3C,0xE71C,0xEF3B,0xEF1C,0xF73A,0xDE78,0xDDF5,0xEE98,0xEF3B,0xEF3C,0xFEF9,0xE657,
0xD551,0xEE56,0xF75C,0xEF1C,0xEF3B,0xEF1C,0xEF3B,0xEF1C,0xEF3B,0xEF1C,0xEEFA,0xDE78,
0xE657,0xEEDA,0xF75B,0xF75C,0xDE15,0xEE98,0xF75C,0xEF3C,0xEF3B,0xEF1C,0xF73B,0xF75C,
0xD5F5,0xEEB8,0xF73B,0xEF1C,0xEF3B,0xEF1C,0xEF3B,0xEF3C,0xEF3B,0xEF3C,0xFF39,0xDE56,
0xF5F0,0xDD4E,0xE4C8,0xDCC8,0xDCC8,0xDCC9,0xDCC8,0xDCC9,0xDCC8,0xDCC9,0xDCE8,0xDCC9,
0xE4C8,0xDCC9,0xE4E9,0xDCC9,0xE4E9,0xDCC9,0xE4C9,0xDCC9,0xFFFF,0xFFFE,0xFFDF,0xFFFE,
0xEFFF,0x538C,0x3B01,0xCF71,0xFF6C,0xFF6B,0xF7F2,0x94E5,0x0285,0x1B47,0x0AC6,0x0263,
0x0264,0x0AC5,0x0AC5,0x1305,0x1B06,0x12E5,0xD6AB,0xF78E,0xF72C,0xFF6C,0xAED1,0x32C0,
0x0A83,0x3BE8,0x9549,0xAE0B,0x856C,0x53C5,0x02A5,0x12E5,0x1306,0x0AC5,0x6C03,0xE7D2,
0xF72C,0xFF4C,0xF74D,0xF72C,0xF74D,0xF74D,0xF74D,0xF74D,0xF74D,0xF74C,0xF76F,0xD64A,
0xDEAB,0xF76D,0xF72C,0xFF8D,0x9E70,0x1A40,0x4B62,0xDFB2,0xF72C,0xF74C,0xF72C,0xFF8D,
0x962F,0x2260,0x3AE9,0xE7FD,0xFFFF,0xFFFE,0xFFFF,0xFFFF,0xFFFF,0xFFFE,0xEF3C,0xE6FA,
0xDEFA,0xE71A,0xEF5C,0xEF7C,0xAD75,0x6B4C,0xEF5D,0xFFFF,0xFFFF,0xFFFE,0xFFFF,0xFFFE,
0xFFFF,0xFFFE,0xFFFF,0xFFFE,0xFFFF,0xAD54,0x528A,0x5AA9,0xB3A7,0xE50C,0xE4A8,0xF508,
0x9BA9,0x6A02,0x840F,0x738D,0xF696,0xEE54,0xEE35,0xEE54,0xEE55,0xEE75,0xEE55,0xEE54,
0xEE35,0xF675,0xCD92,0x6203,0xE4EA,0xDCA8,0xDCA8,0xE4C8,0xE4A9,0xE4C8,0xE4A8,0xE4C8,
0xE4A8,0xE4C7,0xE4C8,0xE4E8,0xDCC9,0xE4C9,0xEED9,0xFF3A,0xEF1B,0xEF1B,0xEF1B,0xF73B,
0xEEDA,0xE678,0xF73C,0xF73B,0xEF1B,0xF71B,0xEF1C,0xF75C,0xFF19,0xCD72,0xE698,0xFF3A,
0xEF1C,0xF73B,0xEF1B,0xEF1A,0xEF1B,0xEF1B,0xE678,0xEE98,0xF677,0xDDB3,0xE6B9,0xFF5B,
0xFF1A,0xDDD4,0xE678,0xFF1A,0xEF1C,0xEF3B,0xF71B,0xE678,0xDE58,0xFF3A,0xEF1C,0xEF3B,
0xF71B,0xEEDA,0xEF1B,0xF73B,0xEF1B,0xF73B,0xEF3C,0xF75C,0xEF5C,0xF77C,0xF610,0xCCCB,
0xDCA8,0xE4C8,0xDCC9,0xE4C8,0xDCC8,0xE4C8,0xDCC9,0xE4C8,0xDCC9,0xE4C8,0xE4C9,0xE4C8,
0xE4C9,0xE4C8,0xE4A9,0xE4C8,0xFFFF,0xFFFF,0xFFFF,0xFFFF,0xF7FF,0x7491,0x32A0,0xBF32,
0xFF4B,0xF72C,0xEF8F,0xC62B,0x0AC4,0x0AE5,0x2B24,0x548A,0x9548,0xAE0C,0xB6B0,0x4364,
0x12C4,0x1B47,0xEF2D,0xEF4E,0xF76D,0xEF6E,0x3386,0x12A3,0xB5E9,0xEFB1,0xFF8D,0xFF6D,
0xFFAD,0xF78D,0x858D,0x1A82,0x0B06,0x02E6,0x4B21,0xD773,0xF74C,0xF74C,0xF74D,0xF74D,
0xF74D,0xF74D,0xF74D,0xF74D,0xF74D,0xF74D,0xF76D,0xF76E,0xF76D,0xF74D,0xF76C,0xFFAE,
0x758D,0x0A41,0x4B61,0xD7B3,0xF74C,0xF72C,0xF74C,0xFF8E,0x962E,0x1A60,0x436A,0xDFFF,
0xFFFF,0xFFFF,0xFFFF,0xF7FF,0xFFFF,0xF7DF,0xFFFF,0xFFFF,0xF7DE,0xD6DA,0xA533,0x73CF,
0xBE17,0x94D2,0xCE99,0xFFFF,0xFFFF,0xF7FF,0xFFFF,0xFFFF,0xFFFF,0xFFFF,0xFFFE,0xF7FF,
0xFFFE,0x52CB,0xD6FB,0xCEBB,0x7285,0x8329,0xED2C,0x9283,0x5ACA,0xDEDB,0xFFFE,0x7BAE,
0xEE75,0xEE55,0xEE54,0xE655,0xEE75,0xE655,0xEE75,0xE655,0xEE54,0xEE76,0xC510,0x6225,
0xED0A,0xDCA9,0xE4C8,0xDCC9,0xE4C8,0xDCA8,0xDCA9,0xE50B,0xE56D,0xE54D,0xE509,0xDCC9,
0xE4E8,0xDCC9,0xEEB8,0xF73A,0xEF3C,0xEF3C,0xEF3B,0xEF1C,0xEF3B,0xEF3C,0xEF3B,0xEF1C,
0xEF3B,0xEF3B,0xF73B,0xEF1B,0xF75A,0xEEFA,0xCD93,0xFF1A,0xF73B,0xEF1C,0xD636,0xE6DA,
0xEF3B,0xEF1C,0xF73B,0xEF3C,0xFF5B,0xEEDA,0xCDD4,0xFF5B,0xF75B,0xEF3C,0xDE57,0xEEDA,
0xF73C,0xEF1C,0xEF3B,0xEF1C,0xF73B,0xEF1C,0xEF3B,0xEF3C,0xF73B,0xD617,0xF73B,0xF75C,
0xF75C,0xEF3C,0xEF1A,0xEF3B,0xEF3B,0xEF3C,0xFF58,0xCD71,0xE4C8,0xDCC8,0xDCE8,0xDCC9,
0xE4C8,0xDCA8,0xDCC8,0xDCC9,0xE4E8,0xDCC9,0xDCC8,0xDCC9,0xDCC8,0xDCC9,0xE4C9,0xDCC9,
0xFFFF,0xFFFF,0xFFFF,0xFFFE,0xF7FF,0xA5D5,0x1A20,0x9E4F,0xFF6D,0xF72B,0xEF4E,0xE70C,
0x1B05,0x12A3,0xC64A,0xFFF0,0xFF8D,0xFF8C,0xF7F2,0xA568,0x0A42,0x3BC7,0xF76D,0xF74C,
0xEFB1,0x9D27,0x2220,0xAE8F,0xFFAE,0xF74C,0xEF2D,0xF72C,0xF72C,0xFF4C,0xF7D1,0xAD88,
0x02A5,0x1305,0x32A0,0xC731,0xFF4C,0xFF4B,0xF72D,0xF74C,0xF74D,0xF74C,0xF74D,0xF74C,
0xF72D,0xF74C,0xF74D,0xF74C,0xF74D,0xF74C,0xF74D,0xFFAE,0x4C4A,0x1262,0x4B42,0xDFB2,
0xF72C,0xF72B,0xF72C,0xFF8D,0x960F,0x1A60,0x53AC,0xEFFE,0xFFFF,0xFFFE,0xFFFF,0xFFFE,
0xFFFF,0xCE58,0x94B2,0x9491,0x7BEF,0x8C50,0xBDF7,0xF7DE,0xFFFF,0x842F,0xCE79,0xFFFF,
0xFFFF,0xFFFE,0xFFFF,0xFFFF,0xFFFF,0xFFFE,0xFFFF,0xFFFF,0xCE79,0x6B4C,0xE73D,0xDF1C,
0xE71C,0x7B8D,0x5206,0x93ED,0xFFBF,0xFFDE,0xFF9D,0x6B2B,0xE614,0xEE75,0xEE55,0xEE54,
0xEE55,0xEE54,0xEE55,0xEE54,0xF676,0xFEB6,0x8B48,0x9B89,0xE4E9,0xE4A8,0xDCA8,0xE4C8,
0xDCA9,0xE4E9,0xE677,0xFF39,0xEF3D,0xEF5C,0xFEF8,0xDDF3,0xE4C9,0xDC87,0xDE15,0xFED7,
0xEF3C,0xF73B,0xEF1B,0xF71B,0xEF1B,0xF71B,0xEF1B,0xF71B,0xEF1B,0xF73B,0xEF1B,0xF73B,
0xEF1B,0xF73B,0xE6BA,0xF71A,0xFF3B,0xDE16,0xE679,0xFF3B,0xEF1B,0xF71B,0xEF1B,0xF71B,
0xF71B,0xF73B,0xD5B4,0xF6B7,0xEF3C,0xF73B,0xF73C,0xF73B,0xEF1B,0xF71B,0xEF1B,0xF73B,
0xEF1B,0xF71B,0xEF1C,0xF73B,0xF73B,0xE698,0xDDF5,0xEE77,0xDDF5,0xDDB3,0xE699,0xFF5B,
0xEF3B,0xEF3B,0xFF58,0xD5B1,0xDCA8,0xE4E8,0xE4C9,0xE4C8,0xDCCA,0xED2B,0xE4C9,0xDCA8,
0xE4C9,0xE4C8,0xDCC9,0xE4C8,0xDCC8,0xE4C8,0xE4A9,0xE4C8,0xFFFF,0xFFFF,0xFFFF,0xF7FF,
0xFFFF,0xC6BA,0x1A60,0x756D,0xFF8D,0xEF2C,0xEF4D,0xF78F,0x3B84,0x3B65,0xF7AE,0xEF4D,
0xF74C,0xEF2C,0xEF8F,0xDF0D,0x1AA2,0x4408,0xFF8D,0xF74D,0xD792,0x32A0,0x9D47,0xEFD2,
0xF74C,0xEF4D,0xF74D,0xEF2D,0xF74C,0xEF2D,0xF74D,0xFFAF,0x548A,0x12A3,0x22A0,0x9E70,
0xFF8D,0xF72C,0xF74C,0xF74D,0xF74D,0xF74D,0xF74D,0xEF4D,0xF74D,0xF74D,0xF74D,0xF74D,
0xF76C,0xF74D,0xF76E,0xEF4E,0x2366,0x0AA4,0x4B61,0xD793,0xF74C,0xEF2C,0xF74C,0xF78E,
0x8E0E,0x1240,0x640D,0xEFFF,0xFFFF,0xFFFF,0xFFFF,0xFFFF,0xFFFF,0xFFFF,0xF7DE,0xF7BF,
0xFFFF,0xFFFF,0xFFFF,0xFFFF,0xFFFF,0x5B2C,0xE75C,0xFFFF,0xFFFF,0xF7FF,0xFFFF,0xFFFF,
0xFFFF,0xF7FF,0xFFFF,0xFFFF,0x94D2,0x8C71,0xE75C,0xD6DB,0xE73C,0xADB7,0x73AE,0xFFFF,
0xF7BD,0xEF7D,0xFFFE,0x736D,0xC510,0xEE96,0xEE54,0xEE55,0xEE74,0xEE75,0xFEB6,0xEE96,
0xBD11,0x6A88,0x9B04,0xDCEC,0xE4C8,0xDCC9,0xE4C8,0xDCC9,0xCCEC,0xFE73,0xF77C,0xE73C,
0xEF3B,0xEF1B,0xEF5C,0xEF5C,0xF6F8,0xE698,0xF6D8,0xD5F5,0xEED9,0xE6B9,0xF75C,0xEF1C,
0xEF1B,0xEF1C,0xEF1B,0xEF1C,0xEF1B,0xEF1B,0xEF1B,0xEF1B,0xEF3B,0xEF1C,0xF73B,0xEF1C,
0xFF5A,0xD5F6,0xE6B8,0xF73B,0xEF3B,0xEF1C,0xEF3B,0xEF1C,0xEF3B,0xF75C,0xE677,0xDDF6,
0xF75C,0xEF1C,0xEF3B,0xEF1C,0xEF3B,0xEF1C,0xEF3B,0xEF1C,0xEF3B,0xEF1C,0xEF3B,0xEF1C,
0xEF3B,0xEF3C,0xEED9,0xDE58,0xEEF9,0xEF1B,0xFF5B,0xDE58,0xD5F5,0xDE37,0xFED5,0xCD50,
0xE4C8,0xE4E9,0xDCC8,0xD4A9,0xE6B8,0xFF5B,0xFF18,0xDE35,0xE4C8,0xDCC9,0xE4E8,0xDCC9,
0xE4E8,0xDCC9,0xE4C9,0xDCC9,0xFFFF,0xFFFF,0xFFFF,0xFFFE,0xFFFF,0xEF7C,0x22C4,0x5449,
0xF78E,0xF74C,0xEF4D,0xFFAE,0x53C5,0x74A8,0xFFAE,0xF74C,0xF72D,0xF74C,0xEF4E,0xFFAF,
0x4B85,0x6447,0xFF8E,0xFFAD,0x95AC,0x4301,0xEF6E,0xEF6D,0xEF2C,0xF74C,0xF74D,0xFF8D,
0xF74D,0xF74C,0xF72C,0xFF6D,0xB6D2,0x2AA0,0x1281,0x7DAD,0xFF8D,0xF72C,0xF72D,0xF74C,
0xF72D,0xFF6D,0xC62B,0xBDEA,0xFF6E,0xF74C,0xF72D,0xF74C,0xF72D,0xFF4C,0xEF8F,0xCE6A,
0x0AA5,0x12C5,0x4B41,0xD792,0xF72C,0xF72B,0xEF2C,0xFF8D,0x85CE,0x1A40,0x6C2F,0xF7FF,
0xFFDF,0xFFFE,0xFFFF,0xFFFE,0xFFFF,0xFFFF,0xFFFF,0xFFFF,0xFFFF,0xFFFE,0xFFFF,0xFFFF,
0xBE18,0x632C,0xFFFF,0xFFFE,0xFFFF,0xFFFE,0xFFFF,0xFFFE,0xFFFF,0xFFFE,0xFFFF,0xFFFF,
0x738E,0xAD54,0xDEFC,0xDEDB,0xE73C,0x94B2,0xA513,0xFFFE,0xF77D,0xF77C,0xFFBF,0xBDB5,
0x72A8,0xF6D7,0xEE54,0xFE95,0xF696,0xD591,0x8BCC,0x6266,0x7A22,0xBC08,0xE4C9,0xE4A7,
0xDCA9,0xE4C8,0xE4C8,0xE4C8,0xCD0F,0xFEF6,0xEF1C,0xEF3B,0xEF1B,0xEF1A,0xEF1B,0xF75B,
0xF75C,0xEF1A,0xF71A,0xF6F9,0xE5F5,0xE5B3,0xD5D5,0xF6B8,0xEF1C,0xEF1B,0xEF1B,0xF71B,
0xEF1B,0xF71B,0xEF1B,0xF71B,0xEF1B,0xF73B,0xEF1B,0xF73B,0xF73B,0xF71A,0xCD94,0xFEF8,
0xEF3C,0xEF3B,0xEF1B,0xF73B,0xEF1B,0xF73B,0xD616,0xF6F9,0xEF1C,0xF73B,0xEF1B,0xF73B,
0xEF1B,0xF73B,0xEF1B,0xF73B,0xEF1B,0xF73B,0xEF1B,0xF73B,0xEF1B,0xF73B,0xF73C,0xFF7C,
0xF71B,0xFF5B,0xE657,0xDE15,0xEF3C,0xF73B,0xF73B,0xF73B,0xED6C,0xD4C9,0xD570,0xFEB5,
0xEF1B,0xF73B,0xEF3C,0xFF7C,0xF5F0,0xD4CA,0xE4A8,0xE4C7,0xDCC9,0xE4C8,0xDCA9,0xE4C8,
0xFFFF,0xFFFF,0xFFFF,0xF7FF,0xFFFF,0xFFFF,0x43E9,0x2B27,0xEF6D,0xE74E,0xF74D,0xFFAF,
0x84A6,0xA5CB,0xFF8D,0xEF4D,0xF74C,0xEF4D,0xF76D,0xFFAF,0x9529,0x84C8,0xF7AE,0xF7AF,
0x5BC4,0x7D09,0xFFAE,0xEF4D,0xF74C,0xF76E,0xDF2E,0xB5C9,0xE70C,0xEF6E,0xF72C,0xF72C,
0xDFD3,0x5383,0x1281,0x5CEB,0xFFAE,0xEF2D,0xF74C,0xEF4D,0xF74C,0xFF8E,0xA5CB,0x6C25,
0xFFAE,0xEF4D,0xF74C,0xEF2D,0xF74C,0xF72C,0xEFD1,0x9507,0x02A5,0x0AE6,0x4321,0xCF92,
0xF74C,0xEF2C,0xEF4C,0xFFAE,0x7D6D,0x0A20,0x7490,0xF7FF,0xFFFF,0xFFFF,0xFFFF,0xFFFF,
0xFFFF,0xFFFF,0xFFFF,0xFFFF,0xFFFF,0xF7FF,0xFFFF,0xF7DF,0x4A68,0xC659,0xFFFF,0xF7FF,
0xFFFF,0xFFFF,0xFFFF,0xFFFF,0xFFFF,0xF7FF,0xFFFF,0xFFFF,0x634C,0xBDF7,0xDEFB,0xD6DB,
0xE73C,0x94B3,0xA513,0xFFDF,0xF79D,0xF77D,0xF79D,0xFFDF,0x7309,0xACF2,0xE634,0xA42D,
0x62C9,0x62EB,0xA4F2,0xD6BA,0xFED5,0xE613,0xE56D,0xD50C,0xE4C8,0xDCA8,0xE4A7,0xE4C8,
0xCD0D,0xFEB4,0xEF3B,0xE71C,0xEF3B,0xEF3C,0xF75C,0xC5F7,0x83EF,0x7BEF,0x8C2F,0xAD34,
0xFF7C,0xEF3C,0xE6B9,0xEEDA,0xEF3B,0xEF1C,0xEF3B,0xEF1C,0xEF3B,0xEF1C,0xEF3B,0xEF1C,
0xEF3B,0xEF1C,0xEF3B,0xEF1C,0xEF3B,0xF75C,0xEE76,0xDDF5,0xF73B,0xEF1B,0xEF3B,0xEF1C,
0xEF3B,0xEF1C,0xEF3B,0xEF3C,0xEF3B,0xEF1C,0xEF3B,0xEF1C,0xEF3B,0xEF1C,0xEF3B,0xEF1C,
0xEF3B,0xEF1C,0xEF3B,0xEF1C,0xEF3B,0xEF1C,0xF73B,0xDE99,0xDE77,0xFF5C,0xD615,0xEEB9,
0xF75C,0xEF3C,0xEF3C,0xEF5D,0xFEB4,0xC4EE,0xEEF9,0xF73B,0xEF3B,0xEF1C,0xEF3B,0xEF5C,
0xFE51,0xC4AB,0xE50A,0xDCEA,0xDCA8,0xDCC9,0xE4E9,0xDCC9,0xFFFF,0xFFFF,0xFFFF,0xFFFF,
0xFFFF,0xFFFF,0x6CEF,0x1A64,0xD6AC,0xEF8E,0xF74D,0xFF6D,0xD68B,0xE6EC,0xF74D,0xF74C,
0xF74D,0xF74D,0xF72D,0xFF6D,0xCE6C,0xBDA8,0xF790,0xE72D,0x32A0,0xB68E,0xFF6D,0xF74C,
0xEF6E,0xE6EC,0x2367,0x0262,0x4B42,0xCF31,0xFF2C,0xFF2B,0xE7B2,0x8CC5,0x0A62,0x4408,
0xF76E,0xF74C,0xF72D,0xF74C,0xF72C,0xFF8D,0x8D8C,0x32C0,0xE72E,0xEF6E,0xF74C,0xF74C,
0xF72C,0xF74C,0xE7B3,0x63C2,0x02A6,0x0AE6,0x4301,0xDFB2,0xFF8D,0xFF8C,0xF78E,0xFF8E,
0x3BE8,0x1262,0x84F2,0xFFFF,0xFFDF,0xFFFE,0xFFFF,0xFFFE,0xFFFF,0xFFFE,0xFFFF,0xFFFE,
0xF7FF,0xFFFF,0xFFFF,0x630B,0x8C91,0xFFFF,0xFFDF,0xFFFE,0xFFFF,0xFFFE,0xFFFF,0xFFFE,
0xFFFF,0xFFFE,0xFFFF,0xFFFF,0x5B0C,0xCE58,0xD6DB,0xDEDB,0xDF1C,0xA513,0x9CF3,0xFFFF,
0xFFBE,0xFFDE,0xFFDF,0xFFFF,0xAD34,0x2903,0x5ACB,0x9470,0xD6BA,0xFFFF,0xFFFF,0xFFFF,
0xFFFF,0xFFFF,0xFFFF,0xFFDE,0xF77B,0xEF19,0xF673,0xE5D0,0xCCED,0xFE51,0xEF3C,0xEF3B,
0xF77D,0xDE78,0x9CB2,0xC5D6,0xE6FB,0xBD95,0x7BCF,0xCE17,0xF73C,0xF71B,0xEF1C,0xF73B,
0xEF1C,0xF73B,0xEF3C,0xF73C,0xEF1C,0xF73B,0xF73C,0xF73B,0xEF1C,0xF73B,0xEF1B,0xF71B,
0xEF1C,0xF73B,0xFF1A,0xE656,0xDDD5,0xF677,0xEF1C,0xF73B,0xEF1B,0xF71B,0xEF1B,0xF71B,
0xEF1B,0xF73B,0xEF1B,0xF73B,0xEF1B,0xF73B,0xEF1B,0xF71B,0xEF1B,0xEF1B,0xEF1B,0xF73B,
0xEF1B,0xF73B,0xF6FB,0xD5D5,0xF71B,0xF71A,0xCDB4,0xF6B8,0xEF3C,0xF73B,0xEF1C,0xF75C,
0xF6B6,0xCD50,0xF73B,0xF71A,0xEF1B,0xF73B,0xEF1B,0xF73B,0xE697,0xEE97,0xEF3B,0xF73A,
0xF611,0xD4CB,0xE4A8,0xE4C8,0x9CB1,0xA513,0xB5D6,0xBE18,0xCE79,0xDF1D,0x8DF3,0x0A25,
0xADE9,0xE7B0,0xF74C,0xF74D,0xF76D,0xF76D,0xF74D,0xF74D,0xF74D,0xEF4D,0xF74D,0xF74D,
0xF74D,0xEF0C,0xEFB0,0xBE4B,0x3280,0xC711,0xFF6C,0xF72C,0xEFD2,0x7C85,0x0284,0x0B06,
0x1261,0x64CB,0xFF8D,0xF72C,0xEFD1,0x9D48,0x0A82,0x1B46,0xE72D,0xEF4E,0xF74C,0xEF4D,
0xF74C,0xFF8E,0x7D6C,0x1220,0xB60A,0xE7B1,0xF74C,0xEF2C,0xF74C,0xF74D,0xC732,0x32C0,
0x0B06,0x0B07,0x2AE2,0x7D8D,0x852A,0x6C47,0x4C28,0x3BA6,0x1305,0x0AE5,0x4B4A,0xC75A,
0xFFFF,0xFFFF,0xFFFF,0xFFFF,0xFFFF,0xFFFF,0xFFFF,0xFFFF,0xFFFF,0xE77D,0x52CA,0x7C0F,
0xFFFF,0xF7FF,0xFFFF,0xF7FF,0xFFFF,0xFFFF,0xFFFF,0xFFFF,0xFFFF,0xF7FF,0xFFFF,0xFFFF,
0x632C,0xBE38,0xDF1B,0xD6DB,0xDF1B,0xADB6,0x6B6D,0xC638,0xC617,0xBDF7,0xAD54,0x5B0C,
0x738D,0xC638,0xFFFE,0xFFFF,0xFFFF,0xF7FF,0xFFFF,0xF7FF,0xFFFF,0xFFFF,0xFFFF,0xFFFF,
0xFFFF,0xFFFF,0xFFFC,0xCE36,0xE6D8,0xF73A,0xF75C,0xF75D,0xAD54,0x8C71,0xE6DA,0xEF3D,
0xB595,0xAD34,0xEF1B,0xEF5D,0xEF1B,0xEF1C,0xEF1B,0xEF1C,0xEF3B,0xEF3C,0xEEB8,0xD616,
0xE5F4,0xDDF5,0xDE57,0xEEDA,0xEF5C,0xEF1C,0xEF3B,0xEF1C,0xEF3B,0xEF1C,0xEF3B,0xEF3C,
0xEF3B,0xEF3C,0xEF3B,0xEF1C,0xEF3B,0xEF1C,0xEF3B,0xEF1C,0xEF3B,0xEF1C,0xEF3B,0xEF1C,
0xEF3B,0xEF1C,0xEF1B,0xEF1C,0xEF3B,0xEF1C,0xEF3B,0xEF1C,0xEF3B,0xEF3C,0xFF1A,0xCDD5,
0xFF5B,0xE6B9,0xDE78,0xF73C,0xEF3B,0xEF1C,0xEF3B,0xEF3C,0xEED8,0xDE36,0xF75B,0xEF1B,
0xEF3B,0xEF1C,0xEF3B,0xEF1C,0xEF3C,0xEF3C,0xEF3C,0xEF3C,0xFF7A,0xD635,0xDCA8,0xDCC9,
0xDC88,0xD426,0xB3C7,0xB3A6,0x9B48,0x8AE5,0x4B28,0x2A24,0x84C6,0xEFF1,0xF72C,0xFF4C,
0xF74D,0xF74C,0xF74D,0xF74D,0xF74D,0xF74C,0xF72D,0xF74D,0xF72D,0xFF4C,0xEFB1,0xAD88,
0x3AA0,0xD771,0xF72C,0xFF2B,0xDF92,0x5361,0x02C5,0x1306,0x12A4,0x3366,0xF72D,0xF74C,
0xEFB0,0xAD87,0x0A83,0x12E4,0xD68B,0xEF6E,0xF72C,0xF74C,0xF74D,0xFFAD,0x650B,0x1260,
0x7444,0xE7D2,0xF72C,0xF74C,0xF72C,0xFF8D,0x95EF,0x2260,0x0AE6,0x1305,0x0AE6,0x0284,
0x0264,0x12C5,0x2B45,0x3BC6,0x1305,0x12E4,0x1265,0x440A,0xFFFE,0xFFFF,0xFFFF,0xFFFF,
0xFFFF,0xFFFF,0xFFFF,0xEF7C,0x94D2,0x4227,0xA514,0xFFFF,0xFFFF,0xFFFE,0xFFFF,0xFFFE,
0xFFFF,0xFFFE,0xFFFF,0xFFFE,0xFFFF,0xFFFE,0xFFFF,0xFFFF,0x632C,0xBDF6,0xDEFC,0xDEFB,
0xD6FB,0xDEFB,0xAD55,0x9CD3,0x94B3,0xA534,0x52AA,0xA533,0xFFFF,0xFFFF,0xFFFF,0xFFFE,
0xFFFF,0xFFFE,0xFFFF,0xFFFE,0xFFFF,0xFFFE,0xF7FF,0xFFFF,0xFFDC,0xDE76,0xD5D2,0xEE74,
0xF73C,0xFF7C,0xE6DA,0x8C2F,0xB534,0xFF9D,0xCE18,0x9C71,0xC5D7,0xF75C,0xEF1C,0xF71B,
0xEF1B,0xF71B,0xEF1C,0xF73B,0xF73B,0xE677,0xD5B5,0xFED8,0xF71B,0xF71B,0xEE99,0xDE16,
0xE699,0xF73B,0xEF1C,0xF73B,0xEF1C,0xF73B,0xEF1C,0xF73B,0xEF1C,0xF73B,0xEF1C,0xF71B,
0xEF1C,0xF73B,0xEF1B,0xF73B,0xEF1B,0xF73B,0xEF1B,0xF73B,0xEF1B,0xF71B,0xEF1B,0xF71B,
0xEF1B,0xF71B,0xEF1B,0xF73B,0xEF1C,0xF73B,0xFF3B,0xDE36,0xDE37,0xFF3A,0xEF1B,0xF73B,
0xEF1B,0xF73B,0xEF1B,0xF73B,0xEF3C,0xF75C,0xEF1C,0xF71B,0xEF1B,0xF73B,0xEF1B,0xF73B,
0xEF1B,0xF73B,0xEF1C,0xEF3B,0xFF5A,0xE676,0xDCA8,0xE4C8,0xF509,0xED0A,0xF50A,0xF50A,
0xFD29,0xFD0A,0xC5AE,0x5A62,0x5BC2,0xD7B3,0xF74C,0xF74C,0xF76D,0xF74D,0xF76D,0xF74D,
0xEF2C,0xEF4D,0xF74D,0xF72D,0xF74C,0xF74D,0xEFD1,0x9D48,0x3AC0,0xCF72,0xFF4B,0xF72C,
0xD792,0x4B42,0x0AE5,0x0B06,0x12E4,0x1B26,0xEF2C,0xEF4D,0xEFB0,0x9D68,0x0AA4,0x02A4,
0xB5C8,0xE7B0,0xF74C,0xEF4D,0xF74D,0xFFAF,0x54AA,0x12A2,0x3AE0,0xBF32,0xF76C,0xF74C,
0xF76D,0xFFCF,0x5CAA,0x1262,0x1BA9,0x1B89,0x12A3,0x3C09,0xBE2A,0xD6EE,0xF76C,0xF78E,
0xC731,0x5BE4,0x0AC6,0x1308,0x5B2C,0x7431,0xAD74,0xB5B6,0xAD54,0x9491,0x636D,0x3A29,
0x63CE,0xCEFB,0xFFFF,0xF7FF,0xFFFE,0xFFFF,0xFFFF,0xFFFF,0xFFFF,0xFFFF,0xFFFF,0xFFFF,
0xFFFF,0xFFFF,0xFFFF,0xFFFF,0x6B8D,0xA555,0xE73C,0xD6FB,0xDEFB,0xD6FB,0xDF1C,0xE75E,
0xEF7E,0x9D15,0x5B0B,0xE77D,0xFFFF,0xF7FF,0xFFFF,0xF7FF,0xFFFF,0xFFFF,0xFFFF,0xFFFF,
0xFFFF,0xF7FF,0xFFFE,0xFFFF,0xEEB5,0xDE34,0xF75B,0xEF3B,0xF79C,0xC5D7,0x7BCE,0xD679,
0xF75C,0x9CB2,0xA4F2,0xE71C,0xF75C,0xEF1C,0xEF3B,0xEF1C,0xEF3B,0xEF1C,0xEF3B,0xEF3C,
0xF6F9,0xCDB4,0xF75B,0xF73C,0xEF3B,0xEF3C,0xF75B,0xEF3C,0xE6B9,0xEEFB,0xEF3B,0xEF1C,
0xEF3B,0xEF1C,0xEF3B,0xEF1C,0xEF3B,0xEF1C,0xEF3B,0xEF1C,0xF73B,0xEF1C,0xEF3B,0xEF3C,
0xEF3B,0xEF1C,0xEF3B,0xEF1C,0xEF3B,0xEF1C,0xEF3B,0xEF1C,0xEF3B,0xEF1C,0xEF3B,0xEF1C,
0xEF3B,0xEF1C,0xF73B,0xE6BA,0xDE57,0xF73B,0xEF3B,0xEF1C,0xEF3B,0xEF1C,0xEF3B,0xEF3C,
0xEE97,0xDE57,0xEF3B,0xEF3C,0xEF3C,0xEF1C,0xEF3B,0xEF1C,0xEF3B,0xEF1C,0xEF3B,0xEF3C,
0xFEF6,0xCD0F,0xE4C7,0xE4A8,0xECEA,0xF509,0xECE9,0xECE9,0xECC9,0xF4E8,0xCD8E,0x8324,
0x32E0,0xC772,0xF74C,0xFF4B,0xF74D,0xFF4C,0xF74D,0xFF8E,0xAD48,0xCE6C,0xF76D,0xF74C,
0xF72C,0xFF2C,0xEFB1,0xA588,0x2A60,0xC731,0xFF2C,0xFF2B,0xE792,0x7403,0x02A5,0x1326,
0x1AA3,0x3BC7,0xF76D,0xF74C,0xEFB1,0x94E5,0x02A5,0x0AA4,0x8CC6,0xEFD1,0xF74C,0xFF6C,
0xFF8E,0xFFCF,0x3C09,0x1AC3,0x1AA2,0x7D8D,0xF76E,0xE6EB,0xC6AD,0xADC9,0x1B26,0x0AA3,
0x3CAF,0x0B07,0x63C3,0xE7D2,0xFF6D,0xFF4C,0xF72C,0xFF6C,0xF7F3,0x8CC5,0x0266,0x342C,
0x5DBA,0x3C94,0x3390,0x336F,0x2B4F,0x3BB0,0x3C95,0x65B9,0x6E5C,0x6E3B,0x6E1B,0x765B,
0x865C,0x96BD,0x9EBD,0xA6FD,0xAEBC,0xBF3E,0xD75D,0xDF9E,0xEFBE,0xF7DE,0xFFDE,0xFFFF,
0x8C71,0x94B1,0xE73D,0xDEFA,0xD6DB,0xDEFA,0xE73D,0xBDF7,0x52CA,0x840F,0xEF9D,0xFFFF,
0xF7FF,0xFFFE,0xFFDF,0xFFFE,0xFFDF,0xFFFE,0xFFDF,0xFFFE,0xF7FF,0xFFFE,0xFFFE,0xFFFE,
0xDE35,0xF6F7,0xEF3B,0xFF7C,0xAD34,0x8C2F,0xF73C,0xD658,0x8C30,0xC5F6,0xF75D,0xF73B,
0xEF1C,0xF71B,0xEF1B,0xEF1B,0xEF1B,0xF73B,0xF71B,0xE657,0xCD53,0xEE56,0xF73C,0xEF1B,
0xEF1B,0xF73B,0xEF1B,0xF73B,0xEF1C,0xF73B,0xEF1B,0xF71B,0xEF1B,0xF71B,0xEF1B,0xF73B,
0xEF1B,0xF73B,0xF73C,0xEF1A,0xE6B9,0xF71A,0xF73C,0xEEFA,0xEEFB,0xF73B,0xEF1C,0xF73B,
0xEF1B,0xF71B,0xEF1B,0xF71B,0xEF1B,0xEF1B,0xEF1B,0xF71B,0xEF1B,0xF73B,0xEF1B,0xF73B,
0xEEFB,0xF73B,0xEF1B,0xF73B,0xEF1B,0xF73B,0xF71B,0xDE16,0xE615,0xEE55,0xD593,0xF697,
0xE6DA,0xF73B,0xEF1B,0xEF1B,0xEF1B,0xF73B,0xEF1B,0xF73B,0xEED9,0xEEB8,0xEED9,0xF6D8,
0xED09,0xE4EA,0xED09,0xECEA,0xF4E9,0xECE9,0xDD8D,0x9BC7,0x2260,0xA690,0xFF8D,0xF72C,
0xF74C,0xF74D,0xF76D,0xFFAF,0x8D08,0x8D29,0xFF8E,0xEF2D,0xF74C,0xF72D,0xEFB0,0xB60A,
0x2240,0xAEB0,0xFF6D,0xF72C,0xF790,0xBE0A,0x02A4,0x02C5,0x1A40,0x85AE,0xFF8D,0xF72C,
0xE7D2,0x63E3,0x02C5,0x02C6,0x63E2,0xDFD3,0xE72D,0xCE6A,0x8DAB,0x5C47,0x0AC6,0x2C0C,
0x44AE,0x0AE8,0x3387,0x1AE6,0x12E6,0x0285,0x0B09,0x344F,0x65F5,0x02CA,0x63E3,0xDFB2,
0xFFAD,0xFF8D,0xF78E,0xDEEC,0x6D0B,0x1261,0x136D,0x5DB7,0x5E1B,0x5E1C,0x5E5C,0x5E5D,
0x665D,0x5E3D,0x5E1B,0x55BB,0x5558,0x4D18,0x4CB5,0x3C13,0x438F,0x3B6F,0x536B,0x538C,
0x5BCE,0x53AF,0x5E1C,0x55DC,0x5DFA,0x661C,0x763B,0x7E9D,0x7CD3,0x63F1,0xEF7D,0xD6DB,
0xDEFB,0xDF3D,0x94D2,0x39E7,0xD6B9,0xFFFF,0xFFFF,0xFFFF,0xFFFF,0xFFFF,0xFFFF,0xFFFF,
0xFFFF,0xFFFF,0xFFFF,0xFFFF,0xFFFF,0xF7FF,0xFFFE,0xFFFF,0xE675,0xEEB6,0xF79D,0xAD75,
0xA4D2,0xF79E,0xAD54,0x9471,0xEF1B,0xF75D,0xEF1B,0xEF1C,0xEF3B,0xEF1C,0xEF3B,0xE71C,
0xEF1B,0xE6FB,0xDDF5,0xDDF6,0xF71A,0xEF1B,0xEF3B,0xEF1C,0xF73B,0xEF1C,0xF73B,0xEF1C,
0xEF3B,0xEF1C,0xEF3B,0xEF1C,0xEF3B,0xEF1C,0xEF3B,0xEF3C,0xEF3B,0xEF3C,0xE677,0xD5F6,
0xEE36,0xDDF5,0xDDD4,0xE616,0xDDF5,0xDDD5,0xE6DA,0xF71C,0xEF3B,0xEF3C,0xEF3B,0xEF1C,
0xEF3B,0xEF1C,0xEF3B,0xEF1C,0xEF3B,0xEF3C,0xF73B,0xEF3C,0xF73C,0xEF1C,0xEF3B,0xEF1C,
0xEF3B,0xEF1C,0xEED9,0xDE37,0xF77C,0xF75C,0xF6B8,0xD5F6,0xDDF5,0xEE98,0xF75C,0xEF3C,
0xEF3B,0xEF1C,0xEF3B,0xEF1C,0xF73B,0xEF3C,0xEF3C,0xEF3C,0xECEA,0xED09,0xECE9,0xF4E9,
0xECE9,0xF509,0xDD4C,0xC468,0x1A40,0x856C,0xFF8E,0xF74C,0xF72C,0xF74C,0xF74D,0xFFAE,
0x7D09,0x53C4,0xF78E,0xF74D,0xF72C,0xF72C,0xEF6F,0xE72D,0x2AC1,0x7D2A,0xFF8E,0xF74C,
0xF72D,0xFF8D,0x8D6D,0x3B22,0x84A6,0xE791,0xF72C,0xFF4B,0xC712,0x3AC0,0x0AE6,0x1305,
0x1AC4,0x33A7,0x2B48,0x2306,0x0285,0x0AC6,0x3473,0x65D8,0x5DFA,0x4D57,0x4536,0x4D56,
0x4D57,0x5597,0x55BA,0x5E1B,0x6619,0x3492,0x0A83,0x3387,0x6448,0x6447,0x43E9,0x2304,
0x0AC9,0x3C4E,0x5599,0x4D58,0x44B6,0x4494,0x4C12,0x43D0,0x432C,0x4B2B,0x5B08,0x5B08,
0x7305,0x8BC7,0xA405,0xB486,0xCCE6,0xDD67,0xED86,0xFE07,0x94EF,0x7BEA,0x561D,0x55FB,
0x55DB,0x55FB,0x4DDC,0x55FB,0x6D37,0x2B0E,0xE73C,0xDEDA,0xD6DB,0xE73C,0xAD75,0x6B4C,
0x4B0D,0x7451,0x8E7D,0x9EFD,0xAEDC,0xB71D,0xC71D,0xD77D,0xDF7E,0xEFBE,0xF7BE,0xFFFE,
0xFFFE,0xFFFE,0xFFFF,0xFFFF,0xF718,0xDE34,0xE6FB,0x83CD,0xE6FB,0xAD13,0xB554,0xFF7C,
0xEF1C,0xEF1B,0xEF1C,0xEF1B,0xE71C,0xEF1B,0xEF1B,0xEF1B,0xEF1B,0xEEDA,0xE6BA,0xFF5B,
0xEF1C,0xF71B,0xEF1B,0xF71B,0xEF1C,0xF71B,0xEF1C,0xF71B,0xEF1C,0xEF1B,0xEF1B,0xEF1B,
0xEF1B,0xEF1B,0xEF1B,0xEF1B,0xF71B,0xEED9,0xD617,0xFF3B,0xEF3C,0xF73B,0xEEFB,0xF75C,
0xF73C,0xEEFA,0xE6DA,0xF71B,0xEF1C,0xEF3B,0xEF1B,0xEF1B,0xEF1B,0xEF1B,0xEF1B,0xF71B,
0xEF1C,0xF73B,0xEF1C,0xF73B,0xEF1C,0xF73B,0xEF1C,0xF73B,0xEF1C,0xF71B,0xEEFB,0xF71A,
0xEF1B,0xF73B,0xEF1C,0xF75B,0xF73C,0xF71B,0xEF1C,0xF73B,0xEF3C,0xF73B,0xEF1B,0xF73B,
0xF73C,0xF73B,0xEF1B,0xF73B,0xED09,0xECEA,0xECE9,0xECEA,0xF509,0xECE9,0xE52A,0xDCEA,
0x2AC2,0x5C49,0xFFAE,0xEF4D,0xF74C,0xEF4D,0xF74C,0xFF8E,0x752B,0x22A1,0xE70D,0xEF6F,
0xF74C,0xF74D,0xF74D,0xFFAF,0x7D4A,0x3302,0xEF6E,0xEF6E,0xF74C,0xF72D,0xFF8E,0xF74D,
0xFF8D,0xEF4D,0xF72C,0xFF8E,0x754C,0x1261,0x0B05,0x0B06,0x1285,0x548D,0xAE78,0x5BCF,
0x5B2B,0x530B,0x5DFA,0x55DB,0x55FA,0x55FB,0x5E1B,0x561C,0x5E1B,0x55FB,0x55FB,0x55DB,
0x55FA,0x5E1C,0x44F2,0x138D,0x1328,0x1308,0x1224,0x1204,0x5309,0x5B4A,0x6306,0x6307,
0x8B84,0xA427,0xBC65,0xC4C7,0xDD46,0xE5A8,0xEDE7,0xF608,0xFE28,0xF628,0xF628,0xF608,
0xF608,0xEDC8,0xEDC7,0xF609,0x4BAC,0x7513,0x55FC,0x4DFC,0x55FA,0x55FB,0x55FB,0x55FC,
0x7E1A,0x1B30,0xA513,0xE75D,0xDEFB,0xD6FB,0xE73C,0xE75D,0xCE99,0x73EF,0x126B,0x5453,
0x563D,0x4DDC,0x55DB,0x55DB,0x5DDB,0x5DFB,0x6DFB,0x6E1C,0x865B,0x867D,0xBEBA,0xCF3D,
0xE633,0xE654,0xD678,0x62CA,0x7BAE,0x8410,0xFF9D,0xEF1C,0xEF1B,0xEF1C,0xEF3B,0xEF3C,
0xEF3C,0xEF3C,0xF75C,0xF75D,0xF73B,0xEF1C,0xEF3B,0xEF1C,0xEF3B,0xEF1C,0xEF3B,0xEF1C,
0xEF3B,0xEF1C,0xEF3B,0xEF1C,0xEF3B,0xEF1C,0xEF3B,0xEF1C,0xEF1B,0xEF1C,0xEF1B,0xEF1C,
0xF73B,0xDE99,0xEEDA,0xF73C,0xEF3B,0xEF1C,0xEF3B,0xEF1C,0xEF3B,0xEF1C,0xEF3B,0xEF1C,
0xEF3B,0xEF1C,0xEF3B,0xEF1C,0xEF3B,0xEF1C,0xEF3B,0xEF3C,0xEF3B,0xEF3C,0xF75C,0xEF3C,
0xEF1B,0xEF3C,0xF75C,0xEF3C,0xEF3B,0xEF1C,0xEF3B,0xEF1C,0xF73B,0xEF1B,0xF73B,0xEF1B,
0xEF3B,0xEF3C,0xEF3B,0xEF3C,0xEE97,0xCDB5,0xE5B2,0xDD72,0xDE36,0xFF3B,0xEF3C,0xE71C,
0xED09,0xF509,0xECE9,0xF509,0xECE9,0xF509,0xED0A,0xF52A,0x3B25,0x3B24,0xEF4E,0xEF6D,
0xEF2C,0xF74C,0xEF2C,0xFFAE,0x64CB,0x1240,0xADC9,0xEFB0,0xF72C,0xF74C,0xF72C,0xFFAD,
0x9E50,0x1A20,0x8CE7,0xEFF2,0xF72C,0xF72C,0xF72D,0xF74C,0xEF2C,0xF72C,0xEF8F,0xD6AB,
0x12E6,0x12C4,0x0AE6,0x0AE5,0x1A46,0xC77A,0xACF2,0x5A47,0xDE16,0x7AE9,0x4D59,0x5DDA,
0x55DA,0x55FA,0x55DA,0x5DDA,0x55DA,0x5DDA,0x55DA,0x55DA,0x55DA,0x5DFA,0x561C,0x5E1B,
0x55DB,0x5DFB,0x5AEB,0x52A9,0xBC25,0xF5EB,0xF5E8,0xFE07,0xF609,0xF5E7,0xF5E9,0xF5E8,
0xE587,0xF5E8,0xEDC8,0xEDE7,0xEDC8,0xEDE7,0xEDC8,0xEDE7,0xEDE8,0xEDC7,0xEDC9,0xE567,
0x2B4F,0x7DD8,0x55DB,0x55FB,0x55DB,0x5DFA,0x55DB,0x5DFB,0x5DDB,0x5DFB,0x3209,0xADD6,
0xE75D,0xDEFB,0xDEFB,0xDEFB,0xDEFC,0xEF7D,0xC659,0x4A89,0x2BB2,0x75FA,0x55DB,0x5DFB,
0x55DB,0x5DFB,0x55DB,0x55DB,0x4DDC,0x55FB,0x9512,0xADB4,0xEEB8,0xFF7A,0xCE18,0x9C91,
0xA4F3,0xD658,0xF75D,0xF75C,0xF75D,0xF75C,0xE6FB,0xDEB9,0xCE18,0xC5D6,0xB575,0xBD95,
0xDE79,0xF75C,0xEEFB,0xF71B,0xEEFB,0xF71B,0xEF1B,0xEF1B,0xEEFB,0xF71B,0xEF1C,0xF73B,
0xF73C,0xF75C,0xF73C,0xF75C,0xF73C,0xF75C,0xF73C,0xF73B,0xEF1B,0xEF1A,0xEEFB,0xF71B,
0xEF1B,0xF71B,0xEF1B,0xF71B,0xEF1B,0xF71B,0xEF1B,0xF71B,0xEF1C,0xEF1B,0xEF1B,0xEF1B,
0xEF1B,0xF71B,0xEF1C,0xF73B,0xEF1C,0xF75C,0xEE57,0xDDB3,0xE5B4,0xE5B3,0xDE58,0xFF3B,
0xEF1C,0xF73B,0xEF1B,0xF71B,0xEF1B,0xF71B,0xEF1B,0xF71B,0xEEFB,0xF71B,0xF71B,0xE698,
0xD5F6,0xFF1A,0xF75C,0xFF7C,0xDDD4,0xE5D3,0xE6BA,0xF71A,0xED09,0xED09,0xED09,0xED09,
0xED09,0xED09,0xED09,0xF52A,0x5C08,0x2262,0xD6CC,0xE78F,0xF74C,0xEF2D,0xF74D,0xFF8E,
0x548A,0x0A62,0x7464,0xDFD3,0xF74C,0xF72C,0xF74D,0xFF8F,0x64EA,0x1282,0x22A1,0x8DEF,
0xFFCE,0xF74D,0xF74D,0xEF4D,0xFF4C,0xFF8E,0xC731,0x4342,0x0AC5,0x0AE7,0x12E6,0x0264,
0x8D12,0xF7FF,0xB4AF,0xCD73,0xDE35,0x6A88,0x5599,0x5DDB,0x55FA,0x55DB,0x55FA,0x55DB,
0x55FA,0x55DB,0x55FA,0x55DB,0x55FA,0x55DB,0x55FA,0x55DB,0x55FB,0x561C,0x75FA,0x2BB2,
0x6A83,0x940A,0xF608,0xEDC8,0xEDE9,0xDD47,0xEDC8,0xEDC9,0xEDE7,0xEDE8,0xEDE8,0xEDE8,
0xEDE7,0xEDE8,0xEDE8,0xE5C8,0xDD26,0xEDC9,0xEE2C,0x9BE3,0x3474,0x65FB,0x55FB,0x55DB,
0x55FB,0x55DB,0x55DB,0x55DB,0x55FC,0x561D,0x6D16,0x0A0B,0xBDF6,0xEF7D,0xDF1B,0xD6FC,
0xDEFB,0xD6FC,0xEF5D,0xF7BF,0x3AEC,0x5C12,0x5E1C,0x55FC,0x5DFB,0x55FB,0x5DFB,0x55FB,
0x5DFB,0x55DB,0xA552,0xDEF9,0xF75B,0xF75C,0xD658,0xAD34,0xDEBA,0xB575,0xEF3B,0xC617,
0xA513,0x8C30,0x7BCE,0x7BCF,0x9471,0xAD35,0xD678,0xD69A,0x83CE,0xC5F7,0xF75C,0xEEFB,
0xEF3B,0xF75C,0xFF9D,0xF77D,0xF79D,0xE73C,0xDEFA,0xCE79,0xCE38,0xC618,0xC617,0xC5F8,
0xC618,0xCE59,0xD699,0xD6BA,0xE71B,0xEF5D,0xF77C,0xF79D,0xFF9D,0xF75D,0xF75C,0xEF1C,
0xEF3B,0xEF1C,0xEF3B,0xEF1C,0xEF1B,0xEF1C,0xEF1B,0xEF1C,0xEF1B,0xEF1C,0xEF3B,0xEF3C,
0xFF5B,0xDE78,0xD5D4,0xFEF9,0xF75C,0xEF3C,0xDE16,0xDE16,0xF75C,0xEF1C,0xEF3B,0xEF1C,
0xEF3B,0xEF1C,0xEF3B,0xEF1C,0xEF3B,0xEF1C,0xF73B,0xDE78,0xF73B,0xEF3B,0xEF3B,0xEF3C,
0xFF19,0xCDB4,0xD616,0xF6FA,0xECE9,0xF509,0xECE9,0xF509,0xECE9,0xF509,0xECE9,0xFD29,
0x7CAB,0x2A00,0xA5A9,0xEFD0,0xF72C,0xF74C,0xEF4D,0xFFAE,0x4429,0x12A2,0x4301,0xD772,
0xF74C,0xF74C,0xF76E,0xFFCF,0x3BA7,0x1AC2,0x1B26,0x0AA3,0x84C7,0xD730,0xFF6D,0xFF8C,
0xE74F,0xADA8,0x1B47,0x12C4,0x0B06,0x0AE5,0x0A25,0x6D10,0xFFFF,0xFFFF,0xB46E,0xDDB3,
0xCDD5,0x5A46,0x55BA,0x5DDA,0x55DB,0x55FA,0x55DB,0x5DDA,0x55DB,0x55DA,0x55DB,0x55DA,
0x55DB,0x55DA,0x55DB,0x55FA,0x55DB,0x55FA,0x55FC,0x5E3C,0x536E,0x3269,0x9363,0xE5EC,
0xF5E8,0xF5E7,0xEDC8,0xEDE8,0xEDE8,0xEDE7,0xE5C9,0xD505,0xEDE8,0xEDE8,0xEDC8,0xEDC7,
0xDD06,0xF5C8,0xDE2F,0x6A80,0x559A,0x5DDB,0x55DB,0x55FA,0x55DB,0x55DA,0x55DB,0x55FA,
0x55DC,0x55FB,0x763C,0x2BD2,0x2104,0x9CB2,0xCE9A,0xDF1C,0xDF1C,0xDEFB,0xCE38,0x840F,
0x1A8C,0x7515,0x55FC,0x55FB,0x55DB,0x5DFA,0x55DB,0x5DFA,0x55DB,0x5DFA,0xA532,0xE719,
0xF73B,0xFF5B,0xE6DA,0x9470,0xFFBE,0x7BAE,0x8410,0x83CE,0x83F0,0xAD13,0xC618,0xE6DA,
0xAD55,0xA513,0xFFDF,0xC5D6,0x8C51,0xA4F3,0xDEBA,0xFFBD,0xE71C,0xCE37,0xA4D2,0x83CD,
0x82CA,0x7268,0x61E4,0x82E7,0x9C48,0x9C47,0x9C47,0xA467,0xA48A,0x8365,0x79A4,0x9246,
0x8267,0x8A87,0x730B,0x8BAC,0x9471,0xBDB5,0xCE59,0xEF1B,0xF75D,0xFF7D,0xF73C,0xF71B,
0xEEFB,0xF71B,0xEF1C,0xF71B,0xEF1C,0xF71B,0xEF1C,0xF73B,0xF697,0xCD31,0xF71A,0xFF3A,
0xEF1B,0xF73B,0xFF3C,0xDE57,0xEEDB,0xF73B,0xEF1C,0xF73B,0xEF1C,0xF73B,0xEF1C,0xF73B,
0xEF1C,0xF71B,0xEF1B,0xF71B,0xF71C,0xF73B,0xF71C,0xF73B,0xEF1C,0xF75C,0xEF3C,0xEF1B,
0xED09,0xED09,0xED09,0xED09,0xED09,0xED09,0xF4E8,0xF509,0x952C,0x3201,0x7C85,0xE7F3,
0xFF6C,0xF76D,0xFFAE,0xFFAF,0x33C7,0x12C4,0x22A1,0x8DEF,0xFFEE,0xF76D,0xCF0F,0x9549,
0x12C4,0x0A84,0x8CCB,0x6386,0x0283,0x1306,0x4BE7,0x4C08,0x2367,0x0AA4,0x0AE5,0x02C6,
0x0264,0x1B28,0xADD5,0xF7FF,0xFFFF,0xE75D,0xAC0C,0xE5D4,0xC5B4,0x41C5,0x5DFB,0x55DB,
0x55DB,0x55DB,0x55FB,0x55DB,0x55FB,0x55DB,0x55FB,0x55DB,0x55FA,0x55DB,0x55FA,0x55DB,
0x55DA,0x55DB,0x55FB,0x55FC,0x761B,0x3414,0x4A04,0x6AE8,0xE5A7,0xEE09,0xEDE7,0xEDC8,
0xEDE8,0xEDE8,0xEDE8,0xE5A7,0xEDE8,0xEDE8,0xEDE8,0xEDE8,0xF5E7,0xF5E8,0xAD6F,0x52A5,
0x5E3D,0x4DDC,0x55FB,0x55DB,0x55FB,0x55DB,0x55FB,0x55DB,0x4DFC,0x563E,0x63ED,0x5BCD,
0xDD8B,0x7AC1,0x5205,0x5A47,0x5A88,0x41C6,0x226A,0x436F,0x55DB,0x55FC,0x55DB,0x55DB,
0x55FB,0x55DB,0x55FB,0x55DB,0x55FB,0x55DC,0xA573,0xDF3A,0xE6D9,0xBDB5,0xB574,0x73AE,
0xF79D,0x8C71,0xA533,0xDEDB,0xF79D,0xF7BE,0xD699,0x9CF3,0xBDD6,0xDEFB,0x9471,0x8C51,
0xEF5C,0xEF5D,0x8C2F,0x736D,0x8A46,0x8206,0xB1E3,0xBA25,0xDA64,0xE286,0xAAC3,0xE48A,
0xFF4C,0xFEEB,0xFEEA,0xFECA,0xFF2F,0xBCE6,0xC224,0xDAE7,0xEAC5,0xE285,0xDA85,0xCA24,
0xAA44,0x8962,0x7367,0x7BA9,0x7BCD,0x94B1,0xC5F7,0xE6FC,0xFF9D,0xF77D,0xF73B,0xEF1C,
0xEF3B,0xEF1C,0xF73B,0xEEDA,0xCD51,0xE5F5,0xF73B,0xEF1B,0xF73B,0xEF1C,0xF73B,0xEF1C,
0xEF3B,0xEF1C,0xEF3B,0xEF1C,0xEF3B,0xEF3C,0xF75C,0xEF3C,0xEF3B,0xEF1C,0xF73B,0xEF3C,
0xEF3B,0xEF1C,0xEF3B,0xEF1C,0xEF3B,0xEF1C,0xEF3B,0xEF1C,0xECE9,0xF4E9,0xECE9,0xF509,
0xECE9,0xF509,0xF4E9,0xF4E8,0xB56E,0x5261,0x4343,0xC751,0xDECC,0xD68A,0xAE4D,0x8D28,
0x12A4,0x2B66,0x12C5,0x1B05,0x43E8,0x3B86,0x22C5,0x22E5,0x6325,0x8408,0xECEA,0xF52A,
0x7C49,0x52E3,0x0AC5,0x0AC4,0x0AC5,0x0AC5,0x1AA6,0x3BAA,0x9533,0xEFBD,0xFFFF,0xFFFE,
0xFFFF,0xD6DA,0xB40D,0xEDD3,0xB533,0x49C5,0x5DFC,0x55DB,0x55DB,0x55DA,0x55DB,0x55DA,
0x55DB,0x55DA,0x55DB,0x55DA,0x55DB,0x55DA,0x55DB,0x55DA,0x55DB,0x55DA,0x55DC,0x5E1C,
0x4DFC,0x5E5D,0x5BF1,0x2A4A,0x7281,0xCD2B,0xF608,0xF5E7,0xEDC8,0xEDE8,0xEDC8,0xF5E8,
0xEDE8,0xEDE7,0xEDC8,0xF5E7,0xF5A7,0xFE28,0x5BCC,0x6C2D,0x561D,0x55DB,0x55DB,0x55DA,
0x55DB,0x55DA,0x55DB,0x55FB,0x661C,0x3CB6,0x8302,0xE60D,0xF5E8,0xFE28,0xF5E8,0xEDA7,
0xD5ED,0x9C05,0x4D9A,0x661C,0x55DB,0x55DB,0x55DB,0x5DDA,0x55DB,0x5DDA,0x55DB,0x5DDB,
0x55FC,0x4DBB,0x7452,0x7C92,0x9CB2,0xAD13,0xBDB6,0xAD33,0xAD34,0xD678,0xB596,0xFFBD,
0xBDD7,0x9CB1,0xAD34,0xCE58,0xA514,0x8C30,0xC618,0xF77C,0xF77D,0xDE99,0x9C30,0x8B8D,
0xCA44,0xE306,0xE2C6,0xE2C5,0xDA86,0xE2C5,0x9AA3,0xDC69,0xFECB,0xF6AA,0xF68A,0xFE89,
0xFECF,0xB465,0xC245,0xDAE6,0xDAA5,0xE2A5,0xE2A5,0xE2A5,0xDB07,0xBA02,0xDDC9,0xFEEC,
0xE62A,0xCD46,0x940A,0x7B87,0x736D,0xAD54,0xDEDB,0xFF9D,0xFF5D,0xF73B,0xF71B,0xEE98,
0xCD94,0xFF3A,0xEF1C,0xF71B,0xEF1B,0xF71B,0xEF1C,0xF73B,0xEF1C,0xF73B,0xEF1C,0xF73B,
0xF73C,0xEF1B,0xE698,0xEEB8,0xEF3C,0xF75C,0xF73C,0xF73B,0xEF1C,0xF73B,0xEF1C,0xF73B,
0xEF1C,0xF73B,0xEF1B,0xF73B,0xED09,0xECE9,0xED09,0xED09,0xED09,0xED09,0xF4E9,0xF4E9,
0xCDAD,0x6AE3,0x0AE4,0x0B06,0x12E5,0x0AA4,0x0AC4,0x0AC5,0x5AE3,0xA52C,0x8427,0x7386,
0x8BE6,0x9C69,0xDCA8,0xE50A,0xF529,0xF50A,0xED09,0xED0A,0xF54A,0xED0A,0xCCC9,0xC469,
0x6B8A,0xBDF4,0xE75C,0xF7FF,0xFFFF,0xFFFF,0xFFFE,0xF7FF,0xFFFF,0xC638,0x8B8C,0x4123,
0x29C6,0x428A,0x663C,0x55DB,0x55DB,0x55DB,0x55DB,0x55DB,0x55FA,0x55DB,0x55FA,0x55DB,
0x55FA,0x55DB,0x55DA,0x55DB,0x55FB,0x55DB,0x5DB9,0x3475,0x5E1C,0x4DFC,0x6E3C,0x3CB7,
0x4A26,0x5267,0xCCC5,0xEE0B,0xEDE7,0xEDC8,0xEDE8,0xEDE8,0xEE08,0xEDE8,0xEDE7,0xEDE8,
0xEDC8,0xEDE9,0x22EB,0x7576,0x55FB,0x4DDC,0x55FA,0x55DB,0x55DB,0x55DB,0x4DFC,0x563D,
0x6C90,0x436C,0xF608,0xEDC8,0xEDE7,0xEDE8,0xED89,0xC465,0xEE0B,0xC4C7,0x3C74,0x65DA,
0x55DB,0x4DDC,0x55DB,0x55DB,0x55DB,0x55DB,0x561C,0x45BB,0x5C73,0x5C94,0x9CF2,0xA555,
0xBDF6,0xD6BA,0xF77C,0xFFDF,0xA533,0x738E,0x9CD2,0xA534,0xB595,0xB5B6,0x9CF2,0x9492,
0xCE37,0xEF5D,0xF77C,0xF77D,0xBDB5,0x8430,0xE73B,0xEF7D,0xAAC7,0xAAC8,0xE2C5,0xDAA5,
0xE2A5,0xE2C6,0x9AA2,0xD4AB,0xFEEB,0xF68A,0xF6AA,0xF68A,0xFECF,0xA3E4,0xCA65,0xD2C7,
0xDAC5,0xDAA6,0xE2A5,0xDAA5,0xCB27,0xA1C2,0xE609,0xF6AC,0xFE89,0xFEAA,0xFF0C,0xEE8B,
0x81C2,0x8A04,0x6A26,0x830B,0xB595,0xE75C,0xFFBD,0xEF1B,0xDE57,0xF71B,0xEF3B,0xEF1C,
0xEF3B,0xEF1C,0xEF3B,0xEF3C,0xEF3B,0xEF3C,0xEF3B,0xEF5C,0xEE97,0xCDB5,0xEE35,0xDDD4,
0xDDD3,0xEE76,0xDE57,0xF71B,0xEF3B,0xEF1C,0xEF3B,0xEF3C,0xEF3B,0xEF3C,0xEF5C,0xEF5C,
0xECE9,0xECE8,0xECE9,0xECE9,0xECE9,0xF509,0xECE9,0xF4E8,0xDD6C,0xABE5,0x5B65,0x7407,
0x93E7,0xAC88,0xCC88,0xDCE9,0xED09,0xF529,0xF509,0xFD29,0xF509,0xF509,0xECE9,0xECE8,
0xE4E9,0xED08,0xECE9,0xED09,0xECE9,0xED09,0xF4E9,0xFD09,0x93CD,0xFF9B,0xFFFF,0xFFFF,
0xFFFF,0xFFFE,0xFFFF,0xFFFE,0xFFFF,0xB574,0x30C2,0x1800,0x0001,0x4AAA,0x665E,0x55FB,
0x55DB,0x5DDB,0x55DB,0x5DDA,0x55DB,0x5DDA,0x55DB,0x55DA,0x55DB,0x5DDA,0x55DB,0x55DA,
0x55DB,0x5E1B,0x6495,0x01A8,0x5DBA,0x65DA,0x4DFC,0x5E5D,0x6C94,0x2AAB,0x6241,0xAC69,
0xF609,0xF5C7,0xEDC8,0xEDE7,0xEDE8,0xEDE7,0xEDC8,0xEDE7,0xEDEB,0xC4A5,0x1B2F,0x7DF9,
0x55DB,0x55DB,0x55DB,0x5DFA,0x55DB,0x55DA,0x5DFC,0x4518,0x7B03,0xDE0E,0xE587,0xEDC7,
0xEDC8,0xEDE7,0xE589,0xD4E5,0xEDC9,0xEDA8,0x3BD0,0x7DB7,0x4DDB,0x55DB,0x55BB,0x5DDA,
0x55FC,0x55FB,0x5453,0x6494,0xB575,0xBD95,0xC618,0xEF3B,0xF79D,0xEF3B,0xCE79,0xBDB5,
0xAD55,0xB574,0xBDB6,0xAD33,0x9471,0xA513,0xD69A,0xF79D,0xEF5C,0xF77C,0xDEBA,0x9471,
0x9CB3,0xEF3C,0xE71C,0xFFBE,0xE5D5,0x7A67,0xE2C6,0xE2A5,0xDAA6,0xEAE6,0x8A82,0xDCCA,
0xFECB,0xF6AA,0xF68A,0xFE8A,0xFEB0,0x9B82,0xCA66,0xDAC6,0xDAA5,0xE2C5,0xE2A5,0xE2A5,
0xC307,0xA1E2,0xEE6B,0xF6AB,0xFE6A,0xFE8A,0xF68D,0xDDE9,0xA9C2,0xDB47,0xE2A6,0xD223,
0x79E5,0x81E5,0x8C30,0xDEB9,0xFF9D,0xFF5C,0xEF1B,0xF71B,0xEF1C,0xF71B,0xEF1B,0xEF1B,
0xEF1C,0xF73B,0xF71B,0xEEB9,0xD5F6,0xFF3A,0xF75C,0xFF7C,0xF656,0xD572,0xE658,0xF6D9,
0xEF1C,0xEF1B,0xEF1B,0xF73B,0xEF1C,0xF73B,0xEEB9,0xD5D4,0xED09,0xECE9,0xED09,0xECE9,
0xED09,0xECEA,0xED09,0xECE9,0xECE9,0xED0A,0xF529,0xF52A,0xF529,0xF52A,0xED29,0xED0A,
0xED09,0xE4EA,0xED09,0xE4E9,0xED09,0xE4E9,0xECE9,0xE4E9,0xED09,0xE4E9,0xED09,0xE4EA,
0xED09,0xE509,0xED09,0xE4C9,0x83CC,0xFFFD,0xFFFF,0xF7FF,0xFFFF,0xF7FF,0xFFFF,0xF7FF,
0xFFFF,0x7BCF,0x1000,0x2041,0x1820,0x49C6,0x33B0,0x6538,0x5E3C,0x4DDC,0x55DB,0x55DB,
0x55DB,0x55DB,0x55DB,0x55DB,0x55DB,0x55DB,0x55FB,0x55DB,0x55DB,0x5E3D,0x538F,0x3B0D,
0x44B5,0x6DFB,0x55FB,0x4DDC,0x661C,0x4D59,0x4A67,0x4A68,0xAC03,0xEE0C,0xEDE7,0xEDE8,
0xEDE8,0xEDE8,0xF5E7,0xEDC7,0xE64E,0x7B01,0x3CD6,0x5DDB,0x55DB,0x55DB,0x55FB,0x55DB,
0x55FC,0x561D,0x6CF3,0x334D,0xEDE8,0xEDE9,0xD546,0xE5A9,0xEDE8,0xEDE8,0xEDE7,0xEDE8,
0xF5C7,0xF609,0x4BCE,0x7533,0x55FC,0x4DDC,0x55DB,0x55FC,0x6D78,0x33F3,0xB575,0xCE59,
0xBDD6,0xD6DA,0xDEDA,0xC618,0xAD54,0xA513,0xAD74,0xB575,0xA513,0x8C71,0xA4F3,0xC638,
0xEF5C,0xEF7D,0xEF7C,0xEF7D,0xE71B,0x9CF3,0x8C30,0xCE59,0xF77C,0xE71C,0xF77D,0xCE59,
0xB2E8,0xAAC8,0xE2C5,0xDAA5,0xDAA5,0xE2C7,0x8A81,0xD4EB,0xFEEA,0xF68A,0xF6AA,0xF68A,
0xFEB0,0x8B02,0xD2A5,0xD2C6,0xE2C5,0xDAC6,0xE2C5,0xDAA6,0xBB06,0xA264,0xFEEC,0xEE8B,
0xFE8A,0xF68A,0xFECE,0xBD07,0xA9E3,0xCB07,0xE2A5,0xE2A6,0xEAE6,0xE2A5,0x9A46,0x7142,
0x738D,0xC638,0xFF9D,0xF73C,0xEF3B,0xEF1C,0xEF1B,0xEF1C,0xEF1B,0xEF1C,0xF73B,0xDEBA,
0xEF1A,0xEF3C,0xF73B,0xEF3C,0xF75C,0xEF3C,0xF75C,0xEF3C,0xEF3B,0xEF1C,0xEF3B,0xEF1C,
0xF73B,0xEF3C,0xE6B7,0xAD11,0xECE9,0xECE9,0xECE9,0xF509,0xF509,0xF529,0xECE9,0xECE9,
0xECE9,0xF509,0xECE9,0xED09,0xE4E9,0xED09,0xE4E9,0xED09,0xE4E9,0xECE9,0xECC9,0xECE8,
0xECE9,0xED09,0xECE9,0xECE9,0xE4E9,0xECE9,0xECE9,0xECE9,0xED0A,0xE4A8,0xECCA,0xE488,
0x83EE,0xFFFE,0xFFFF,0xFFFE,0xFFFF,0xFFFE,0xFFFF,0xFFFE,0xFFFF,0x5289,0x1000,0x2860,
0x1800,0x7288,0xBD54,0x5A67,0x3CB6,0x6E1B,0x55DB,0x55FB,0x55DB,0x5DDB,0x55DB,0x5DDB,
0x55DB,0x5DDB,0x55DB,0x55FB,0x5DFC,0x663C,0x3A49,0xBE38,0x232F,0x75B8,0x563D,0x5E3C,
0x561D,0x5E5D,0x7536,0x2ACC,0x6263,0x93C8,0xF609,0xF5E8,0xEDC8,0xEDC7,0xE566,0xF5E7,
0xC5CF,0x5A61,0x55DC,0x55DB,0x55BB,0x55DA,0x55DB,0x55DA,0x5DFC,0x4D7A,0x6AC3,0xCDCE,
0xF5E8,0xF5C7,0xEDE8,0xEDE7,0xEDC8,0xEDE7,0xEDE8,0xEDE7,0xF5C7,0xFE08,0x7C6E,0x6C0C,
0x561D,0x55DB,0x55BB,0x5DFB,0x63AF,0xC6BB,0xFFBE,0xD678,0xC5F7,0xC5D6,0xAD34,0xAD13,
0x9CD3,0x9CB1,0x9CD3,0xB574,0xC638,0xEF3B,0xF77D,0xEF5C,0xEF5C,0xF79C,0xDEBA,0xA513,
0x8410,0xBDB6,0xEF3C,0xF75C,0xEF5D,0xE6FB,0xB532,0x8C0C,0xBA03,0xDAE6,0xDAA5,0xE2C5,
0xDAA6,0xEAE6,0x8261,0xE52B,0xFECB,0xF6A9,0xF68A,0xFEAA,0xFE70,0x8AE1,0xDAA6,0xDAC6,
0xDAA5,0xE2C5,0xE2A5,0xE2C5,0xAAE5,0xB2E5,0xFEEC,0xF6AA,0xF66A,0xFE89,0xFECF,0xAC24,
0xBA24,0xD2E6,0xDAA5,0xDAA5,0xDA85,0xE2A5,0xCB27,0xAA02,0xB54D,0x7B85,0x7B8E,0xD678,
0xFF7E,0xF73B,0xEF1B,0xEF1B,0xEF1B,0xF71B,0xEF1C,0xF73B,0xEF1C,0xF71B,0xEF1B,0xF71B,
0xEF1B,0xF73B,0xEF1B,0xF71B,0xEF1B,0xF71B,0xEF1B,0xF71B,0xEF1C,0xF73B,0xF6FA,0xDE36,
0xF529,0xF52A,0xED0A,0xD488,0xC428,0xC428,0xE4C8,0xF54B,0xED09,0xECE9,0xED09,0xE4EA,
0xED09,0xE50A,0xED09,0xE50A,0xED09,0xE50A,0xF529,0xF52A,0xECE8,0xE4C9,0xED09,0xE4EA,
0xECE9,0xE4E9,0xECE8,0xED09,0xC4CB,0x8B05,0x82E6,0x9389,0x9490,0xFFFF,0xFFFF,0xF7FF,
0xFFFF,0xFFFF,0xFFFF,0xFFFF,0xFFBE,0x2945,0x1820,0x2041,0x2020,0x49A6,0xF614,0xE572,
0x4B2C,0x536E,0x5E3C,0x4DDC,0x55DB,0x55DB,0x55FB,0x55DB,0x55FB,0x55DB,0x55BA,0x4D59,
0x54B5,0x2B91,0x5AEB,0xFFFF,0xA596,0x530D,0x3BB0,0x4C33,0x3C53,0x44B5,0x5E1C,0x55DB,
0x4AA9,0x4289,0x8B62,0xDDEC,0xF607,0xEDC7,0xEDA6,0xF609,0x848D,0x5308,0x5E3D,0x4DDC,
0x55DA,0x55DB,0x4DFB,0x55FC,0x7535,0x2B0D,0xE587,0xEDE9,0xEDE7,0xE5E8,0xEDE8,0xE5E8,
0xEDE7,0xE5E8,0xEDE7,0xE5E8,0xF5E7,0xF5E7,0xB58F,0x6326,0x563D,0x4DDC,0x55DB,0x55DB,
0x5B4D,0x9D96,0xB574,0xAD55,0xA513,0x9CF3,0xAD34,0xB596,0xC617,0xDEDB,0xEF5C,0xEF5D,
0xEF7C,0xE75C,0xF79D,0xEF5D,0xCE58,0x8C91,0x8C50,0xBDD7,0xEF5C,0xEF5D,0xF77D,0xE75D,
0xBD93,0x948F,0xDE2F,0xE691,0xB243,0xCAE7,0xDAA5,0xDAA5,0xE2C6,0xE2E7,0x8260,0xDD4D,
0xFECA,0xF6AA,0xF6AA,0xF6AB,0xFE6F,0x7AA1,0xDAC6,0xDAA6,0xDAC5,0xDAC6,0xE2A5,0xE2C6,
0xA2C3,0xB367,0xFF0C,0xEE8B,0xF689,0xF68A,0xFECF,0x8B42,0xCA65,0xD2C7,0xDAC5,0xDAA5,
0xE2A5,0xDAA6,0xBB06,0xA244,0xFF2C,0xFEEC,0xC58C,0x7B44,0x8430,0xE71C,0xFF7D,0xEF1C,
0xEF1B,0xEF1C,0xEF1B,0xEF1C,0xEF3B,0xEF1C,0xEF1B,0xEF1C,0xEF3B,0xEF1C,0xEF3B,0xEF3C,
0xF75C,0xF75D,0xF75C,0xEF3C,0xF73B,0xEF1B,0xF73B,0xF75C,0xCC6A,0x9B04,0x8205,0x81E3,
0x89C4,0x89C4,0x71C3,0x92C6,0xED0A,0xED09,0xECE9,0xED09,0xECE9,0xED09,0xECE9,0xED09,
0xF52A,0xECC7,0x9BA9,0x7A84,0x4A6A,0x4A68,0xD489,0xED0A,0xECE9,0xECE8,0xECC9,0xFD2A,
0x8345,0xE610,0xDEB6,0x3160,0x9D14,0xFFFF,0xFFFF,0xFFFF,0xFFDF,0xFFFE,0xFFFF,0xFFFF,
0xEF1C,0x20C2,0x2020,0x2860,0x1820,0x4143,0xEDB3,0xEDB2,0xE5D4,0x9329,0x1B50,0x75D9,
0x4DFB,0x55FB,0x55DB,0x55DA,0x55DB,0x5E1B,0x42EC,0x21C7,0x632B,0x9CB1,0xDF1D,0xEF7E,
0xF7BF,0xEF5D,0x9CB2,0x5A88,0x09A8,0x4B6E,0x4DFC,0x561C,0x75B9,0x2B4F,0x5A64,0x7306,
0xE5A8,0xF608,0xEDA7,0xFE28,0x32CA,0x74B0,0x55FC,0x55DB,0x55DB,0x55DA,0x55DC,0x55BB,
0x62C4,0xBD6E,0xF5E8,0xEDC7,0xEDC8,0xEE08,0xEDE8,0xEDE7,0xEDC8,0xEDE7,0xEDE8,0xEDE7,
0xEDC7,0xF5E6,0xD60F,0x7302,0x4DBB,0x55DB,0x55DB,0x55BA,0x7431,0xDF3C,0xD699,0xDEDA,
0xDEFB,0xEF3C,0xEF5D,0xF77C,0xEF3C,0xEF3B,0xEF3C,0xF77C,0xEF5C,0xD678,0xA514,0x9450,
0x9CD3,0xD678,0xF75D,0xF77C,0xEF7D,0xE73C,0xBD74,0x7B4B,0xC56C,0xFEF1,0xF6F1,0xF6F0,
0xBA85,0xC2E6,0xDA85,0xE2A5,0xDAA6,0xE2C6,0x7A20,0xEDAD,0xF6AA,0xF6A9,0xF68A,0xFEAA,
0xF60F,0x8260,0xDAC7,0xDAA6,0xDAA5,0xE2C5,0xE2A6,0xEAE6,0x8A62,0xC429,0xFEEB,0xF68A,
0xF66A,0xFE89,0xF670,0x7A80,0xD2A6,0xDAC6,0xDAA5,0xDAA5,0xDAA5,0xE2C5,0x9AA4,0xB346,
0xFEEC,0xF68A,0xFEAA,0xFECA,0xA4CC,0x6AE4,0xB576,0xFF9E,0xEF1C,0xEF1B,0xEF1B,0xEF1B,
0xEEFB,0xEF1B,0xEF1B,0xEF1B,0xF75C,0xFF9C,0xEF5C,0xDEDA,0xC617,0xBDD6,0xC5F7,0xDEB9,
0xEF3C,0xFF9D,0xF75C,0xF71B,0xA204,0xB266,0xDAA5,0xDAC6,0xE2E5,0xE2C6,0xD308,0xA9E4,
0x8241,0xE52E,0xED09,0xE4E9,0xED09,0xE509,0xF549,0xDC87,0x7349,0x5226,0x2352,0x3C16,
0x5CD8,0x2332,0xB3A6,0xE52C,0xECE8,0xECE9,0xF509,0xED0A,0x7B04,0xF6F4,0xFFB5,0xC5EF,
0x6B6B,0x6BAC,0xA533,0xEF7D,0xFFFF,0xFFFF,0xFFFE,0xFFFF,0xDE99,0x20E3,0x2040,0x2041,
0x2020,0x3903,0xE5D2,0xDD92,0xED91,0xF5F3,0x73CE,0x4AAA,0x5E3C,0x4DDC,0x55DB,0x55DB,
0x55FB,0x55FC,0x65DA,0x3CB6,0x4B0C,0x534E,0xA534,0xEF7E,0xC659,0x4A8B,0x3390,0x5495,
0x5E1C,0x5E3D,0x55FB,0x55DB,0x561C,0x5E3D,0x534C,0x42AA,0x7AC1,0xCD4B,0xFE29,0xDD67,
0x128B,0x7DB8,0x55FB,0x4DDC,0x55DB,0x4DDC,0x7597,0x2B6F,0xD546,0xEE0A,0xEDE7,0xEDE8,
0xEE09,0xD526,0xE587,0xEDE9,0xEE07,0xEDE8,0xEE08,0xEDE8,0xF607,0xEDE7,0xEE2D,0x9BE4,
0x44F7,0x5DFB,0x55DB,0x4DBB,0x7410,0xE7BF,0xEF7C,0xEF5D,0xEF5C,0xEF5D,0xEF5C,0xEF5D,
0xEF7C,0xDEFB,0xC638,0xA514,0x8C50,0x9492,0xC617,0xE73C,0xF79D,0xF79E,0xEF9D,0xD6DB,
0xC4B0,0x8B0B,0xC286,0xBA65,0xD5CD,0xF6F2,0xEED0,0xF732,0xBB06,0xB2E6,0xE2A5,0xDA86,
0xDAC6,0xDAE7,0x7220,0xE5CF,0xFECA,0xF68A,0xF6AA,0xF6AB,0xEDEE,0x7240,0xE2E6,0xDAA6,
0xDAC5,0xDAA6,0xE2A5,0xE2C7,0x8241,0xD4CB,0xFEEB,0xEE8A,0xF689,0xF6AA,0xEE0E,0x6A20,
0xDAE6,0xD2A6,0xDAC5,0xDAC6,0xE2A5,0xE2C6,0x8261,0xCC8A,0xFEEB,0xF68A,0xFE8A,0xF66A,
0xFEEC,0xF68B,0x5A86,0x7B8B,0xEF5C,0xEF5D,0xEF1B,0xEEFB,0xEF1B,0xEF1B,0xF75C,0xF77D,
0xCE58,0x8C30,0x9287,0x8247,0xA1E4,0xA1E4,0xA225,0xA226,0x82EA,0xA3EE,0xCE57,0xF79D,
0xDAC6,0xDAC5,0xD2C5,0xDAC5,0xD2A5,0xDAC5,0xDAA5,0xEB06,0x8A03,0xA2A5,0xF52A,0xED09,
0xF52A,0xF508,0x7B6C,0x5267,0x2BB5,0x4C98,0x4CBA,0x4CB8,0x5C97,0x3351,0xAB65,0xED4C,
0xF4E9,0xF4E8,0xCC29,0xAB24,0x9C6A,0xFF96,0xF732,0xFF73,0xFF74,0xEEF1,0x9CCF,0x7BAA,
0xFFFF,0xFFFF,0xFFFF,0xFFFF,0xC5B6,0x4164,0x1800,0x2860,0x1800,0x4123,0xE5B3,0xE592,
0xE591,0xE591,0xEE15,0x9369,0x1B50,0x75FA,0x4DDB,0x55DB,0x55DB,0x55DA,0x55DB,0x5E1C,
0x5E1C,0x4D9A,0x3A8B,0xADD7,0x5C32,0x6472,0x5E3D,0x561C,0x55DB,0x55DA,0x55DB,0x55FA,
0x4DFC,0x561B,0x761B,0x3412,0x6285,0x6AC6,0xCD4B,0xA3E4,0x23B1,0x75FA,0x55DB,0x55FB,
0x55DC,0x55FB,0x6B67,0xAD4E,0xF5E8,0xEDC7,0xE5C8,0xEDE7,0xEDE9,0xDD66,0xE5A7,0xEDE8,
0xEDE8,0xEDE7,0xEDE8,0xEE07,0xCCA5,0xE567,0xEDEB,0xCCE6,0x2BF2,0x75FA,0x55DC,0x55DB,
0x636E,0xC658,0xCE58,0xD678,0xCE59,0xCE37,0xB5B6,0xA513,0x9471,0x9C91,0xAD54,0xCE58,
0xE71C,0xFF9D,0xF79E,0xF77C,0xDEFB,0xBDD6,0xB38C,0x9AA8,0xDA44,0xEAE6,0xE308,0xDAA5,
0xAC69,0xFEF2,0xEEB0,0xFF31,0xC3A9,0xAAC5,0xE285,0xE285,0xDAA6,0xE2C6,0x6A20,0xEE0E,
0xF6AA,0xFEA9,0xF68A,0xFECA,0xDD4D,0x7A20,0xE2C7,0xE2A5,0xDAA5,0xE2C5,0xDAA6,0xE2E6,
0x7200,0xE58D,0xFEAB,0xF689,0xF66A,0xFECA,0xD50C,0x7A20,0xE2C6,0xDAA5,0xDAA5,0xDAC5,
0xDAA6,0xE2C6,0x7220,0xEDAD,0xFEAA,0xF689,0xF66A,0xFE8A,0xF68A,0xFEEB,0xAB07,0x9223,
0x6269,0xE658,0xF77D,0xEF1B,0xEF1B,0xFF9C,0xDE99,0x838D,0x99A3,0xB265,0xE285,0xEAA5,
0xE2A6,0xEAC5,0xE2A5,0xEAC5,0xDAA5,0xD243,0x8247,0xAB6B,0xD2E5,0xD2C6,0xD2E5,0xD2C6,
0xDAE5,0xD2C6,0xDAC5,0xDAA5,0xCB48,0x8121,0xC428,0xD4AA,0x9BCA,0x59C3,0x2B11,0x5477,
0x4CDA,0x4499,0x4498,0x4478,0x5CB7,0x2B52,0xB385,0xED4C,0xCCCB,0x8283,0x9C8B,0xB56F,
0xF733,0xF734,0xF753,0xF733,0xF753,0xFFD5,0x842D,0xA511,0xFFFF,0xF7FF,0xFFFF,0xFFFF,
0xB513,0x5207,0x1800,0x2041,0x1820,0x4985,0xEDF3,0xDD92,0xE591,0xDD92,0xE591,0xEDF3,
0x5B6D,0x534D,0x5E5C,0x4DFC,0x55FB,0x4DDB,0x55FB,0x55DB,0x4DFB,0x561D,0x6472,0x6473,
0x334E,0x7577,0x55FB,0x4DDC,0x55DB,0x55DB,0x55DA,0x55DB,0x55FB,0x55FB,0x561C,0x5E5E,
0x640F,0x430C,0x7349,0x39A3,0x5579,0x5DDB,0x55FB,0x4DFC,0x75D8,0x3C32,0xCD06,0xEDEB,
0xE5C7,0xE5C8,0xEDE8,0xE5E8,0xEDE7,0xEE08,0xEDE8,0xEDE8,0xEE07,0xE5E8,0xEDE8,0xEDE9,
0xABC3,0xDD4A,0xEDE9,0xEDC9,0x4AA9,0x63AE,0x5B8F,0x42AC,0xAD74,0xCE59,0xB595,0xAD55,
0xAD75,0xB596,0xC617,0xD679,0xE71B,0xEF7D,0xF7BD,0xF7BE,0xEF7C,0xD6BA,0xB5B4,0x8C91,
0xAC2C,0x7286,0xE2A5,0xEAE7,0xEB06,0xE2E6,0xE307,0xDAE7,0x9365,0xFED3,0xEECF,0xF731,
0xD4AC,0x8A84,0xE2C5,0xDA85,0xDAC6,0xDAC7,0x7240,0xEE2F,0xFEAA,0xF68A,0xF6AA,0xFECB,
0xD4EB,0x7A41,0xE2E6,0xDAA6,0xDAC5,0xDAC6,0xDAC6,0xDAC7,0x7240,0xEE0F,0xFEAA,0xF68A,
0xF68A,0xFEEC,0xC429,0x8242,0xE2C6,0xDAA6,0xDAC5,0xDAA6,0xDAC6,0xD2A6,0x7260,0xF670,
0xFEAA,0xF68A,0xFE8A,0xF68B,0xF6AC,0xEE4B,0xAA02,0xD348,0xB2A7,0x8163,0xBDD6,0xF7BE,
0xFFBD,0xAD54,0x91C3,0xAA87,0xEAE5,0xE2A5,0xDAC5,0xDAC6,0xDAC5,0xDAA6,0xDAC5,0xDAC6,
0xE2C5,0xE2C6,0xE2E6,0xD264,0xDAA5,0xE2E5,0xD2C5,0xDAC5,0xD2C5,0xDAC5,0xDAA5,0xDAC5,
0xDAC6,0xDAA5,0x21A8,0x530C,0x0396,0x0BB5,0x2310,0x128D,0x22CF,0x5454,0x44B9,0x4498,
0x5C97,0x2AF0,0xBBC6,0xED2B,0xD4EC,0x8AC3,0xC5CF,0xFF95,0xF733,0xFF32,0xF733,0xFF32,
0xF756,0x946A,0x7C0F,0xFFFF,0xFFFF,0xFFFE,0xFFFF,0xFFFF,0x9C30,0x6A89,0x1800,0x2840,
0x1800,0x7288,0xEDF4,0xE591,0xE592,0xE591,0xE591,0xE591,0xDDF5,0x6A66,0x3C95,0x6E1A,
0x4DDB,0x55FB,0x55DB,0x55DA,0x55DB,0x5E1B,0x6C94,0x19E9,0x2350,0x7DF9,0x55DB,0x55DB,
0x55DB,0x55DA,0x55DB,0x55FA,0x55DB,0x55FA,0x4DFC,0x561B,0x6E3B,0x4CF6,0x3A6A,0x3A89,
0x661C,0x5DDB,0x55DB,0x5E1C,0x73EB,0x846D,0xEDA8,0xF5E8,0xEDE8,0xF5E7,0xEDC8,0xEDE7,
0xEDE8,0xEDE7,0xEDE8,0xEDE7,0xEDE8,0xEDE7,0xEDE8,0xEDE7,0xE5A7,0xEDE7,0xEDC8,0xFE29,
0x8328,0xBCCE,0xDDF7,0xAC30,0x9CD2,0xFFFE,0xF77D,0xF79D,0xF77D,0xF79D,0xF79E,0xFF9D,
0xEF7D,0xE71B,0xC618,0xA4F2,0x946D,0x9C8D,0xC58B,0xE6AF,0xFEF3,0x9B64,0xE2E7,0xEAE7,
0xE2E6,0xEAE6,0xE2E7,0xEB07,0x82C4,0xFE72,0xEECF,0xFF10,0xE590,0x8242,0xE2A6,0xE2A5,
0xDAA6,0xDAC6,0x7A60,0xFE6F,0xF68A,0xFE89,0xF68A,0xFEEB,0xCC6A,0x8A41,0xE2C6,0xE2A5,
0xDAA5,0xE2C5,0xDAA6,0xDAA5,0x7A80,0xFE8F,0xF68A,0xFE89,0xF66A,0xFEEB,0xAB47,0x9AA4,
0xDAA6,0xE2A5,0xDAA5,0xE2C5,0xDAC7,0xCA44,0x8301,0xFEEF,0xF68A,0xFE89,0xF68A,0xFE8A,
0xF6AE,0xD588,0xA9E3,0xD307,0xE2A6,0xE284,0x59E6,0xD574,0xC490,0x7A26,0xE2A5,0xEAC5,
0xDAA5,0xE2C5,0xDAA6,0xE2C5,0xDAA5,0xE2C5,0xDAA5,0xE2C5,0xDAA6,0xE2C5,0xDAA5,0xE2A5,
0x9A44,0x9A46,0xE306,0xDAC6,0xD2C5,0xD2C6,0xDAC5,0xD2A6,0xE2A4,0xE2E6,0x4A8B,0x4ACD,
0x14FC,0x04BC,0x14DB,0x14DC,0x2B71,0x022D,0x33B4,0x5498,0x6496,0x1A6E,0xD488,0xE50B,
0xED09,0xECE9,0x7AC5,0xA42B,0xFF94,0xF733,0xFF52,0xF753,0xE716,0x5285,0xF7FE,0xFFFF,
0xFFFE,0xF7FF,0xFFFF,0xF7DF,0x93AD,0x7B0B,0x1800,0x2041,0x1800,0x93CE,0xEDF3,0xDD92,
0xE5B2,0xDD92,0xE5B1,0xDD92,0xEDB2,0xDD72,0x228B,0x6D16,0x561C,0x4DFC,0x55DB,0x55DB,
0x55FB,0x55FC,0x7536,0x0084,0x4495,0x6DDB,0x55DB,0x4DDB,0x55DB,0x55DB,0x55FB,0x55DB,
0x55FB,0x55DB,0x55FB,0x55DB,0x55FB,0x5E3D,0x4D58,0x559A,0x5DFB,0x55DB,0x65DA,0x4D59,
0x8B85,0xC54D,0xC4E8,0xAC26,0xBCC7,0xBCC7,0xEE08,0xE5C8,0xEDE8,0xE5E8,0xEDE8,0xE5E8,
0xEDE7,0xE5E8,0xEDE7,0xE5E8,0xEDE8,0xE5E8,0xEDC7,0xF609,0xBCEC,0x9BE9,0x73D0,0x3A0A,
0x636E,0xADD8,0xD699,0xDEDA,0xD699,0xBDF7,0xB533,0x9C70,0xAB6B,0x9AC9,0xA285,0x9225,
0xEEF0,0xF732,0xF730,0xEEF0,0xFEB2,0x8B05,0xE2E7,0xE2E7,0xE2E6,0xE2E7,0xEAE7,0xEB08,
0x8283,0xEDF1,0xF70F,0xEEF0,0xFE92,0x7A83,0xDAA5,0xDAA6,0xDAC6,0xD2A6,0x7AA0,0xF670,
0xF6A9,0xF68A,0xF6AA,0xFECC,0xC429,0x8A63,0xE2C6,0xDA86,0xDAA5,0xDAA6,0xDAE6,0xCA65,
0x8B41,0xFEB0,0xF689,0xF66A,0xF68B,0xFEEC,0xA284,0xAAE6,0xE2A5,0xDAA6,0xDAC5,0xDAA5,
0xD327,0xA9C3,0xA444,0xFEF0,0xFE8A,0xF68A,0xFEAA,0xF68A,0xFECF,0xA425,0xBA23,0xD2E7,
0xE2A5,0xE2A5,0xCB28,0x9162,0x9981,0xCB29,0xE2C5,0xDAA5,0xDAC5,0xDAC6,0xE2C5,0xDAC6,
0xDAC5,0xDAC6,0xDAE5,0xDAC6,0xDAC5,0xDAA6,0xDAC5,0xDAA6,0xE52E,0xA305,0x8921,0xC307,
0xDAC5,0xDAC4,0xD2A5,0xD2A5,0xDA85,0xE2A4,0x932C,0x5964,0x14DB,0x14BA,0x0C9A,0x14BA,
0x1CBB,0x1C99,0x0A0D,0x3330,0x6C74,0x2A4A,0xECE9,0xECE9,0xECE9,0xFD29,0x9BC8,0xAC49,
0xFFB5,0xFF53,0xD650,0xFF73,0xFFD8,0x7B86,0xC638,0xFFFF,0xFFFF,0xFFFE,0xFFFF,0xE75C,
0x938C,0xAC6F,0x1000,0x2000,0x3060,0xD573,0xE592,0xEDB2,0xE5B2,0xEDB2,0xE5B2,0xEDB2,
0xED71,0xF5D2,0xA4F2,0x4A47,0x55FC,0x55DB,0x55BB,0x55DA,0x55DB,0x5DFB,0x6D78,0x128C,
0x5DBA,0x65DA,0x55DB,0x55DA,0x55DB,0x5DDA,0x55DB,0x5DDB,0x55DB,0x55FA,0x55DB,0x55DA,
0x55DB,0x5DFA,0x5DFB,0x5DFB,0x55DA,0x5DFA,0x55FC,0x5E3C,0x6CF5,0x330C,0x7B05,0x7AE4,
0x6AA5,0x7AE5,0xCCE6,0xF60A,0xEDE8,0xEDE7,0xEDE8,0xEDE7,0xEDE8,0xEDE7,0xEDC8,0xEDE7,
0xEDC8,0xF607,0xF609,0xEDA6,0x7B8A,0x3982,0x2ACF,0x3AEF,0x11E9,0x32ED,0x8B8C,0x7AE9,
0xC265,0xC265,0xD244,0xDA85,0xEA85,0xF2C5,0xD349,0xB243,0xEED1,0xEEF0,0xEECF,0xF6EF,
0xFE72,0x8AE3,0xE2E7,0xE2E6,0xE2E6,0xEAE6,0xEAC7,0xF307,0x7A63,0xE58F,0xF710,0xF6EF,
0xFEF4,0x8B24,0xD265,0xDAA5,0xD2A6,0xDAA5,0x7A80,0xFE8F,0xF68A,0xFE89,0xF68A,0xFEEB,
0xBBA8,0x9A83,0xE2A6,0xE2A5,0xDAA5,0xE2A5,0xD2C7,0xC224,0x9BC3,0xFECF,0xF66A,0xFE89,
0xEE8C,0xF6AB,0x91E2,0xBB26,0xDA85,0xE2A5,0xDA85,0xE2A5,0xCB28,0x9140,0xC568,0xFECD,
0xF68A,0xFE89,0xF68A,0xFE89,0xFEB0,0x8B21,0xCA65,0xDAC6,0xDA85,0xE2A5,0xDAE7,0xC223,
0xBA04,0xDAE7,0xDA85,0xE2A5,0xDAA5,0xE2C5,0xDAA5,0xE2C5,0xDAA5,0xE2C5,0xDAA5,0xE2C5,
0xDAA5,0xDAC5,0xDA85,0xE2C5,0xA4AE,0x62A7,0x42ED,0x220A,0xD284,0xDAC6,0xD2C5,0xD2A6,
0xE2E5,0xDAA5,0x4A49,0x4A4A,0x14DB,0x0C9B,0x14BA,0x0C9A,0x0CBA,0x0CBB,0x3498,0x02B1,
0x39C5,0x630B,0xF54A,0xE4E9,0xED09,0xF52A,0x9BC7,0xAC6A,0xFFB7,0x83C8,0x5A25,0x62A8,
0xBDD0,0x7BA9,0x8C91,0xFFFF,0xFFFF,0xF7FF,0xFFFF,0xCEBA,0x93AB,0xE615,0x6A67,0x30A1,
0xA3EB,0xE614,0xEDD3,0xD551,0xCD10,0xC4F0,0xCD10,0xCD11,0xDD50,0xE592,0xF675,0x9B8B,
0x3454,0x6DFB,0x561C,0x561D,0x5E1B,0x55FC,0x5DFB,0x55FC,0x5DFB,0x55DC,0x55FB,0x55DC,
0x55FB,0x55DC,0x55FB,0x55DB,0x55FB,0x55DB,0x55FB,0x55DB,0x55FB,0x55FB,0x561B,0x563C,
0x5E3C,0x4D9A,0x5494,0x33B1,0x6307,0x7BCA,0xBC85,0xDD89,0xFE6C,0xAC24,0x9BC7,0x93A7,
0xCCE6,0xEE0A,0xF608,0xEDC7,0xEDE8,0xE5C8,0xEDE7,0xEE08,0xF629,0xDD46,0x738A,0x4225,
0x328D,0x2A8D,0x2A4A,0x32AC,0x4597,0x6EDC,0xA5F7,0x5BAE,0xF2E6,0xEAE6,0xEB06,0xE2E7,
0xEAE6,0xE2E6,0xBB47,0xAAA6,0xF752,0xE6F1,0xEEEF,0xEF10,0xF631,0x82A4,0xEB07,0xE2E7,
0xE2E6,0xE2E7,0xEAE6,0xEB08,0x8263,0xD50E,0xF730,0xE6CF,0xFF33,0x9C07,0xC224,0xD2C7,
0xDAC6,0xCA86,0x7AC0,0xF690,0xF689,0xF68A,0xF68A,0xFEEC,0xB367,0x9AC4,0xE2C5,0xDA85,
0xDAA5,0xDAA5,0xD307,0xB1E3,0xB485,0xF6CF,0xFE89,0xF68A,0xF6AC,0xDE0A,0x91A1,0xC328,
0xDAA5,0xDAA5,0xE2A5,0xDAA6,0xC347,0x8160,0xEE6B,0xEEAD,0xFE8A,0xF68A,0xF6AA,0xF68A,
0xF64F,0x7A80,0xDAC6,0xD2A6,0xE2A5,0xDA85,0xD307,0xA182,0xCA85,0xD2C7,0xDAC5,0xDAC6,
0xDAC5,0xDAC6,0xDAC5,0xDAC6,0xDAC5,0xDAC6,0xDAC5,0xDAC6,0xDAC5,0xDAA6,0xDAC6,0xCA45,
0x028F,0x3414,0x1CFC,0x0C79,0x6143,0x92C8,0xEAC5,0xEAC4,0x8288,0x6163,0x0395,0x24B9,
0x0C9A,0x14BA,0x149A,0x1499,0x149A,0x1499,0x149B,0x1CDB,0x2964,0x7BCD,0xFD4A,0xF4E8,
0xECC9,0xF508,0xCCED,0x8AC4,0x82E6,0xAC0A,0x93CC,0xD593,0x9CF3,0x7C0F,0xCE79,0xFFFF,
0xFFFF,0xFFFE,0xFFFF,0xBDF6,0xA3EC,0xE5F3,0xE5D2,0xE5B1,0xEDD3,0xEDF2,0x72C9,0x2840,
0x2041,0x2060,0x1841,0x2060,0x2881,0x3923,0x6226,0x8B6B,0x326A,0x7451,0x54B5,0x5494,
0x44D7,0x5578,0x561C,0x5E3C,0x55FC,0x55DB,0x55DB,0x5DDB,0x55DB,0x5DDB,0x55DB,0x5DDA,
0x55DB,0x55DA,0x55DB,0x5DFB,0x561C,0x561B,0x5517,0x3C53,0x530A,0x5B2A,0xA3E4,0xCD28,
0xEDE7,0xFE28,0xF5E8,0xF5C7,0xEE0D,0x9B62,0xAC07,0xCD0A,0x9BE7,0x8B44,0xC4A5,0xEDEA,
0xF608,0xFE07,0xEE0A,0xCCE5,0x632A,0x4245,0x32CE,0x3B0E,0x2209,0x326A,0x4515,0x7E9A,
0x5EBC,0x5EBB,0x7E7A,0x5D35,0xC265,0xE327,0xE2E6,0xEAE6,0xEAC6,0xF306,0xA2C5,0xC3A9,
0xF752,0xEEF0,0xEED0,0xF710,0xE54F,0x8AA3,0xEAE7,0xEAE6,0xE2E6,0xEB06,0xEAE7,0xF327,
0x7A43,0xD4EC,0xF730,0xEEEF,0xF713,0xBD0A,0xB1E3,0xD2E6,0xD2A6,0xCA64,0x7AC0,0xFECF,
0xF68A,0xFEA9,0xF6AA,0xFF4C,0xB305,0xB2E4,0xEAA5,0xEAA5,0xDAA5,0xE2A5,0xCB07,0xA9C2,
0xC527,0xFECD,0xF66A,0xFE89,0xF6AD,0xCD67,0x9982,0xD307,0xDAA5,0xE2A5,0xDA85,0xE2C5,
0xAAE6,0x9202,0xF6EC,0xF6AB,0xF68A,0xFE8A,0xF68A,0xFECA,0xE54D,0x8240,0xE2A6,0xE2A5,
0xDAA5,0xE2A5,0xCAE7,0x9961,0xDAC6,0xDAC5,0xDAA5,0xE2C5,0xDAA5,0xE2C5,0xDAA5,0xE2C5,
0xDAA5,0xE2C5,0xDAA5,0xE2C5,0xDAA5,0xE2A4,0xCB08,0x9981,0x1499,0x149A,0x0CBA,0x0CDC,
0x3C55,0x0AD0,0x6206,0x59C6,0x0353,0x2458,0x14DB,0x0C9B,0x1499,0x0C9A,0x1499,0x0C9A,
0x14B9,0x0C9A,0x0CDB,0x049B,0x3BF4,0x01ED,0xDC67,0xED0B,0xECE9,0xECE9,0xF50A,0xE4C9,
0xE4A8,0xF52B,0x7B6A,0xFF7B,0xFFFF,0xFFFF,0xFFFF,0xF7FF,0xFFFF,0xF7FF,0xFFFF,0x9D13,
0xBC8E,0xDDD3,0xE5B1,0xDD92,0xE5B1,0xEDF3,0x72C9,0x1000,0x1820,0x2041,0x2060,0x2040,
0x2040,0x1820,0x1820,0x1000,0x2040,0x4124,0x82C8,0xA40D,0x9C2E,0x6AC9,0x3ACC,0x434E,
0x44F7,0x5DDB,0x5E3C,0x55FC,0x55DB,0x55DB,0x55DB,0x55DB,0x563C,0x561C,0x55DA,0x3CF8,
0x53CE,0x436D,0x8B84,0xAC89,0xE586,0xF609,0xF628,0xEDE8,0xE5A8,0xDD67,0xEDE7,0xE5C7,
0xE5EE,0x9365,0xACD2,0x730B,0x9BC5,0xC50B,0xA407,0x8324,0xBCA7,0xB467,0x4AC9,0x3207,
0x32CD,0x32EF,0x2229,0x2A8B,0x4534,0x769B,0x66DC,0x567B,0x7EDB,0x7F1D,0x5E9B,0x66DC,
0xA2A7,0xB34A,0xEAE6,0xE2C6,0xEAE6,0xEB08,0x7A42,0xE590,0xF731,0xEED0,0xEEF0,0xF732,
0xCC4B,0x9AC5,0xEAE7,0xE2C7,0xE2E6,0xE2E7,0xEAE6,0xEB08,0x8263,0xCCCD,0xF730,0xEED0,
0xF712,0xCDCE,0xA1A2,0xCB08,0xD2C6,0xC245,0x8320,0xFF10,0xFECA,0xEE48,0xCDA9,0xBD28,
0x71E3,0x71E4,0xA1E3,0xA1E4,0xC202,0xCA64,0xD347,0xA1C2,0xDDC9,0xF6AD,0xFE89,0xF66A,
0xFECE,0xAC65,0xA9E3,0xCAE8,0xDAA5,0xDAA5,0xE2A5,0xE2C6,0x9283,0xA326,0xFF0C,0xEE8B,
0xFE8A,0xF68A,0xF6AA,0xFEEC,0xC429,0x8A63,0xE2C6,0xDA86,0xE2A5,0xDAA6,0xC286,0x9982,
0xE2E6,0xD2A6,0xDAC5,0xDAC6,0xDAC5,0xDAC6,0xE2C5,0xDAC6,0xE2C5,0xDAC6,0xDAC5,0xDAC6,
0xE2A5,0xE285,0xA328,0x8A66,0x149A,0x1499,0x149A,0x14B9,0x14BB,0x1CFB,0x0459,0x149A,
0x14BB,0x149A,0x149A,0x1499,0x149A,0x1499,0x149A,0x1499,0x0CBB,0x0C79,0x230E,0x3BB0,
0x8C6D,0x8C4B,0x7201,0xDD2D,0xECE9,0xF4E8,0xECE9,0xF4E9,0xECEA,0xECC9,0x7B6C,0xFFFD,
0xF7FF,0xFFFE,0xFFFF,0xFFFE,0xFFFF,0xFFFE,0xFFFF,0x9490,0xCD10,0xE5B2,0xE591,0xE5B1,
0xE591,0xE5B1,0xE5D3,0xB42C,0x51C6,0x30A1,0x2040,0x2860,0x2040,0x2840,0x2040,0x2860,
0x2061,0x2040,0x1820,0x30C1,0x7AA7,0xE5B3,0xDD72,0xC46D,0x7B8C,0x62A8,0x2BD2,0x6577,
0x55FC,0x561C,0x55FC,0x4D9A,0x5473,0x43F0,0x7B66,0x9429,0xD4E5,0xEDC8,0xF608,0xF607,
0xEDE8,0xEDE7,0xEDC8,0xF608,0xD4E7,0xCC85,0xEDE8,0xF5E7,0xCD6D,0x9365,0xDE18,0xD5F7,
0xAC91,0x7B2A,0x93E8,0x8325,0x1147,0x3A6B,0x32EF,0x32CD,0x19E8,0x3ACB,0x4D56,0x76BA,
0x66BC,0x5E9A,0x663A,0x6E9A,0x9F9F,0x7E7A,0x569B,0x66FC,0xA491,0x732A,0xF2C6,0xF2C5,
0xE308,0xD285,0x8325,0xFF14,0xEEF0,0xF6EF,0xEED0,0xFF51,0xAAE6,0xBB27,0xE2C6,0xEAE6,
0xE2E6,0xEB06,0xEAE7,0xF327,0x7A43,0xDD0D,0xF710,0xEEEF,0xEEF1,0xE6AF,0x99C2,0xC327,
0xD2C6,0xCA44,0x8322,0xCD6B,0x83C9,0x8BE9,0x9C92,0xB574,0xC5F7,0xCE38,0xC618,0xB5B6,
0xA491,0x836C,0x7225,0x6161,0xE60A,0xFEEC,0xFE6A,0xFE69,0xFECF,0x9BC3,0xBA24,0xD2C6,
0xDAA5,0xE2A5,0xDAA6,0xEAE6,0x71E0,0xCC8A,0xFECB,0xF6AA,0xF68A,0xFE8A,0xF68B,0xFEEB,
0xA2C5,0xA2C4,0xE2A5,0xE2A5,0xDAA5,0xE2E5,0xA9E4,0xB204,0xE2C6,0xE2A5,0xDAA5,0xE2C5,
0xDAA5,0xE2C5,0xDAC5,0xE2C5,0xDAC5,0xE2C5,0xDAA5,0xE2C5,0xE285,0xEAC5,0x6AC8,0x9C0C,
0x14BA,0x0C9A,0x14BA,0x149A,0x14BA,0x149A,0x14BA,0x0C9B,0x149A,0x0C9A,0x149A,0x149A,
0x149A,0x0C9A,0x0CBB,0x0CDC,0x2B91,0x1B30,0xCD68,0xFECF,0xFF0D,0xFF4F,0xAC49,0x8325,
0xFD4A,0xECC9,0xECE9,0xECEA,0xED0A,0xD468,0x83CD,0xFFFF,0xFFFF,0xF7FF,0xFFFF,0xF7FF,
0xFFFF,0xF7FF,0xFFFE,0x840F,0xEDD2,0xEDD3,0xEDD2,0xE5B2,0xE5B1,0xDDB2,0xE591,0xF634,
0xCD52,0x6226,0x2040,0x1841,0x2040,0x2082,0x28A1,0x1000,0x1800,0x1000,0x1000,0x0800,
0x1800,0xB4D1,0xEDD2,0xE5D3,0xF5F2,0xEDF3,0x83EE,0x2944,0x5D57,0x4CD6,0x73EB,0x7C2C,
0xC485,0xDD69,0xF607,0xF608,0xF608,0xEDE8,0xEDE8,0xEDE8,0xEDE8,0xEDE8,0xEDE8,0xEDE8,
0xEDE8,0xEDC8,0xEDE7,0xEDE8,0xBCCC,0x9BE9,0xE658,0xD5D7,0xB534,0x6B2C,0x19A8,0x328D,
0x3ACD,0x2A6C,0x1A29,0x3B0D,0x55B7,0x6EBB,0x66DB,0x5E9B,0x5E9A,0x5E7B,0x765A,0x9F7F,
0x871D,0x665A,0x56BB,0x56BC,0x9E79,0x43EF,0xE2A5,0xEAE7,0xD369,0x9162,0xD62E,0xEF13,
0xF6EF,0xEED0,0xEF11,0xE6B1,0xA203,0xCB49,0xEAE6,0xE2E7,0xEB06,0xE2E7,0xEAE7,0xEB08,
0x7A62,0xDD70,0xF730,0xEEF0,0xEEF0,0xF732,0xA264,0xB307,0xD2E6,0xA9A2,0x5AA9,0xA513,
0xDEDA,0xF79E,0xFFBE,0xFF9E,0xFF9D,0xF77D,0xFF9D,0xFF9E,0xFFBE,0xFFBE,0xDF1B,0x9CF4,
0x7B66,0xA48B,0xFECA,0xFEAA,0xFEAF,0x8B22,0xCA85,0xD2C7,0xDAA5,0xDAA5,0xDAC6,0xE2E7,
0x61C0,0xDDAE,0xFECA,0xF68A,0xFE8A,0xF68A,0xF6AB,0xF6AC,0x91E2,0xB307,0xE2A5,0xDAA5,
0xDAC5,0xE2E6,0x9982,0xBA87,0xE2C5,0xDAA6,0xDAC5,0xDAC6,0xE2C5,0xDAC6,0xE2C5,0xDAC6,
0xE2C5,0xDAC6,0xDAC5,0xDAC6,0xE2A5,0xE2C6,0x42A8,0x9D94,0x149A,0x1499,0x149A,0x1CBA,
0x149A,0x1499,0x149A,0x1499,0x147A,0x1499,0x149A,0x149A,0x0C9A,0x149A,0x1C9A,0x0395,
0x6B04,0xE6D2,0xFEED,0xFECC,0xFEAC,0xFEAC,0xF6F2,0x72C1,0xD469,0xED0B,0xECE9,0xECE8,
0xED0B,0xCBE6,0x8C30,0xFFFF,0xFFFF,0xFFFE,0xFFFF,0xFFFE,0xFFFF,0xFFFE,0xFFBE,0x6B2B,
0x9BCC,0xAC2D,0xB46D,0xD530,0xEDB2,0xF5D2,0xE5D3,0xBC6D,0x2041,0x1800,0x2040,0x2860,
0x2040,0x2881,0xA40D,0xBCAF,0x9BCC,0x938A,0x8B4A,0x9BCC,0xCD10,0xE5D3,0xDD92,0xE591,
0xEDF3,0xC4AE,0x226B,0x6CB3,0x6B8A,0x948D,0xFE08,0xFDE7,0xEDE8,0xEDE7,0xE5C8,0xEDE7,
0xEDC8,0xEDE7,0xEDC8,0xEDC7,0xEDE8,0xEDE7,0xEDE8,0xEDE7,0xEDC8,0xEDE7,0xEDC7,0xFE48,
0x9BEA,0x9BC9,0x83F0,0x528A,0x226C,0x3B0D,0x3B0E,0x2A4A,0x1A29,0x53CF,0x5619,0x76DB,
0x66BC,0x669A,0x5E7B,0x669A,0x665A,0x6E9A,0xA73E,0xA73D,0x5E7B,0x669A,0x5E9B,0x66BB,
0x769B,0x5DF8,0xBA25,0xE369,0x8224,0xBBCA,0xFF52,0xEEF0,0xF6D0,0xF6EF,0xF713,0xBD4B,
0xB204,0xDB48,0xE2C6,0xEAE6,0xE2E6,0xEB06,0xEAE7,0xF307,0x7263,0xEE11,0xF6F0,0xF6EF,
0xEED0,0xFF51,0xAB27,0x9A64,0x82A9,0xCCF1,0xF77D,0xFFBE,0xFF5D,0xF73C,0xF73C,0xF73C,
0xF73C,0xF73B,0xF73C,0xF73B,0xF73C,0xF73B,0xFF5D,0xFFBE,0xEF5D,0xA4D3,0x7B43,0xD60D,
0xFE90,0x8280,0xD2A6,0xDAA6,0xDAA5,0xDAA5,0xD2C6,0xD2A5,0x6200,0xF690,0xF68A,0xF689,
0xF68A,0xFE89,0xF6AC,0xDE09,0x9181,0xCB27,0xDA85,0xE2A5,0xDAA6,0xDAC5,0x9141,0xD2E7,
0xDAA5,0xE2A5,0xDAA5,0xE2C5,0xDAA5,0xE2C5,0xDAA5,0xE2C5,0xDAA5,0xE2C5,0xDAA5,0xE2C5,
0xDAA6,0xD264,0x332B,0x9E97,0x14BA,0x149A,0x14BA,0x14BA,0x14BA,0x0C9A,0x14BA,0x0C9A,
0x14BA,0x0C9A,0x149A,0x0C9A,0x0CBB,0x0CBC,0x336E,0x2B4F,0xFEED,0xFECD,0xF6CD,0xF6AD,
0xFECC,0xF6AD,0xFF32,0x9406,0x71E0,0xE56F,0xECE8,0xECE9,0xED4C,0xAB45,0xA534,0xFFFF,
0xFFFF,0xF7FF,0xFFFF,0xF7FF,0xFFFF,0xFFFF,0xEF3A,0x736C,0xAC2D,0x9BCC,0x8B6B,0x6A88,
0x6A66,0x93CD,0xE614,0x51A4,0x1000,0x2041,0x2060,0x2041,0x2061,0x1000,0x59C4,0xE636,
0xEDF2,0xEDF3,0xEE13,0xEDF3,0xE5D2,0xDD92,0xE5B1,0xEDF3,0x946F,0x41E6,0x457A,0x5E1D,
0x75B8,0x33D1,0xB464,0xEE0B,0xEDE7,0xEDC8,0xEDE8,0xE5C8,0xEDE8,0xE5E8,0xEDC8,0xD526,
0xEDE8,0xE5E8,0xEDE8,0xE5E8,0xF607,0xF628,0xE5C9,0xBCA5,0x4268,0x31C7,0x226C,0x3B30,
0x3ACC,0x222A,0x22EB,0x5472,0x66BB,0x66DC,0x66BB,0x5E7B,0x5E9A,0x5E9B,0x5E9A,0x5E7B,
0x7E7A,0x977E,0x9F9F,0x765A,0x5E9A,0x5E9B,0x5EBB,0x5E9B,0x5EBB,0x66FD,0x8B8C,0x6248,
0x9C07,0xFEF4,0xF6F0,0xEED0,0xEEEF,0xEEF0,0xFF34,0x8B86,0xD2A6,0xDB08,0xE2E6,0xE2E7,
0xEB06,0xE2E7,0xEB07,0xE2E7,0x7AA2,0xF673,0xF6F0,0xEED0,0xF6EF,0xF731,0xACCE,0x7308,
0xEEFB,0xFF9F,0xF75C,0xF73C,0xF75C,0xEF3C,0xF75C,0xEF3C,0xF75C,0xEF3C,0xF75C,0xEF3C,
0xF73C,0xF73C,0xF73B,0xF73C,0xF75C,0xFFBF,0xD677,0x630B,0xBC8B,0x7A83,0xDAE6,0xD2A6,
0xDAA5,0xDAA5,0xD2E7,0xBA24,0x8301,0xF6D1,0xF68A,0xF68A,0xFE8A,0xF68A,0xFECE,0xBCE7,
0xA1C2,0xCB08,0xE2A5,0xDAA5,0xDAE6,0xCA65,0xA181,0xCB08,0xDAA5,0xDAA5,0xDAC5,0xDAC6,
0xDAC5,0xDAC6,0xDAC5,0xDAC6,0xDAC5,0xDAC6,0xE2C5,0xDAA5,0xD307,0xA9C3,0x4CF2,0x86B9,
0x14BA,0x14BA,0x14BA,0x1CBA,0x14BA,0x14BA,0x149A,0x1499,0x149A,0x1499,0x149A,0x1499,
0x147A,0x1459,0x4243,0xD6D4,0xFECD,0xFEAC,0xF6AD,0xFEAD,0xFEAC,0xFEAC,0xF713,0x9406,
0x30A0,0xB4AE,0xF509,0xF4E8,0xE54D,0x9AE3,0xBE38,0xFFFF,0xFFFF,0xFFFE,0xFFFF,0xFFFE,
0xFFFF,0xFFFF,0xD657,0x8BED,0xF5F3,0xF5D2,0xEDD2,0xF5D2,0xCD31,0x9329,0x5A28,0x2060,
0x1820,0x2860,0x2041,0x2860,0x2041,0x1800,0x4922,0xE5F4,0xE592,0xE591,0xDD92,0xE591,
0xE592,0xEDD2,0xE5F4,0x9349,0x1AEE,0x7598,0x55FC,0x55DB,0x55FC,0x5E3D,0x636A,0x7C0B,
0xF608,0xF5C7,0xEDC8,0xEDC7,0xEDC8,0xEDE7,0xEDC8,0xEDE7,0xEDC8,0xEDE7,0xF608,0xF607,
0xC52A,0x9B83,0x3A8B,0x3A6A,0x3310,0x3B2F,0x2A2A,0x21C8,0x2B8F,0x6D75,0x66DC,0x66DB,
0x5E9B,0x5E9A,0x5E7B,0x669A,0x5E7B,0x669A,0x665A,0x6EBB,0xAF3E,0xB77E,0x6EBC,0x667A,
0x5EBB,0x5E9A,0x5E7A,0x66BB,0x5EBC,0x66DB,0x7D94,0x43ED,0xFF52,0xF6D0,0xEED0,0xF6D0,
0xEECF,0xF710,0xEE11,0x82A3,0xEAE7,0xEAE6,0xE2E6,0xEB06,0xE2E6,0xEB06,0xE2E7,0xE2C6,
0x7AE4,0xFEF3,0xEED0,0xF6CF,0xF6CF,0xFF10,0xBD71,0xAD2F,0xFFBE,0xF73C,0xF73C,0xF73C,
0xF73C,0xF73C,0xF73C,0xF73C,0xF73C,0xF73C,0xF73C,0xF73C,0xF73C,0xF73C,0xF73C,0xF73B,
0xF71C,0xFF3B,0xF79E,0xEF3C,0x7226,0x71E5,0xE2C6,0xDAA5,0xDA85,0xDAA4,0xD308,0xA1A1,
0xAC65,0xFEEE,0xF66A,0xFE8A,0xF66A,0xFE89,0xFEAF,0xA3E3,0xBA04,0xD2E6,0xDA85,0xE2A4,
0xD2E7,0xB1E2,0xB1C3,0xD2E7,0xDA85,0xE2C5,0xDAA5,0xE2C5,0xDAA5,0xE2C5,0xDAA5,0xE2C5,
0xDAA5,0xE2C5,0xE2A5,0xE2A4,0xBB29,0x89A2,0x6678,0x76B8,0x1C7A,0x0C5A,0x1419,0x1439,
0x1459,0x149B,0x1CDC,0x1CDC,0x1C9B,0x149B,0x1C9B,0x14BB,0x3C98,0x02D2,0xCD29,0xFF31,
0xFEAD,0xFECD,0xFEAE,0xFECE,0xFEAD,0xFECD,0xEF35,0x62E5,0x4AAC,0x4B0E,0xFD2A,0xF4E9,
0xED4E,0x8A84,0xE6FB,0xFFFF,0xFFFF,0xFFFF,0xFFFF,0xFFFF,0xFFFF,0xFFFF,0xC553,0x9C50,
0xF5D2,0xEDB2,0xED92,0xE5B2,0xF5B2,0xF614,0xDD73,0x82C9,0x2020,0x2041,0x2821,0x2041,
0x2000,0x1800,0xABCC,0xEE15,0xED92,0xE5B3,0xED92,0xE5B3,0xFDF3,0xDD30,0x4ACC,0x5B8F,
0x661D,0x5DFD,0x5DDB,0x5DFC,0x5DFC,0x5E1D,0x7E1C,0x3435,0x9343,0xE62E,0xF5E8,0xEDE8,
0xF5C8,0xEDE9,0xF5E8,0xF629,0xFE29,0xEDA8,0xA44B,0x6AC5,0x2A2B,0x430F,0x4330,0x32CE,
0x2A09,0x3AAC,0x4CD4,0x765A,0x6EFD,0x66DC,0x669B,0x669B,0x6E9B,0x669C,0x669B,0x66BC,
0x669B,0x669C,0x9EBC,0xB79F,0xB79F,0x8E9C,0x669B,0x5E7B,0x4D78,0x4578,0x4D58,0x4558,
0x5E5B,0x66DD,0x86BA,0x4D14,0xE62F,0xF712,0xFED0,0xF6D1,0xF6D0,0xFF73,0xCBCA,0xA2E7,
0xF2E7,0xEAE8,0xEAE7,0xEB07,0xF2E7,0xEB07,0xEB28,0xD286,0xA3E7,0xFF35,0xFED0,0xF6F1,
0xFED0,0xFF31,0xCDB2,0x7B89,0xFF9E,0xF73D,0xFF7D,0xFF9E,0xFF7D,0xF75D,0xFF3C,0xF75D,
0xFF3C,0xFF5D,0xFF5D,0xF75D,0xFF3C,0xFF5D,0xFF3C,0xF75D,0xFF3C,0xFF5D,0xFF3D,0xFF9E,
0xFEFB,0x6A89,0xDA65,0xE2E7,0xE2A5,0xE2A6,0xD328,0x9161,0xDDA9,0xF6CE,0xFEAA,0xFECC,
0xFECB,0xFEAB,0xFE90,0x8B02,0xDA66,0xDAC7,0xE2A5,0xE2A6,0xDB08,0xA182,0xD265,0xDAE7,
0xE2A5,0xE2C6,0xE2C6,0xE2C6,0xE2C6,0xE2C6,0xE2C6,0xE2C6,0xE2C6,0xE2E6,0xEAA5,0xEAC6,
0xA309,0x8AA8,0x7F1B,0x6EBA,0x844C,0x948E,0xA4AC,0xA48B,0x7C2D,0x6329,0x12AF,0x2B31,
0x14BB,0x1C9B,0x149C,0x149C,0x3BD2,0x2AEE,0xFF0F,0xFEAD,0xF6CE,0xFEAE,0xFECE,0xFEAE,
0xFEAD,0xFECD,0xAE15,0x31E4,0x4C78,0x0A4F,0xE4AA,0xF4EA,0xD52F,0x8A84,0xEFBF,0xFFFF,
0xFFFF,0xFFFF,0xFFFF,0xFFFF,0xFFFF,0xFFFF,0xA470,0xB4D1,0xEDD3,0xED92,0xE5B3,0xED92,
0xE5B3,0xED92,0xEDB3,0xFE14,0x93AE,0x3040,0x30C4,0x3083,0x51A5,0xAC2F,0xEDF4,0xED93,
0xE5B3,0xED93,0xE5B3,0xF5D3,0x9471,0x5A69,0x453A,0x661D,0x55DC,0x5DDC,0x5DFC,0x5DDB,
0x55FC,0x5DDC,0x55FD,0x665E,0x63CF,0x428A,0xEDC9,0xF5C9,0xEDC8,0xF5C8,0xF60B,0xD4E6,
0x6B4B,0x5267,0x2A8F,0x3B10,0x32AE,0x2A2B,0x224B,0x53B0,0x55D9,0x7EBC,0x66DD,0x669C,
0x669C,0x667B,0x669C,0x667B,0x669C,0x669B,0x669C,0x669B,0x86BC,0xA75F,0xBF7F,0xB71E,
0x76DD,0x6E9B,0x6E3A,0x6DD9,0xC71D,0xDF9F,0xD7DF,0xC6DC,0x3517,0x665C,0x66BC,0x5E5A,
0x8C4A,0xEF35,0xF6D0,0xF6D0,0xEEF2,0xEE90,0xAA25,0xD349,0xEAE8,0xEAC7,0xE308,0xEAE7,
0xEB07,0xEAE7,0xE34A,0xC1E4,0xB50C,0xFF34,0xF6F1,0xF6D1,0xF6F1,0xFF11,0xC592,0x5A04,
0xFF7E,0xFF3D,0xF5B5,0xE4F2,0xDDD6,0xFEFB,0xF77E,0xFF5D,0xFF7E,0xFF3D,0xF71D,0xFF5D,
0xF75D,0xFF3D,0xF75D,0xFF3D,0xF75D,0xFF3D,0xF73D,0xFF3D,0xFFBF,0xD659,0x9184,0xCB09,
0xE2A6,0xE285,0xBB28,0x8961,0xF6AD,0xFEAD,0xDDCC,0xC4C8,0xBCE8,0xDDCC,0xF610,0x7A41,
0xE2C8,0xE287,0xE2A6,0xE286,0xCAE9,0x9942,0xDAC7,0xDAA6,0xE2A6,0xE2A6,0xDAC6,0xE2A6,
0xDAC6,0xE2A6,0xDAC6,0xE2A6,0xDAC7,0xE2C6,0xE2A6,0xF2C6,0x62A9,0x9C4F,0x6F1B,0x6EBA,

};

#endif
