/*
* Copyright (c) 2011, Juan Pablo del Peral (juan@huertatipografica.com.ar), with Reserved Font Names "Acme".
* This Font Software is licensed under the SIL Open Font License, Version 1.1.
* And is also available with a FAQ at: http://scripts.sil.org/OFL
*/
/*******************************************************************************
 * Size: 23 px
 * Bpp: 4
 * Opts: undefined
 ******************************************************************************/

#ifdef LV_LVGL_H_INCLUDE_SIMPLE
#include "lvgl.h"
#else
#include "lvgl.h"
#endif

#ifndef LV_FONT_ACME_REGULAR_23
#define LV_FONT_ACME_REGULAR_23 1
#endif

#if LV_FONT_ACME_REGULAR_23

/*-----------------
 *    BITMAPS
 *----------------*/

/*Store the image of the glyphs*/
static LV_ATTRIBUTE_LARGE_CONST const uint8_t glyph_bitmap[] = {
    /* U+0020 " " */

    /* U+0021 "!" */
    0x0, 0x2, 0x51, 0x3, 0xff, 0xf1, 0x4, 0xff,
    0xf0, 0x4, 0xff, 0xd0, 0x4, 0xff, 0xb0, 0x4,
    0xff, 0x90, 0x4, 0xff, 0x70, 0x4, 0xff, 0x50,
    0x4, 0xff, 0x30, 0x4, 0xff, 0x10, 0x4, 0xfe,
    0x0, 0x0, 0x10, 0x0, 0x0, 0x0, 0x0, 0x1,
    0x86, 0x0, 0xd, 0xff, 0x20, 0xf, 0xff, 0x20,
    0x9, 0xf8, 0x0,

    /* U+0022 "\"" */
    0x58, 0x70, 0x79, 0x3b, 0xf9, 0x2f, 0xf2, 0xbf,
    0x52, 0xfe, 0xc, 0xf2, 0x3f, 0xb0, 0xdd, 0x4,
    0xf6, 0xe, 0x80, 0x5f, 0x10,

    /* U+0023 "#" */
    0x0, 0x7, 0x60, 0x38, 0x10, 0x0, 0x1f, 0xa0,
    0x9f, 0x10, 0x0, 0x3f, 0x70, 0xce, 0x0, 0x4f,
    0xff, 0xff, 0xff, 0xfb, 0x39, 0xcf, 0x99, 0xfc,
    0x95, 0x0, 0xaf, 0x3, 0xf7, 0x0, 0x89, 0xef,
    0x9b, 0xfb, 0x90, 0xff, 0xff, 0xff, 0xff, 0xf0,
    0x2, 0xf8, 0xb, 0xf0, 0x0, 0x4, 0xf6, 0xd,
    0xd0, 0x0, 0x4, 0x92, 0xa, 0x60, 0x0,

    /* U+0024 "$" */
    0x0, 0x0, 0x1, 0x90, 0x0, 0x0, 0x0, 0x5c,
    0x0, 0x0, 0x0, 0x9, 0x90, 0x0, 0x3, 0xbf,
    0xfe, 0x80, 0x5, 0xff, 0xff, 0xfa, 0x0, 0xef,
    0x56, 0xee, 0x30, 0x3f, 0xd0, 0x89, 0x0, 0x1,
    0xff, 0xcd, 0x60, 0x0, 0x8, 0xff, 0xfe, 0x60,
    0x0, 0x4, 0xdf, 0xff, 0x70, 0x0, 0x7, 0xcc,
    0xfe, 0x0, 0x40, 0xb6, 0xf, 0xf0, 0x4f, 0xbf,
    0x58, 0xfb, 0x8, 0xff, 0xff, 0xfe, 0x20, 0x5,
    0xdf, 0xea, 0x10, 0x0, 0xa, 0x70, 0x0, 0x0,
    0x0, 0xe3, 0x0, 0x0, 0x0, 0xc, 0x0, 0x0,
    0x0,

    /* U+0025 "%" */
    0x0, 0x0, 0x0, 0x0, 0x0, 0x0, 0x0, 0x13,
    0x0, 0x0, 0x0, 0x0, 0x0, 0x0, 0x0, 0x0,
    0x0, 0x0, 0x9f, 0x70, 0x0, 0x0, 0x0, 0x19,
    0xef, 0xc4, 0x0, 0x0, 0x1, 0xff, 0x20, 0x0,
    0x0, 0x1, 0xef, 0xff, 0xff, 0x30, 0x0, 0x9,
    0xf9, 0x0, 0x0, 0x0, 0xa, 0xfa, 0x12, 0xdf,
    0xb0, 0x0, 0x1f, 0xf2, 0x0, 0x0, 0x0, 0x1f,
    0xf2, 0x0, 0x7f, 0xf0, 0x0, 0x9f, 0x90, 0x0,
    0x0, 0x0, 0x4f, 0xf1, 0x0, 0x6f, 0xf0, 0x1,
    0xff, 0x20, 0x0, 0x0, 0x0, 0x5f, 0xf1, 0x0,
    0x5f, 0xf0, 0x9, 0xf9, 0x2, 0xbf, 0xfa, 0x10,
    0x4f, 0xf3, 0x0, 0x7f, 0xd0, 0x1f, 0xf2, 0x3f,
    0xff, 0xff, 0xc0, 0xf, 0xfa, 0x0, 0xcf, 0x70,
    0x9f, 0x90, 0xdf, 0x81, 0x6f, 0xf5, 0x7, 0xff,
    0xee, 0xfc, 0x1, 0xff, 0x24, 0xff, 0x0, 0xd,
    0xfa, 0x0, 0x7d, 0xfd, 0x80, 0x8, 0xf9, 0x8,
    0xfd, 0x0, 0xb, 0xfc, 0x0, 0x0, 0x0, 0x0,
    0x1f, 0xf2, 0xa, 0xfc, 0x0, 0xa, 0xfc, 0x0,
    0x0, 0x0, 0x0, 0x8f, 0x90, 0x9, 0xfd, 0x0,
    0xa, 0xfa, 0x0, 0x0, 0x0, 0x1, 0xff, 0x20,
    0x7, 0xff, 0x0, 0xc, 0xf7, 0x0, 0x0, 0x0,
    0x8, 0xfa, 0x0, 0x3, 0xff, 0x60, 0x2f, 0xf1,
    0x0, 0x0, 0x0, 0x1f, 0xf2, 0x0, 0x0, 0xaf,
    0xfd, 0xff, 0x60, 0x0, 0x0, 0x0, 0x8f, 0xa0,
    0x0, 0x0, 0x8, 0xef, 0xc5, 0x0, 0x0, 0x0,
    0x1, 0xff, 0x20, 0x0, 0x0, 0x0, 0x0, 0x0,
    0x0, 0x0, 0x0, 0x8, 0xfa, 0x0, 0x0, 0x0,
    0x0, 0x0, 0x0, 0x0, 0x0, 0x0, 0x1, 0x72,
    0x0, 0x0, 0x0, 0x0, 0x0, 0x0, 0x0,

    /* U+0026 "&" */
    0x0, 0x0, 0x15, 0x64, 0x20, 0x0, 0x0, 0x0,
    0x8, 0xff, 0xff, 0xfe, 0x40, 0x0, 0x0, 0x8f,
    0xff, 0xff, 0xff, 0x20, 0x0, 0x1, 0xff, 0xa1,
    0x15, 0xd9, 0x0, 0x0, 0x3, 0xff, 0x50, 0x0,
    0x1, 0x0, 0x0, 0x0, 0xff, 0xa0, 0x0, 0x0,
    0x0, 0x0, 0x0, 0x8f, 0xf7, 0x0, 0x6f, 0xff,
    0xf9, 0x0, 0xc, 0xff, 0x80, 0x4f, 0xff, 0xf7,
    0x0, 0x3e, 0xff, 0xf9, 0x1f, 0xd2, 0x20, 0x3,
    0xff, 0x4b, 0xff, 0xaf, 0xe0, 0x0, 0xc, 0xfa,
    0x0, 0xaf, 0xff, 0xf0, 0x0, 0xf, 0xfa, 0x0,
    0x9, 0xff, 0xf0, 0x0, 0xf, 0xfe, 0x10, 0x0,
    0xbf, 0xfb, 0x0, 0xc, 0xff, 0xe7, 0x69, 0xff,
    0xff, 0xb0, 0x2, 0xef, 0xff, 0xff, 0xf6, 0xbf,
    0xf4, 0x0, 0x19, 0xdf, 0xea, 0x20, 0xb, 0x40,

    /* U+0027 "'" */
    0x58, 0x7b, 0xf9, 0xbf, 0x5c, 0xf2, 0xdd, 0xe,
    0x80,

    /* U+0028 "(" */
    0x0, 0x0, 0x10, 0x0, 0x6, 0xf4, 0x0, 0x7f,
    0xb0, 0x2, 0xfe, 0x0, 0x9, 0xf7, 0x0, 0xe,
    0xf2, 0x0, 0x1f, 0xf0, 0x0, 0x4f, 0xd0, 0x0,
    0x5f, 0xc0, 0x0, 0x6f, 0xb0, 0x0, 0x7f, 0xb0,
    0x0, 0x7f, 0xb0, 0x0, 0x6f, 0xb0, 0x0, 0x6f,
    0xc0, 0x0, 0x4f, 0xd0, 0x0, 0x3f, 0xf0, 0x0,
    0xf, 0xf2, 0x0, 0xc, 0xf6, 0x0, 0x5, 0xfd,
    0x0, 0x0, 0xbf, 0x90, 0x0, 0xa, 0xf4, 0x0,
    0x0, 0x20,

    /* U+0029 ")" */
    0x1, 0x0, 0x0, 0xd, 0xc2, 0x0, 0x5, 0xfe,
    0x10, 0x0, 0x8f, 0xb0, 0x0, 0x1f, 0xf1, 0x0,
    0xc, 0xf6, 0x0, 0x9, 0xf9, 0x0, 0x7, 0xfb,
    0x0, 0x6, 0xfc, 0x0, 0x5, 0xfd, 0x0, 0x5,
    0xfd, 0x0, 0x5, 0xfd, 0x0, 0x5, 0xfd, 0x0,
    0x6, 0xfc, 0x0, 0x7, 0xfa, 0x0, 0x9, 0xf8,
    0x0, 0xb, 0xf5, 0x0, 0xf, 0xf1, 0x0, 0x7f,
    0x90, 0x4, 0xfd, 0x10, 0xe, 0xc1, 0x0, 0x2,
    0x0, 0x0,

    /* U+002A "*" */
    0x0, 0x2, 0x20, 0x0, 0x0, 0xf8, 0x0, 0x8b,
    0x3f, 0x41, 0x17, 0xef, 0xfd, 0xf9, 0x2, 0xef,
    0xc7, 0x42, 0xdd, 0xbe, 0x0, 0x2b, 0x33, 0xf5,
    0x0, 0x0, 0x4, 0x0,

    /* U+002B "+" */
    0x0, 0x2, 0x9b, 0x0, 0x0, 0x0, 0x4, 0xff,
    0x0, 0x0, 0x0, 0x4, 0xff, 0x0, 0x0, 0x1,
    0x15, 0xff, 0x21, 0x10, 0x7f, 0xff, 0xff, 0xff,
    0xf5, 0x9f, 0xff, 0xff, 0xff, 0xf3, 0x0, 0x4,
    0xff, 0x0, 0x0, 0x0, 0x4, 0xff, 0x0, 0x0,
    0x0, 0x4, 0xff, 0x0, 0x0, 0x0, 0x2, 0x87,
    0x0, 0x0,

    /* U+002C "," */
    0x0, 0x61, 0x1e, 0xf9, 0xc, 0xfb, 0xb, 0xf8,
    0x1f, 0xe1, 0xaf, 0x30, 0x43, 0x0,

    /* U+002D "-" */
    0x0, 0x3, 0x66, 0x7d, 0xff, 0xfd, 0x9f, 0xfe,
    0xc8, 0x34, 0x10, 0x0,

    /* U+002E "." */
    0x3, 0x84, 0x1, 0xff, 0xf0, 0x4f, 0xfe, 0x0,
    0xce, 0x50,

    /* U+002F "/" */
    0x0, 0x0, 0x8, 0x61, 0x0, 0x0, 0x1f, 0xf1,
    0x0, 0x0, 0x5f, 0xd0, 0x0, 0x0, 0x9f, 0x90,
    0x0, 0x0, 0xdf, 0x50, 0x0, 0x1, 0xff, 0x10,
    0x0, 0x4, 0xfd, 0x0, 0x0, 0x8, 0xf9, 0x0,
    0x0, 0xc, 0xf5, 0x0, 0x0, 0xf, 0xf1, 0x0,
    0x0, 0x4f, 0xd0, 0x0, 0x0, 0x8f, 0xa0, 0x0,
    0x0, 0xcf, 0x60, 0x0, 0x0, 0xff, 0x20, 0x0,
    0x4, 0xfe, 0x0, 0x0, 0x8, 0xfa, 0x0, 0x0,
    0xc, 0xf6, 0x0, 0x0, 0xf, 0xf2, 0x0, 0x0,
    0x4f, 0xe0, 0x0, 0x0, 0x8f, 0xa0, 0x0, 0x0,
    0x9f, 0x60, 0x0, 0x0, 0x0, 0x0, 0x0, 0x0,

    /* U+0030 "0" */
    0x0, 0x0, 0x5, 0x89, 0x71, 0x0, 0x0, 0x0,
    0x4e, 0xff, 0xff, 0xe4, 0x0, 0x0, 0x4f, 0xff,
    0xff, 0xff, 0xf2, 0x0, 0xe, 0xfe, 0x30, 0x2c,
    0xff, 0xa0, 0x7, 0xff, 0x50, 0x0, 0x2f, 0xff,
    0x10, 0xdf, 0xf0, 0x0, 0x0, 0xef, 0xf4, 0x1f,
    0xfe, 0x0, 0x0, 0xc, 0xff, 0x63, 0xff, 0xd0,
    0x0, 0x0, 0xbf, 0xf6, 0x4f, 0xfd, 0x0, 0x0,
    0xb, 0xff, 0x54, 0xff, 0xd0, 0x0, 0x0, 0xbf,
    0xf4, 0x3f, 0xff, 0x0, 0x0, 0xc, 0xff, 0x10,
    0xff, 0xf3, 0x0, 0x0, 0xff, 0xc0, 0xa, 0xff,
    0xa0, 0x0, 0x4f, 0xf6, 0x0, 0x3f, 0xff, 0x95,
    0x6e, 0xfc, 0x0, 0x0, 0x7f, 0xff, 0xff, 0xfd,
    0x10, 0x0, 0x0, 0x4c, 0xff, 0xc7, 0x0, 0x0,

    /* U+0031 "1" */
    0x0, 0x0, 0x0, 0x0, 0x0, 0x27, 0xd8, 0x27,
    0xdf, 0xff, 0x7d, 0xff, 0xff, 0xf7, 0x68, 0x8d,
    0xff, 0x60, 0x0, 0x9f, 0xf6, 0x0, 0x9, 0xff,
    0x50, 0x0, 0x8f, 0xf4, 0x0, 0x8, 0xff, 0x40,
    0x0, 0x7f, 0xf3, 0x0, 0x7, 0xff, 0x30, 0x0,
    0x8f, 0xf4, 0x0, 0x9, 0xff, 0x50, 0x0, 0x9f,
    0xf5, 0x0, 0xa, 0xff, 0x60, 0x0, 0xbf, 0xf7,

    /* U+0032 "2" */
    0x0, 0x28, 0xcf, 0xec, 0x50, 0x0, 0x6, 0xff,
    0xff, 0xff, 0xf8, 0x0, 0xa, 0xff, 0xff, 0xff,
    0xff, 0x10, 0xd, 0xb5, 0x10, 0x2f, 0xff, 0x40,
    0x3, 0x0, 0x0, 0xe, 0xff, 0x20, 0x0, 0x0,
    0x0, 0x3f, 0xfd, 0x0, 0x0, 0x0, 0x0, 0xcf,
    0xf4, 0x0, 0x0, 0x0, 0xa, 0xff, 0x70, 0x0,
    0x0, 0x0, 0x8f, 0xf9, 0x0, 0x0, 0x0, 0x6,
    0xff, 0x90, 0x0, 0x0, 0x0, 0x4f, 0xf9, 0x0,
    0x0, 0x0, 0x3, 0xff, 0x90, 0x0, 0x0, 0x0,
    0x1e, 0xff, 0xcc, 0xcc, 0xcc, 0xc0, 0x4f, 0xff,
    0xff, 0xff, 0xff, 0xe0, 0x6f, 0xff, 0xff, 0xff,
    0xff, 0xc0,

    /* U+0033 "3" */
    0x0, 0x2, 0x44, 0x20, 0x0, 0x0, 0x7e, 0xff,
    0xff, 0xd3, 0x0, 0xc, 0xff, 0xff, 0xff, 0xf2,
    0x0, 0xd7, 0x20, 0x3e, 0xff, 0x80, 0x0, 0x0,
    0x0, 0x7f, 0xf8, 0x0, 0x0, 0x0, 0x8, 0xff,
    0x40, 0x0, 0x0, 0x15, 0xff, 0xa0, 0x0, 0x6,
    0xff, 0xff, 0xb0, 0x0, 0x0, 0x9f, 0xff, 0xff,
    0xe2, 0x0, 0x3, 0x44, 0x7d, 0xff, 0xd0, 0x0,
    0x0, 0x0, 0xd, 0xff, 0x30, 0x0, 0x0, 0x0,
    0x9f, 0xf4, 0xb, 0x20, 0x0, 0xd, 0xff, 0x25,
    0xff, 0xb7, 0x7c, 0xff, 0xa0, 0xaf, 0xff, 0xff,
    0xff, 0xc1, 0x0, 0x6b, 0xef, 0xfc, 0x60, 0x0,

    /* U+0034 "4" */
    0x0, 0x0, 0x3, 0x9b, 0xd7, 0x0, 0x0, 0x0,
    0xe, 0xff, 0xf7, 0x0, 0x0, 0x0, 0x8f, 0xff,
    0xf6, 0x0, 0x0, 0x2, 0xff, 0xbf, 0xf5, 0x0,
    0x0, 0xc, 0xf7, 0x9f, 0xf5, 0x0, 0x0, 0x6f,
    0xd0, 0x8f, 0xf4, 0x0, 0x1, 0xff, 0x40, 0x8f,
    0xf4, 0x0, 0xa, 0xfa, 0x0, 0x8f, 0xf3, 0x0,
    0x4f, 0xf1, 0x0, 0x7f, 0xf3, 0x0, 0xcf, 0xff,
    0xff, 0xff, 0xff, 0xf5, 0xef, 0xff, 0xff, 0xff,
    0xff, 0xf3, 0x44, 0x44, 0x44, 0xaf, 0xf8, 0x40,
    0x0, 0x0, 0x0, 0x9f, 0xf5, 0x0, 0x0, 0x0,
    0x0, 0xaf, 0xf6, 0x0, 0x0, 0x0, 0x0, 0xbf,
    0xf6, 0x0,

    /* U+0035 "5" */
    0x5, 0xff, 0xff, 0xff, 0xff, 0x30, 0x5f, 0xff,
    0xff, 0xff, 0xf0, 0x5, 0xff, 0x9b, 0xcd, 0xfe,
    0x0, 0x5f, 0xe0, 0x0, 0x0, 0x0, 0x5, 0xfe,
    0x0, 0x0, 0x0, 0x0, 0x5f, 0xfa, 0x74, 0x0,
    0x0, 0x5, 0xff, 0xff, 0xff, 0x70, 0x0, 0x2a,
    0xcf, 0xff, 0xff, 0xa0, 0x0, 0x0, 0x3, 0xaf,
    0xff, 0x40, 0x0, 0x0, 0x0, 0xcf, 0xf7, 0x0,
    0x0, 0x0, 0x8, 0xff, 0x70, 0x82, 0x0, 0x0,
    0xcf, 0xf2, 0x2f, 0xfb, 0x77, 0xcf, 0xfa, 0x7,
    0xff, 0xff, 0xff, 0xfb, 0x0, 0x6, 0xbe, 0xfe,
    0xb5, 0x0, 0x0,

    /* U+0036 "6" */
    0x0, 0x0, 0x0, 0x0, 0x0, 0x0, 0x0, 0x0,
    0x3, 0xea, 0x30, 0x0, 0x0, 0x0, 0x3f, 0xff,
    0xe3, 0x0, 0x0, 0x2, 0xef, 0xfc, 0x10, 0x0,
    0x0, 0xd, 0xff, 0xa0, 0x0, 0x0, 0x0, 0x9f,
    0xfa, 0x0, 0x0, 0x0, 0x2, 0xff, 0xc2, 0x55,
    0x20, 0x0, 0x9, 0xff, 0xcf, 0xff, 0xf8, 0x0,
    0xf, 0xff, 0xff, 0xff, 0xff, 0x50, 0x2f, 0xfc,
    0x41, 0x1a, 0xff, 0xc0, 0x3f, 0xf7, 0x0, 0x0,
    0xef, 0xf0, 0x3f, 0xf9, 0x0, 0x0, 0xcf, 0xf0,
    0xf, 0xfe, 0x10, 0x1, 0xff, 0xc0, 0xa, 0xff,
    0xe7, 0x7e, 0xff, 0x40, 0x1, 0xdf, 0xff, 0xff,
    0xf6, 0x0, 0x0, 0x18, 0xdf, 0xea, 0x30, 0x0,

    /* U+0037 "7" */
    0x7f, 0xff, 0xff, 0xff, 0xff, 0xa, 0xff, 0xff,
    0xff, 0xff, 0xd0, 0xcf, 0xed, 0xcb, 0xaf, 0xfa,
    0x1, 0x0, 0x0, 0x6, 0xff, 0x30, 0x0, 0x0,
    0x0, 0xef, 0xc0, 0x0, 0x0, 0x0, 0x6f, 0xf4,
    0x0, 0x0, 0x0, 0xe, 0xfc, 0x0, 0x0, 0x0,
    0x7, 0xff, 0x40, 0x0, 0x0, 0x0, 0xef, 0xd0,
    0x0, 0x0, 0x0, 0x7f, 0xf5, 0x0, 0x0, 0x0,
    0xe, 0xfe, 0x0, 0x0, 0x0, 0x7, 0xff, 0x90,
    0x0, 0x0, 0x0, 0xef, 0xf5, 0x0, 0x0, 0x0,
    0x7f, 0xff, 0x0, 0x0, 0x0, 0x2, 0x7c, 0xb0,
    0x0, 0x0, 0x0, 0x0, 0x0, 0x0, 0x0, 0x0,

    /* U+0038 "8" */
    0x0, 0x0, 0x15, 0x64, 0x0, 0x0, 0x0, 0x9,
    0xff, 0xff, 0xe5, 0x0, 0x0, 0xaf, 0xff, 0xff,
    0xff, 0x40, 0x3, 0xff, 0x81, 0x18, 0xff, 0x90,
    0x7, 0xff, 0x0, 0x0, 0xef, 0x90, 0x8, 0xff,
    0x70, 0x0, 0xff, 0x30, 0x4, 0xff, 0xfc, 0x59,
    0xf8, 0x0, 0x0, 0x9f, 0xff, 0xff, 0xd0, 0x0,
    0x0, 0xb, 0xff, 0xff, 0xfd, 0x20, 0x0, 0xaf,
    0x97, 0xdf, 0xff, 0xe0, 0x8, 0xfb, 0x0, 0x5,
    0xef, 0xf5, 0xf, 0xf8, 0x0, 0x0, 0x3f, 0xf7,
    0xf, 0xfd, 0x10, 0x0, 0x4f, 0xf4, 0xb, 0xff,
    0xe9, 0x8a, 0xff, 0xc0, 0x1, 0xdf, 0xff, 0xff,
    0xfc, 0x10, 0x0, 0x7, 0xdf, 0xfc, 0x60, 0x0,

    /* U+0039 "9" */
    0x0, 0x0, 0x35, 0x52, 0x0, 0x0, 0x4, 0xdf,
    0xff, 0xfa, 0x0, 0x5, 0xff, 0xff, 0xff, 0xfb,
    0x1, 0xff, 0xe4, 0x4, 0xef, 0xf4, 0x6f, 0xf6,
    0x0, 0x5, 0xff, 0x98, 0xff, 0x40, 0x0, 0xf,
    0xfb, 0x7f, 0xf9, 0x0, 0x0, 0xff, 0xb3, 0xff,
    0xfa, 0x79, 0xef, 0xf8, 0xa, 0xff, 0xff, 0xff,
    0xff, 0x40, 0x8, 0xef, 0xd8, 0xef, 0xe0, 0x0,
    0x0, 0x0, 0xaf, 0xf6, 0x0, 0x0, 0x0, 0x9f,
    0xfc, 0x0, 0x0, 0x0, 0xaf, 0xfe, 0x10, 0x0,
    0x2, 0xdf, 0xff, 0x30, 0x0, 0x0, 0x9f, 0xff,
    0x40, 0x0, 0x0, 0x0, 0x17, 0x40, 0x0, 0x0,

    /* U+003A ":" */
    0x3, 0x84, 0x1, 0xff, 0xf0, 0x4f, 0xfe, 0x0,
    0xce, 0x50, 0x0, 0x0, 0x0, 0x0, 0x0, 0x3,
    0x84, 0x1, 0xff, 0xf0, 0x4f, 0xfe, 0x0, 0xce,
    0x50,

    /* U+003B ";" */
    0x3, 0x84, 0x1, 0xff, 0xf0, 0x4f, 0xfe, 0x0,
    0xce, 0x50, 0x0, 0x0, 0x0, 0x0, 0x0, 0x0,
    0x61, 0x1, 0xff, 0x90, 0xc, 0xfb, 0x0, 0xbf,
    0x80, 0x1f, 0xe1, 0xa, 0xf3, 0x0, 0x42, 0x0,
    0x0,

    /* U+003C "<" */
    0x0, 0x0, 0x0, 0x0, 0x0, 0x0, 0x7, 0xa0,
    0x0, 0x0, 0x8f, 0xf4, 0x0, 0xa, 0xff, 0x70,
    0x0, 0xbf, 0xf6, 0x0, 0x1c, 0xff, 0x50, 0x0,
    0x2e, 0xff, 0x50, 0x0, 0x1, 0xdf, 0xf6, 0x0,
    0x0, 0xb, 0xff, 0x80, 0x0, 0x0, 0xaf, 0xf7,
    0x0, 0x0, 0x8, 0xc0, 0x0, 0x0, 0x0, 0x0,

    /* U+003D "=" */
    0x2, 0x22, 0x22, 0x22, 0x20, 0x7f, 0xff, 0xff,
    0xff, 0xf5, 0x9f, 0xff, 0xff, 0xff, 0xf3, 0x0,
    0x0, 0x0, 0x0, 0x0, 0x2, 0x22, 0x22, 0x22,
    0x20, 0x7f, 0xff, 0xff, 0xff, 0xf5, 0x9f, 0xff,
    0xff, 0xff, 0xf3,

    /* U+003E ">" */
    0x0, 0x0, 0x0, 0x0, 0xa, 0x80, 0x0, 0x0,
    0x5f, 0xf9, 0x0, 0x0, 0x9, 0xff, 0xb0, 0x0,
    0x0, 0x7f, 0xfd, 0x10, 0x0, 0x5, 0xff, 0xe2,
    0x0, 0x3, 0xef, 0xe2, 0x0, 0x3f, 0xfd, 0x10,
    0x4, 0xff, 0xc1, 0x0, 0x3f, 0xfb, 0x0, 0x0,
    0xa, 0x90, 0x0, 0x0, 0x0, 0x0, 0x0, 0x0,

    /* U+003F "?" */
    0x9, 0x84, 0x10, 0x0, 0x5, 0xff, 0xff, 0xa1,
    0x0, 0xcf, 0xff, 0xff, 0xe3, 0x0, 0x13, 0x8f,
    0xff, 0xc0, 0x0, 0x0, 0x4f, 0xff, 0x10, 0x0,
    0x0, 0xff, 0xf1, 0x0, 0x0, 0x3f, 0xfc, 0x0,
    0x0, 0xc, 0xff, 0x40, 0x0, 0x1b, 0xff, 0x80,
    0x0, 0xa, 0xff, 0x90, 0x0, 0x0, 0xb, 0x70,
    0x0, 0x0, 0x0, 0x0, 0x0, 0x0, 0x0, 0x0,
    0x0, 0x0, 0x0, 0x2, 0x85, 0x0, 0x0, 0x0,
    0xef, 0xf0, 0x0, 0x0, 0x2f, 0xff, 0x0, 0x0,
    0x0, 0xbf, 0x60, 0x0, 0x0,

    /* U+0040 "@" */
    0x0, 0x0, 0x0, 0x15, 0x78, 0x73, 0x0, 0x0,
    0x0, 0x0, 0x2a, 0xff, 0xff, 0xff, 0xa0, 0x0,
    0x0, 0x4, 0xff, 0xff, 0xff, 0xff, 0xf7, 0x0,
    0x0, 0x3f, 0xfc, 0x51, 0x1, 0x9f, 0xfc, 0x0,
    0x0, 0xef, 0x90, 0x0, 0x0, 0xe, 0xfe, 0x0,
    0x8, 0xfc, 0x0, 0x0, 0x0, 0xc, 0xfe, 0x0,
    0xd, 0xf4, 0x0, 0x19, 0xdf, 0xff, 0xfe, 0x0,
    0x1f, 0xf0, 0x2, 0xef, 0xdb, 0xdf, 0xfe, 0x0,
    0x3f, 0xd0, 0xb, 0xfe, 0x0, 0xb, 0xfe, 0x0,
    0x4f, 0xd0, 0xd, 0xff, 0x31, 0x6e, 0xff, 0x0,
    0x3f, 0xf0, 0xa, 0xff, 0xff, 0xfd, 0xff, 0x40,
    0x1f, 0xf3, 0x1, 0xdf, 0xff, 0x72, 0xfe, 0x50,
    0xd, 0xfb, 0x0, 0x4, 0x51, 0x0, 0x40, 0x0,
    0x7, 0xff, 0x60, 0x0, 0x0, 0x0, 0x0, 0x2,
    0x1, 0xef, 0xf8, 0x0, 0x0, 0x0, 0x5, 0xcb,
    0x0, 0x3f, 0xff, 0xe9, 0x66, 0x7a, 0xef, 0xfd,
    0x0, 0x3, 0xef, 0xff, 0xff, 0xff, 0xff, 0xd5,
    0x0, 0x0, 0x6, 0xbe, 0xff, 0xda, 0x72, 0x0,

    /* U+0041 "A" */
    0x0, 0x0, 0x0, 0x0, 0x0, 0x0, 0x0, 0x0,
    0x0, 0x0, 0x7c, 0xef, 0xb0, 0x0, 0x0, 0x0,
    0x0, 0xe, 0xff, 0xff, 0x0, 0x0, 0x0, 0x0,
    0x3, 0xff, 0xff, 0xf4, 0x0, 0x0, 0x0, 0x0,
    0x8f, 0xf6, 0xff, 0x90, 0x0, 0x0, 0x0, 0xd,
    0xfb, 0x1f, 0xfe, 0x0, 0x0, 0x0, 0x2, 0xff,
    0x70, 0xcf, 0xf2, 0x0, 0x0, 0x0, 0x6f, 0xf2,
    0x8, 0xff, 0x70, 0x0, 0x0, 0xb, 0xfd, 0x0,
    0x4f, 0xfc, 0x0, 0x0, 0x0, 0xff, 0x80, 0x0,
    0xff, 0xf1, 0x0, 0x0, 0x5f, 0xfa, 0x77, 0x7d,
    0xff, 0x50, 0x0, 0xa, 0xff, 0xff, 0xff, 0xff,
    0xfa, 0x0, 0x0, 0xff, 0xff, 0xff, 0xff, 0xff,
    0xf0, 0x0, 0x5f, 0xf5, 0x0, 0x0, 0xe, 0xff,
    0x40, 0xb, 0xff, 0x10, 0x0, 0x0, 0xaf, 0xfa,
    0x1, 0xff, 0xd0, 0x0, 0x0, 0x6, 0xff, 0xe0,
    0x6f, 0xf8, 0x0, 0x0, 0x0, 0x2f, 0xff, 0x42,
    0x45, 0x20, 0x0, 0x0, 0x0, 0x75, 0x20,

    /* U+0042 "B" */
    0x2f, 0xff, 0xff, 0xec, 0x60, 0x0, 0x1f, 0xff,
    0xff, 0xff, 0xfc, 0x0, 0x1f, 0xfe, 0x56, 0xaf,
    0xff, 0x60, 0x1f, 0xfd, 0x0, 0x9, 0xff, 0x90,
    0xf, 0xfc, 0x0, 0x6, 0xff, 0x80, 0xf, 0xfc,
    0x0, 0xa, 0xff, 0x30, 0xf, 0xfd, 0x44, 0x9f,
    0xf8, 0x0, 0xf, 0xff, 0xff, 0xff, 0xc2, 0x0,
    0xf, 0xff, 0xff, 0xff, 0xff, 0x40, 0xe, 0xfa,
    0x0, 0x17, 0xff, 0xe1, 0xe, 0xfa, 0x0, 0x0,
    0xbf, 0xf4, 0xf, 0xfb, 0x0, 0x0, 0x9f, 0xf5,
    0xf, 0xfc, 0x0, 0x0, 0xdf, 0xf2, 0xf, 0xfe,
    0x76, 0x7d, 0xff, 0xa0, 0x1f, 0xff, 0xff, 0xff,
    0xfa, 0x0, 0x1c, 0xef, 0xff, 0xea, 0x40, 0x0,

    /* U+0043 "C" */
    0x0, 0x0, 0x7, 0xcf, 0xed, 0xa4, 0x0, 0x0,
    0x3e, 0xff, 0xff, 0xff, 0xc0, 0x0, 0x2f, 0xff,
    0xff, 0xff, 0xf4, 0x0, 0xd, 0xff, 0x71, 0x3,
    0x9c, 0x0, 0x6, 0xff, 0x80, 0x0, 0x0, 0x0,
    0x0, 0xcf, 0xf1, 0x0, 0x0, 0x0, 0x0, 0x1f,
    0xfd, 0x0, 0x0, 0x0, 0x0, 0x3, 0xff, 0xc0,
    0x0, 0x0, 0x0, 0x0, 0x4f, 0xfd, 0x0, 0x0,
    0x0, 0x0, 0x4, 0xff, 0xf0, 0x0, 0x0, 0x0,
    0x0, 0x2f, 0xff, 0x40, 0x0, 0x0, 0x10, 0x0,
    0xef, 0xfb, 0x0, 0x0, 0xb, 0xd3, 0x7, 0xff,
    0xf9, 0x10, 0x1a, 0xff, 0x30, 0xd, 0xff, 0xff,
    0xff, 0xff, 0x90, 0x0, 0x1d, 0xff, 0xff, 0xff,
    0xa0, 0x0, 0x0, 0x7, 0xdf, 0xfb, 0x50, 0x0,

    /* U+0044 "D" */
    0x2f, 0xff, 0xff, 0xff, 0xd9, 0x20, 0x0, 0x1f,
    0xff, 0xff, 0xff, 0xff, 0xf6, 0x0, 0x1f, 0xff,
    0x88, 0x8b, 0xff, 0xff, 0x40, 0x1f, 0xff, 0x0,
    0x0, 0x2d, 0xff, 0xd0, 0xf, 0xff, 0x0, 0x0,
    0x3, 0xff, 0xf3, 0xf, 0xfe, 0x0, 0x0, 0x0,
    0xdf, 0xf7, 0xf, 0xfe, 0x0, 0x0, 0x0, 0xaf,
    0xf8, 0xf, 0xfd, 0x0, 0x0, 0x0, 0x9f, 0xf8,
    0xf, 0xfd, 0x0, 0x0, 0x0, 0x9f, 0xf7, 0xe,
    0xfc, 0x0, 0x0, 0x0, 0xaf, 0xf5, 0xe, 0xfc,
    0x0, 0x0, 0x0, 0xdf, 0xf1, 0xf, 0xfd, 0x0,
    0x0, 0x3, 0xff, 0xb0, 0xf, 0xfe, 0x0, 0x0,
    0x1d, 0xff, 0x30, 0xf, 0xff, 0x76, 0x68, 0xef,
    0xf7, 0x0, 0x1f, 0xff, 0xff, 0xff, 0xff, 0x60,
    0x0, 0x1c, 0xde, 0xff, 0xec, 0x81, 0x0, 0x0,

    /* U+0045 "E" */
    0x2f, 0xff, 0xff, 0xff, 0xf6, 0x1f, 0xff, 0xff,
    0xff, 0xf5, 0x1f, 0xff, 0x77, 0x77, 0x71, 0x1f,
    0xff, 0x0, 0x0, 0x0, 0xf, 0xff, 0x0, 0x0,
    0x0, 0xf, 0xff, 0x0, 0x0, 0x0, 0xf, 0xff,
    0x77, 0x77, 0x30, 0xf, 0xff, 0xff, 0xff, 0x60,
    0xf, 0xff, 0xff, 0xff, 0x40, 0xe, 0xfc, 0x0,
    0x0, 0x0, 0xe, 0xfc, 0x0, 0x0, 0x0, 0xf,
    0xfd, 0x0, 0x0, 0x0, 0xf, 0xfe, 0x0, 0x0,
    0x0, 0xf, 0xff, 0x77, 0x77, 0x73, 0x1f, 0xff,
    0xff, 0xff, 0xf6, 0x2f, 0xff, 0xff, 0xff, 0xf5,

    /* U+0046 "F" */
    0x2f, 0xff, 0xff, 0xff, 0xf1, 0x1f, 0xff, 0xff,
    0xff, 0xf0, 0x1f, 0xff, 0x77, 0x77, 0x70, 0x1f,
    0xff, 0x0, 0x0, 0x0, 0xf, 0xff, 0x0, 0x0,
    0x0, 0xf, 0xfe, 0x0, 0x0, 0x0, 0xf, 0xff,
    0x77, 0x77, 0x10, 0xf, 0xff, 0xff, 0xff, 0x20,
    0xf, 0xff, 0xff, 0xff, 0x10, 0xe, 0xfc, 0x0,
    0x0, 0x0, 0xe, 0xfd, 0x0, 0x0, 0x0, 0xf,
    0xfd, 0x0, 0x0, 0x0, 0xf, 0xfe, 0x0, 0x0,
    0x0, 0xf, 0xff, 0x0, 0x0, 0x0, 0x1f, 0xff,
    0x0, 0x0, 0x0, 0x2f, 0xff, 0x0, 0x0, 0x0,

    /* U+0047 "G" */
    0x0, 0x0, 0x4, 0xae, 0xfe, 0xca, 0x50, 0x0,
    0x1, 0xbf, 0xff, 0xff, 0xff, 0xe0, 0x0, 0x1d,
    0xff, 0xff, 0xff, 0xff, 0x80, 0x0, 0xbf, 0xfb,
    0x30, 0x2, 0x7d, 0x10, 0x5, 0xff, 0xb0, 0x0,
    0x0, 0x0, 0x0, 0xc, 0xff, 0x20, 0x0, 0x0,
    0x0, 0x0, 0xf, 0xfe, 0x0, 0x0, 0x0, 0x0,
    0x0, 0x3f, 0xfd, 0x0, 0x9, 0xff, 0xff, 0xf0,
    0x4f, 0xfd, 0x0, 0xa, 0xff, 0xff, 0xe0, 0x4f,
    0xff, 0x0, 0x4, 0x55, 0xdf, 0xd0, 0x2f, 0xff,
    0x30, 0x0, 0x0, 0xcf, 0xc0, 0xe, 0xff, 0xa0,
    0x0, 0x0, 0xcf, 0xc0, 0x7, 0xff, 0xf6, 0x0,
    0x0, 0xcf, 0xd0, 0x0, 0xdf, 0xff, 0xc8, 0x8b,
    0xff, 0xe0, 0x0, 0x1d, 0xff, 0xff, 0xff, 0xff,
    0xe0, 0x0, 0x0, 0x6b, 0xef, 0xec, 0x96, 0x10,

    /* U+0048 "H" */
    0x0, 0x3, 0x0, 0x0, 0x0, 0x0, 0x30, 0x1d,
    0xff, 0x10, 0x0, 0x2, 0xdf, 0xf0, 0x2f, 0xff,
    0x0, 0x0, 0x3, 0xff, 0xf0, 0x1f, 0xff, 0x0,
    0x0, 0x2, 0xff, 0xf0, 0x1f, 0xff, 0x0, 0x0,
    0x2, 0xff, 0xe0, 0xf, 0xff, 0x0, 0x0, 0x2,
    0xff, 0xe0, 0xf, 0xfe, 0x0, 0x0, 0x1, 0xff,
    0xd0, 0xf, 0xff, 0x77, 0x77, 0x78, 0xff, 0xc0,
    0xf, 0xff, 0xff, 0xff, 0xff, 0xff, 0xc0, 0xf,
    0xff, 0xff, 0xff, 0xff, 0xff, 0xb0, 0xe, 0xfc,
    0x0, 0x0, 0x0, 0xff, 0xb0, 0xe, 0xfc, 0x0,
    0x0, 0x0, 0xff, 0xb0, 0xf, 0xfd, 0x0, 0x0,
    0x0, 0xff, 0xc0, 0xf, 0xfe, 0x0, 0x0, 0x1,
    0xff, 0xd0, 0xf, 0xff, 0x0, 0x0, 0x1, 0xff,
    0xd0, 0x1f, 0xff, 0x0, 0x0, 0x2, 0xff, 0xe0,
    0x2f, 0xff, 0x0, 0x0, 0x3, 0xff, 0xf0,

    /* U+0049 "I" */
    0x0, 0x1, 0x1, 0xbe, 0xf1, 0x2f, 0xff, 0x1,
    0xff, 0xf0, 0x1f, 0xff, 0x0, 0xff, 0xf0, 0xf,
    0xfe, 0x0, 0xff, 0xe0, 0xf, 0xfd, 0x0, 0xff,
    0xd0, 0xe, 0xfc, 0x0, 0xef, 0xc0, 0xf, 0xfd,
    0x0, 0xff, 0xe0, 0xf, 0xff, 0x1, 0xff, 0xf0,
    0x2f, 0xff, 0x0,

    /* U+004A "J" */
    0x0, 0x0, 0x13, 0x30, 0x0, 0xaf, 0xf8, 0x0,
    0xa, 0xff, 0x80, 0x0, 0xaf, 0xf7, 0x0, 0x9,
    0xff, 0x70, 0x0, 0x9f, 0xf6, 0x0, 0x8, 0xff,
    0x60, 0x0, 0x8f, 0xf5, 0x0, 0x7, 0xff, 0x50,
    0x0, 0x7f, 0xf4, 0x0, 0x6, 0xff, 0x40, 0x0,
    0x6f, 0xf3, 0x0, 0x7, 0xff, 0x10, 0x0, 0xbf,
    0xe0, 0x6d, 0xdf, 0xf7, 0xa, 0xff, 0xfc, 0x0,
    0xcf, 0xe9, 0x10, 0x0,

    /* U+004B "K" */
    0x0, 0x1, 0x0, 0x0, 0x0, 0x0, 0x1, 0xbe,
    0xf1, 0x0, 0x0, 0xc9, 0x0, 0x2f, 0xff, 0x0,
    0x0, 0x9f, 0xfc, 0x1, 0xff, 0xf0, 0x0, 0x5f,
    0xff, 0x30, 0x1f, 0xff, 0x0, 0x2f, 0xff, 0x50,
    0x0, 0xff, 0xf0, 0xd, 0xff, 0x70, 0x0, 0xf,
    0xfe, 0xa, 0xff, 0x90, 0x0, 0x0, 0xff, 0xe7,
    0xff, 0xb0, 0x0, 0x0, 0xf, 0xff, 0xff, 0xf1,
    0x0, 0x0, 0x0, 0xff, 0xee, 0xff, 0x70, 0x0,
    0x0, 0xe, 0xfc, 0x4f, 0xff, 0x50, 0x0, 0x0,
    0xef, 0xc0, 0x9f, 0xff, 0x30, 0x0, 0xf, 0xfd,
    0x0, 0xdf, 0xfe, 0x10, 0x0, 0xff, 0xe0, 0x3,
    0xff, 0xfc, 0x0, 0xf, 0xff, 0x0, 0x7, 0xff,
    0xfa, 0x1, 0xff, 0xf0, 0x0, 0xc, 0xff, 0xe2,
    0x2f, 0xff, 0x0, 0x0, 0x2f, 0x90, 0x0, 0x0,
    0x0, 0x0, 0x0, 0x10, 0x0,

    /* U+004C "L" */
    0x0, 0x1, 0x0, 0x0, 0x1, 0xbe, 0xf1, 0x0,
    0x0, 0x2f, 0xff, 0x0, 0x0, 0x1, 0xff, 0xf0,
    0x0, 0x0, 0x1f, 0xff, 0x0, 0x0, 0x0, 0xff,
    0xf0, 0x0, 0x0, 0xf, 0xfe, 0x0, 0x0, 0x0,
    0xff, 0xe0, 0x0, 0x0, 0xf, 0xfd, 0x0, 0x0,
    0x0, 0xff, 0xd0, 0x0, 0x0, 0xe, 0xfc, 0x0,
    0x0, 0x0, 0xef, 0xc0, 0x0, 0x0, 0xf, 0xfd,
    0x0, 0x0, 0x0, 0xff, 0xe0, 0x0, 0x0, 0xf,
    0xff, 0x56, 0x79, 0x61, 0xff, 0xff, 0xff, 0xf8,
    0x2f, 0xff, 0xff, 0xff, 0x70,

    /* U+004D "M" */
    0x0, 0x0, 0x10, 0x0, 0x0, 0x0, 0x0, 0x0,
    0xad, 0xfd, 0x0, 0x0, 0x1, 0xff, 0xf4, 0x1f,
    0xff, 0xf2, 0x0, 0x0, 0x7f, 0xff, 0x41, 0xff,
    0xff, 0x70, 0x0, 0xd, 0xff, 0xf4, 0x1f, 0xff,
    0xfc, 0x0, 0x3, 0xff, 0xff, 0x41, 0xff, 0xcf,
    0xf1, 0x0, 0x9f, 0xcf, 0xf4, 0x1f, 0xf7, 0xff,
    0x60, 0xe, 0xf6, 0xff, 0x52, 0xff, 0x4c, 0xfb,
    0x5, 0xfa, 0x5f, 0xf5, 0x2f, 0xf4, 0x7f, 0xf0,
    0xbf, 0x54, 0xff, 0x52, 0xff, 0x32, 0xff, 0x7f,
    0xf0, 0x4f, 0xf5, 0x2f, 0xf3, 0xc, 0xff, 0xf9,
    0x3, 0xff, 0x53, 0xff, 0x30, 0x7f, 0xff, 0x40,
    0x3f, 0xf6, 0x4f, 0xf3, 0x2, 0xdd, 0xc0, 0x3,
    0xff, 0x74, 0xff, 0x40, 0x0, 0x0, 0x0, 0x3f,
    0xf8, 0x5f, 0xf4, 0x0, 0x0, 0x0, 0x4, 0xff,
    0x96, 0xff, 0x40, 0x0, 0x0, 0x0, 0x4f, 0xfa,
    0x7f, 0xf5, 0x0, 0x0, 0x0, 0x4, 0xff, 0xc0,

    /* U+004E "N" */
    0x0, 0x0, 0x0, 0x0, 0x0, 0x0, 0x2, 0xff,
    0xd0, 0x0, 0x0, 0x9, 0xdf, 0x1f, 0xff, 0x80,
    0x0, 0x0, 0xcf, 0xf1, 0xff, 0xff, 0x20, 0x0,
    0xc, 0xfe, 0x1f, 0xff, 0xfb, 0x0, 0x0, 0xbf,
    0xe0, 0xff, 0xff, 0xf5, 0x0, 0xb, 0xfd, 0xf,
    0xfa, 0xff, 0xe0, 0x0, 0xbf, 0xd0, 0xff, 0x69,
    0xff, 0x80, 0xa, 0xfc, 0xf, 0xf6, 0x1e, 0xff,
    0x20, 0xaf, 0xc0, 0xff, 0x60, 0x6f, 0xfc, 0x9,
    0xfb, 0xe, 0xf6, 0x0, 0xcf, 0xf5, 0x9f, 0xb0,
    0xef, 0x60, 0x2, 0xff, 0xea, 0xfb, 0xf, 0xf7,
    0x0, 0x8, 0xff, 0xff, 0xc0, 0xff, 0x80, 0x0,
    0xe, 0xff, 0xfd, 0xf, 0xf9, 0x0, 0x0, 0x5f,
    0xff, 0xd1, 0xff, 0xa0, 0x0, 0x0, 0xbf, 0xfe,
    0x2f, 0xfb, 0x0, 0x0, 0x2, 0xfc, 0x90, 0x0,
    0x0, 0x0, 0x0, 0x0, 0x0,

    /* U+004F "O" */
    0x0, 0x0, 0x7, 0xce, 0xfd, 0x91, 0x0, 0x0,
    0x0, 0x3e, 0xff, 0xff, 0xff, 0xf3, 0x0, 0x0,
    0x3f, 0xff, 0xfd, 0xff, 0xff, 0xf2, 0x0, 0xd,
    0xff, 0x70, 0x0, 0x6f, 0xff, 0xb0, 0x6, 0xff,
    0x90, 0x0, 0x0, 0x7f, 0xff, 0x10, 0xdf, 0xf2,
    0x0, 0x0, 0x0, 0xff, 0xf5, 0x1f, 0xfe, 0x0,
    0x0, 0x0, 0xc, 0xff, 0x73, 0xff, 0xd0, 0x0,
    0x0, 0x0, 0xaf, 0xf7, 0x4f, 0xfd, 0x0, 0x0,
    0x0, 0x9, 0xff, 0x64, 0xff, 0xf0, 0x0, 0x0,
    0x0, 0xaf, 0xf4, 0x2f, 0xff, 0x30, 0x0, 0x0,
    0xd, 0xff, 0x0, 0xdf, 0xfa, 0x0, 0x0, 0x3,
    0xff, 0xa0, 0x7, 0xff, 0xf6, 0x0, 0x1, 0xdf,
    0xf2, 0x0, 0xc, 0xff, 0xfb, 0x89, 0xef, 0xf7,
    0x0, 0x0, 0x1d, 0xff, 0xff, 0xff, 0xf6, 0x0,
    0x0, 0x0, 0x7, 0xcf, 0xfd, 0x82, 0x0, 0x0,

    /* U+0050 "P" */
    0x2f, 0xff, 0xff, 0xfc, 0x50, 0x1, 0xff, 0xff,
    0xff, 0xff, 0x80, 0x1f, 0xfe, 0x56, 0xbf, 0xff,
    0x31, 0xff, 0xd0, 0x0, 0xaf, 0xf8, 0xf, 0xfc,
    0x0, 0x5, 0xff, 0xa0, 0xff, 0xc0, 0x0, 0x6f,
    0xf9, 0xf, 0xfc, 0x0, 0xb, 0xff, 0x40, 0xff,
    0xc4, 0x49, 0xff, 0xc0, 0xf, 0xff, 0xff, 0xff,
    0xc1, 0x0, 0xef, 0xff, 0xfc, 0x70, 0x0, 0xe,
    0xfa, 0x0, 0x0, 0x0, 0x0, 0xff, 0xb0, 0x0,
    0x0, 0x0, 0xf, 0xfc, 0x0, 0x0, 0x0, 0x0,
    0xff, 0xc0, 0x0, 0x0, 0x0, 0x1f, 0xfd, 0x0,
    0x0, 0x0, 0x2, 0xff, 0xe0, 0x0, 0x0, 0x0,

    /* U+0051 "Q" */
    0x0, 0x0, 0x7, 0xce, 0xfd, 0x91, 0x0, 0x0,
    0x0, 0x3, 0xef, 0xff, 0xff, 0xff, 0x30, 0x0,
    0x0, 0x3f, 0xff, 0xfd, 0xff, 0xff, 0xf2, 0x0,
    0x0, 0xdf, 0xf7, 0x0, 0x6, 0xff, 0xfb, 0x0,
    0x6, 0xff, 0x90, 0x0, 0x0, 0x7f, 0xff, 0x10,
    0xd, 0xff, 0x20, 0x0, 0x0, 0xf, 0xff, 0x50,
    0x1f, 0xfe, 0x0, 0x0, 0x0, 0xc, 0xff, 0x70,
    0x3f, 0xfd, 0x0, 0x0, 0x0, 0xa, 0xff, 0x70,
    0x4f, 0xfd, 0x0, 0x3, 0x10, 0xa, 0xff, 0x60,
    0x4f, 0xff, 0x0, 0x5f, 0xc0, 0xb, 0xff, 0x30,
    0x2f, 0xff, 0x30, 0x1e, 0xfa, 0xe, 0xfe, 0x0,
    0xd, 0xff, 0xa0, 0x3, 0xff, 0xbf, 0xf7, 0x0,
    0x7, 0xff, 0xf6, 0x0, 0x7f, 0xff, 0xd0, 0x0,
    0x0, 0xcf, 0xff, 0xb8, 0x9f, 0xff, 0x60, 0x0,
    0x0, 0x1d, 0xff, 0xff, 0xff, 0xff, 0xf2, 0x0,
    0x0, 0x0, 0x7c, 0xfe, 0xc6, 0x5f, 0xfd, 0x10,
    0x0, 0x0, 0x0, 0x0, 0x0, 0x9, 0xff, 0xc0,
    0x0, 0x0, 0x0, 0x0, 0x0, 0x0, 0xdf, 0x90,
    0x0, 0x0, 0x0, 0x0, 0x0, 0x0, 0x35, 0x0,

    /* U+0052 "R" */
    0x2f, 0xff, 0xff, 0xfc, 0x50, 0x0, 0x1f, 0xff,
    0xff, 0xff, 0xf8, 0x0, 0x1f, 0xfe, 0x56, 0xaf,
    0xff, 0x30, 0x1f, 0xfd, 0x0, 0xa, 0xff, 0x80,
    0xf, 0xfc, 0x0, 0x5, 0xff, 0xa0, 0xf, 0xfc,
    0x0, 0x6, 0xff, 0x80, 0xf, 0xfc, 0x0, 0xb,
    0xff, 0x30, 0xf, 0xfc, 0x44, 0xaf, 0xfb, 0x0,
    0xf, 0xff, 0xff, 0xff, 0xc1, 0x0, 0xe, 0xff,
    0xff, 0xff, 0x10, 0x0, 0xe, 0xfa, 0x4, 0xff,
    0xa0, 0x0, 0xf, 0xfb, 0x0, 0xbf, 0xf6, 0x0,
    0xf, 0xfc, 0x0, 0x2f, 0xff, 0x20, 0xf, 0xfc,
    0x0, 0x8, 0xff, 0xd0, 0x1f, 0xfd, 0x0, 0x0,
    0xef, 0xf8, 0x2f, 0xfe, 0x0, 0x0, 0x6f, 0x81,
    0x0, 0x0, 0x0, 0x0, 0x1, 0x0,

    /* U+0053 "S" */
    0x0, 0x1, 0x8d, 0xfe, 0xd9, 0x40, 0x3, 0xef,
    0xff, 0xff, 0xfb, 0x2, 0xff, 0xff, 0xff, 0xff,
    0x40, 0x9f, 0xf4, 0x0, 0x4b, 0xc0, 0xd, 0xfe,
    0x0, 0x0, 0x0, 0x0, 0xcf, 0xf9, 0x0, 0x0,
    0x0, 0x7, 0xff, 0xfe, 0x82, 0x0, 0x0, 0xb,
    0xff, 0xff, 0xfb, 0x20, 0x0, 0x6, 0xdf, 0xff,
    0xfe, 0x20, 0x0, 0x0, 0x4a, 0xff, 0xfb, 0x0,
    0x0, 0x0, 0x4, 0xff, 0xe0, 0x38, 0x0, 0x0,
    0xd, 0xfe, 0xd, 0xfb, 0x30, 0x5, 0xff, 0x98,
    0xff, 0xff, 0xff, 0xff, 0xe1, 0x1b, 0xff, 0xff,
    0xff, 0xe3, 0x0, 0x5, 0xbe, 0xfd, 0x81, 0x0,

    /* U+0054 "T" */
    0xcf, 0xff, 0xff, 0xff, 0xff, 0xf1, 0xef, 0xff,
    0xff, 0xff, 0xff, 0xf0, 0x98, 0x76, 0xff, 0xf5,
    0x78, 0x90, 0x0, 0x0, 0xef, 0xe0, 0x0, 0x0,
    0x0, 0x0, 0xef, 0xe0, 0x0, 0x0, 0x0, 0x0,
    0xef, 0xe0, 0x0, 0x0, 0x0, 0x0, 0xef, 0xd0,
    0x0, 0x0, 0x0, 0x0, 0xdf, 0xd0, 0x0, 0x0,
    0x0, 0x0, 0xdf, 0xd0, 0x0, 0x0, 0x0, 0x0,
    0xdf, 0xd0, 0x0, 0x0, 0x0, 0x0, 0xdf, 0xd0,
    0x0, 0x0, 0x0, 0x0, 0xef, 0xe0, 0x0, 0x0,
    0x0, 0x0, 0xff, 0xf0, 0x0, 0x0, 0x0, 0x0,
    0xff, 0xf0, 0x0, 0x0, 0x0, 0x0, 0xff, 0xf0,
    0x0, 0x0, 0x0, 0x1, 0xff, 0xf1, 0x0, 0x0,

    /* U+0055 "U" */
    0x0, 0x35, 0x0, 0x0, 0x0, 0x14, 0x26, 0xff,
    0xd0, 0x0, 0x0, 0xbf, 0xf6, 0x6f, 0xfc, 0x0,
    0x0, 0xb, 0xff, 0x66, 0xff, 0xc0, 0x0, 0x0,
    0xbf, 0xf6, 0x5f, 0xfb, 0x0, 0x0, 0xa, 0xff,
    0x55, 0xff, 0xb0, 0x0, 0x0, 0xaf, 0xf5, 0x5f,
    0xfa, 0x0, 0x0, 0x9, 0xff, 0x44, 0xff, 0xa0,
    0x0, 0x0, 0x9f, 0xf4, 0x4f, 0xf9, 0x0, 0x0,
    0x8, 0xff, 0x44, 0xff, 0x80, 0x0, 0x0, 0x8f,
    0xf3, 0x3f, 0xf8, 0x0, 0x0, 0x7, 0xff, 0x33,
    0xff, 0x90, 0x0, 0x0, 0x9f, 0xf2, 0x3f, 0xfd,
    0x0, 0x0, 0xc, 0xff, 0x1, 0xff, 0xf8, 0x0,
    0x7, 0xff, 0xa0, 0xb, 0xff, 0xff, 0xdf, 0xff,
    0xe1, 0x0, 0x1d, 0xff, 0xff, 0xff, 0xe3, 0x0,
    0x0, 0x18, 0xdf, 0xfc, 0x70, 0x0, 0x0,

    /* U+0056 "V" */
    0x0, 0x1, 0x0, 0x0, 0x0, 0x11, 0x0, 0x6d,
    0xfc, 0x0, 0x0, 0x0, 0x8f, 0xe4, 0x5f, 0xff,
    0x0, 0x0, 0x0, 0xcf, 0xf1, 0x1f, 0xff, 0x30,
    0x0, 0x0, 0xff, 0xc0, 0xc, 0xff, 0x70, 0x0,
    0x4, 0xff, 0x70, 0x7, 0xff, 0xb0, 0x0, 0x9,
    0xff, 0x20, 0x3, 0xff, 0xe0, 0x0, 0xd, 0xfe,
    0x0, 0x0, 0xef, 0xf2, 0x0, 0x1f, 0xf9, 0x0,
    0x0, 0xaf, 0xf6, 0x0, 0x5f, 0xf4, 0x0, 0x0,
    0x5f, 0xfa, 0x0, 0x9f, 0xf0, 0x0, 0x0, 0x1f,
    0xfe, 0x0, 0xef, 0xb0, 0x0, 0x0, 0xc, 0xff,
    0x22, 0xff, 0x60, 0x0, 0x0, 0x8, 0xff, 0x67,
    0xff, 0x20, 0x0, 0x0, 0x4, 0xff, 0xab, 0xfe,
    0x0, 0x0, 0x0, 0x0, 0xff, 0xff, 0xf9, 0x0,
    0x0, 0x0, 0x0, 0xcf, 0xff, 0xf5, 0x0, 0x0,
    0x0, 0x0, 0x7f, 0xff, 0xf0, 0x0, 0x0,

    /* U+0057 "W" */
    0x0, 0x1, 0x0, 0x0, 0x0, 0x1, 0x0, 0x0,
    0x0, 0x10, 0x5, 0xdf, 0x80, 0x0, 0x0, 0xbe,
    0xf1, 0x0, 0x0, 0xe, 0xfa, 0x5f, 0xfb, 0x0,
    0x0, 0xd, 0xff, 0x40, 0x0, 0x1, 0xff, 0x81,
    0xff, 0xe0, 0x0, 0x0, 0xaf, 0xf7, 0x0, 0x0,
    0x5f, 0xf4, 0xd, 0xff, 0x20, 0x0, 0xd, 0xff,
    0xa0, 0x0, 0x9, 0xff, 0x0, 0x9f, 0xf5, 0x0,
    0x1, 0xff, 0xfe, 0x0, 0x0, 0xdf, 0xb0, 0x5,
    0xff, 0x80, 0x0, 0x5f, 0xff, 0xf1, 0x0, 0x1f,
    0xf7, 0x0, 0x1f, 0xfc, 0x0, 0xa, 0xff, 0xff,
    0x40, 0x4, 0xff, 0x30, 0x0, 0xdf, 0xf0, 0x0,
    0xef, 0xaf, 0xf7, 0x0, 0x8f, 0xe0, 0x0, 0x9,
    0xff, 0x30, 0x2f, 0xf2, 0xff, 0xb0, 0xc, 0xfa,
    0x0, 0x0, 0x5f, 0xf6, 0x7, 0xfd, 0xc, 0xfe,
    0x0, 0xff, 0x60, 0x0, 0x1, 0xff, 0xa0, 0xbf,
    0x90, 0x8f, 0xf2, 0x4f, 0xf2, 0x0, 0x0, 0xd,
    0xfe, 0xf, 0xf5, 0x5, 0xff, 0x69, 0xfe, 0x0,
    0x0, 0x0, 0xaf, 0xf6, 0xff, 0x10, 0x2f, 0xf9,
    0xdf, 0xa0, 0x0, 0x0, 0x6, 0xff, 0xff, 0xd0,
    0x0, 0xef, 0xff, 0xf7, 0x0, 0x0, 0x0, 0x3f,
    0xff, 0xf9, 0x0, 0xb, 0xff, 0xff, 0x30, 0x0,
    0x0, 0x0, 0xff, 0xfe, 0x50, 0x0, 0x7f, 0xff,
    0xf0, 0x0, 0x0, 0x0, 0x1, 0x0, 0x0, 0x0,
    0x0, 0x0, 0x0, 0x0, 0x0,

    /* U+0058 "X" */
    0x0, 0x0, 0x0, 0x0, 0x0, 0x10, 0x0, 0x2,
    0xc9, 0x0, 0x0, 0x2, 0xfa, 0x10, 0x5f, 0xff,
    0x30, 0x0, 0xb, 0xff, 0x80, 0x2f, 0xff, 0xd0,
    0x0, 0x4f, 0xfe, 0x0, 0x5, 0xff, 0xf7, 0x0,
    0xdf, 0xf4, 0x0, 0x0, 0x8f, 0xff, 0x28, 0xff,
    0xa0, 0x0, 0x0, 0xc, 0xff, 0xcf, 0xff, 0x10,
    0x0, 0x0, 0x1, 0xef, 0xff, 0xf6, 0x0, 0x0,
    0x0, 0x0, 0x3f, 0xff, 0xc0, 0x0, 0x0, 0x0,
    0x0, 0x2f, 0xff, 0xf2, 0x0, 0x0, 0x0, 0x0,
    0xcf, 0xff, 0xfd, 0x0, 0x0, 0x0, 0x7, 0xff,
    0xae, 0xff, 0x90, 0x0, 0x0, 0x2f, 0xfe, 0x15,
    0xff, 0xf5, 0x0, 0x0, 0xcf, 0xf6, 0x0, 0xbf,
    0xff, 0x20, 0x6, 0xff, 0xc0, 0x0, 0x1f, 0xff,
    0xc0, 0x1f, 0xff, 0x20, 0x0, 0x6, 0xff, 0xe3,
    0x6, 0xe8, 0x0, 0x0, 0x0, 0xca, 0x10, 0x0,
    0x0, 0x0, 0x0, 0x0, 0x0, 0x0,

    /* U+0059 "Y" */
    0x0, 0x11, 0x0, 0x0, 0x0, 0x20, 0x0, 0x9e,
    0xf9, 0x0, 0x0, 0x1, 0xff, 0xb0, 0x5f, 0xff,
    0x10, 0x0, 0x8, 0xff, 0x40, 0xc, 0xff, 0x70,
    0x0, 0xf, 0xfc, 0x0, 0x3, 0xff, 0xe0, 0x0,
    0x7f, 0xf3, 0x0, 0x0, 0xbf, 0xf6, 0x0, 0xef,
    0xb0, 0x0, 0x0, 0x3f, 0xfd, 0x8, 0xff, 0x30,
    0x0, 0x0, 0xb, 0xff, 0x8f, 0xfa, 0x0, 0x0,
    0x0, 0x3, 0xff, 0xff, 0xf2, 0x0, 0x0, 0x0,
    0x0, 0xcf, 0xff, 0xa0, 0x0, 0x0, 0x0, 0x0,
    0x4f, 0xff, 0x20, 0x0, 0x0, 0x0, 0x0, 0xe,
    0xfe, 0x0, 0x0, 0x0, 0x0, 0x0, 0xe, 0xff,
    0x0, 0x0, 0x0, 0x0, 0x0, 0xe, 0xff, 0x0,
    0x0, 0x0, 0x0, 0x0, 0xf, 0xff, 0x0, 0x0,
    0x0, 0x0, 0x0, 0xf, 0xff, 0x10, 0x0, 0x0,
    0x0, 0x0, 0xf, 0xff, 0x20, 0x0, 0x0,

    /* U+005A "Z" */
    0xb, 0xff, 0xff, 0xff, 0xff, 0xfc, 0x0, 0xef,
    0xff, 0xff, 0xff, 0xff, 0xa0, 0x1d, 0xdd, 0xdd,
    0xdd, 0xff, 0xf6, 0x0, 0x0, 0x0, 0x0, 0x2f,
    0xfc, 0x0, 0x0, 0x0, 0x0, 0xd, 0xff, 0x20,
    0x0, 0x0, 0x0, 0x8, 0xff, 0x60, 0x0, 0x0,
    0x0, 0x3, 0xff, 0xb0, 0x0, 0x0, 0x0, 0x0,
    0xdf, 0xe1, 0x0, 0x0, 0x0, 0x0, 0x9f, 0xf5,
    0x0, 0x0, 0x0, 0x0, 0x4f, 0xfa, 0x0, 0x0,
    0x0, 0x0, 0x1e, 0xfe, 0x0, 0x0, 0x0, 0x0,
    0xa, 0xff, 0x40, 0x0, 0x0, 0x0, 0x6, 0xff,
    0x80, 0x0, 0x0, 0x0, 0x1, 0xff, 0xfd, 0xdd,
    0xdd, 0xdd, 0xd1, 0x4f, 0xff, 0xff, 0xff, 0xff,
    0xff, 0x6, 0xff, 0xff, 0xff, 0xff, 0xff, 0xc0,

    /* U+005B "[" */
    0x25, 0x55, 0x52, 0x6f, 0xff, 0xf6, 0x6f, 0xe5,
    0x30, 0x5f, 0xc0, 0x0, 0x5f, 0xc0, 0x0, 0x5f,
    0xc0, 0x0, 0x4f, 0xc0, 0x0, 0x4f, 0xc0, 0x0,
    0x4f, 0xc0, 0x0, 0x4f, 0xc0, 0x0, 0x3f, 0xc0,
    0x0, 0x3f, 0xc0, 0x0, 0x3f, 0xc0, 0x0, 0x3f,
    0xc0, 0x0, 0x4f, 0xc0, 0x0, 0x4f, 0xc0, 0x0,
    0x4f, 0xc0, 0x0, 0x5f, 0xc0, 0x0, 0x5f, 0xc0,
    0x0, 0x5f, 0xfb, 0x93, 0x6f, 0xff, 0xf6,

    /* U+005C "\\" */
    0x17, 0x70, 0x0, 0x0, 0x2f, 0xf0, 0x0, 0x0,
    0xe, 0xf4, 0x0, 0x0, 0xa, 0xf8, 0x0, 0x0,
    0x6, 0xfc, 0x0, 0x0, 0x2, 0xff, 0x0, 0x0,
    0x0, 0xef, 0x40, 0x0, 0x0, 0xaf, 0x70, 0x0,
    0x0, 0x6f, 0xb0, 0x0, 0x0, 0x2f, 0xf0, 0x0,
    0x0, 0xe, 0xf3, 0x0, 0x0, 0xa, 0xf7, 0x0,
    0x0, 0x7, 0xfb, 0x0, 0x0, 0x3, 0xff, 0x0,
    0x0, 0x0, 0xef, 0x30, 0x0, 0x0, 0xbf, 0x70,
    0x0, 0x0, 0x7f, 0xb0, 0x0, 0x0, 0x3f, 0xe0,
    0x0, 0x0, 0xf, 0xf3, 0x0, 0x0, 0xb, 0xf6,
    0x0, 0x0, 0x7, 0xf8, 0x0, 0x0, 0x0, 0x0,

    /* U+005D "]" */
    0x55, 0x55, 0x4f, 0xff, 0xfc, 0x25, 0xaf, 0xc0,
    0x6, 0xfc, 0x0, 0x6f, 0xb0, 0x6, 0xfb, 0x0,
    0x6f, 0xb0, 0x6, 0xfa, 0x0, 0x6f, 0xa0, 0x6,
    0xfa, 0x0, 0x6f, 0xa0, 0x6, 0xf9, 0x0, 0x6f,
    0x90, 0x6, 0xf9, 0x0, 0x6f, 0xa0, 0x6, 0xfa,
    0x0, 0x6f, 0xb0, 0x6, 0xfb, 0x0, 0x6f, 0xb8,
    0xad, 0xfc, 0xff, 0xff, 0xc0,

    /* U+005E "^" */
    0x2, 0x22, 0x22, 0x22, 0x20, 0x7f, 0xff, 0xff,
    0xff, 0xf5, 0x9f, 0xff, 0xff, 0xff, 0xf3, 0x0,
    0x0, 0x0, 0x0, 0x0, 0x2, 0x22, 0x22, 0x22,
    0x20, 0x7f, 0xff, 0xff, 0xff, 0xf5, 0x9f, 0xff,
    0xff, 0xff, 0xf3,

    /* U+005F "_" */
    0x1, 0x11, 0x11, 0x11, 0x11, 0x10, 0xff, 0xff,
    0xff, 0xff, 0xfe, 0x2f, 0xff, 0xff, 0xff, 0xff,
    0xd0,

    /* U+0060 "`" */
    0xa, 0x61, 0x0, 0x0, 0xff, 0xfb, 0x60, 0x9,
    0xdf, 0xff, 0x60, 0x0, 0x3, 0x62,

    /* U+0061 "a" */
    0x0, 0x17, 0xcf, 0xea, 0x10, 0x0, 0x8f, 0xff,
    0xff, 0xfc, 0x0, 0xc, 0xfe, 0xce, 0xff, 0xf2,
    0x0, 0x44, 0x0, 0x9, 0xff, 0x40, 0x0, 0x0,
    0x0, 0x5f, 0xf5, 0x0, 0x4, 0xbf, 0xff, 0xff,
    0x50, 0x7, 0xff, 0xbc, 0xff, 0xf5, 0x2, 0xff,
    0x60, 0x5, 0xff, 0x50, 0x6f, 0xf5, 0x0, 0x6f,
    0xf5, 0x5, 0xff, 0xd6, 0xaf, 0xff, 0x80, 0xe,
    0xff, 0xff, 0x8f, 0xfe, 0x0, 0x2c, 0xfd, 0x60,
    0x9b, 0x40, 0x0, 0x0, 0x0, 0x0, 0x0, 0x0,

    /* U+0062 "b" */
    0x0, 0x11, 0x0, 0x0, 0x0, 0x7e, 0xf7, 0x0,
    0x0, 0x0, 0xaf, 0xf6, 0x0, 0x0, 0x0, 0x9f,
    0xf5, 0x0, 0x0, 0x0, 0x9f, 0xf4, 0x0, 0x0,
    0x0, 0x9f, 0xf3, 0x0, 0x0, 0x0, 0x8f, 0xf3,
    0x0, 0x0, 0x0, 0x8f, 0xf3, 0x2b, 0xfc, 0x20,
    0x8f, 0xf6, 0xff, 0xff, 0xe0, 0x7f, 0xff, 0xff,
    0xff, 0xf7, 0x7f, 0xf9, 0x31, 0x7f, 0xfb, 0x6f,
    0xf3, 0x0, 0xe, 0xfd, 0x6f, 0xf3, 0x0, 0xb,
    0xfd, 0x6f, 0xf3, 0x0, 0xa, 0xfc, 0x7f, 0xf4,
    0x0, 0xc, 0xf8, 0x7f, 0xf4, 0x0, 0x2f, 0xf3,
    0x8f, 0xfb, 0x89, 0xef, 0xa0, 0x9f, 0xff, 0xff,
    0xfc, 0x0, 0x6c, 0xef, 0xfd, 0x70, 0x0,

    /* U+0063 "c" */
    0x0, 0x2, 0xae, 0xeb, 0x30, 0x4, 0xff, 0xff,
    0xf5, 0x1, 0xff, 0xff, 0xfc, 0x0, 0x9f, 0xe3,
    0x15, 0x30, 0xf, 0xf6, 0x0, 0x0, 0x4, 0xff,
    0x30, 0x0, 0x0, 0x5f, 0xf3, 0x0, 0x0, 0x6,
    0xff, 0x60, 0x0, 0x0, 0x3f, 0xfe, 0x20, 0x4e,
    0x40, 0xef, 0xff, 0xef, 0xf5, 0x5, 0xff, 0xff,
    0xf8, 0x0, 0x5, 0xdf, 0xd5, 0x0,

    /* U+0064 "d" */
    0x0, 0x0, 0x0, 0x0, 0x2, 0x10, 0x0, 0x0,
    0x0, 0xaf, 0xf3, 0x0, 0x0, 0x0, 0xd, 0xff,
    0x30, 0x0, 0x0, 0x0, 0xcf, 0xf3, 0x0, 0x0,
    0x0, 0xb, 0xff, 0x20, 0x0, 0x0, 0x0, 0xaf,
    0xf2, 0x0, 0x0, 0x0, 0x9, 0xff, 0x10, 0x0,
    0x3b, 0xef, 0xef, 0xf1, 0x0, 0x5f, 0xff, 0xff,
    0xff, 0x10, 0x2f, 0xfe, 0xcd, 0xff, 0xf0, 0xa,
    0xfc, 0x0, 0x9, 0xff, 0x1, 0xff, 0x50, 0x0,
    0x9f, 0xf0, 0x4f, 0xf3, 0x0, 0x9, 0xff, 0x6,
    0xff, 0x30, 0x0, 0x9f, 0xf0, 0x6f, 0xf6, 0x0,
    0x9, 0xff, 0x4, 0xff, 0xd1, 0x3, 0xdf, 0xf0,
    0xf, 0xff, 0xfe, 0xff, 0xff, 0x20, 0x6f, 0xff,
    0xfb, 0x7f, 0xf7, 0x0, 0x6e, 0xf8, 0x2, 0xfb,
    0x30, 0x0, 0x0, 0x0, 0x1, 0x0,

    /* U+0065 "e" */
    0x0, 0x2, 0xae, 0xeb, 0x20, 0x0, 0x4f, 0xff,
    0xff, 0xe1, 0x1, 0xff, 0xb7, 0xcf, 0xf6, 0x9,
    0xf9, 0x0, 0x1f, 0xf8, 0xf, 0xf2, 0x1, 0x4f,
    0xf8, 0x4f, 0xfd, 0xff, 0xff, 0xf4, 0x5f, 0xfc,
    0xb9, 0x86, 0x50, 0x5f, 0xf3, 0x0, 0x0, 0x0,
    0x3f, 0xfb, 0x0, 0x4, 0xb0, 0xe, 0xff, 0xda,
    0xdf, 0xf4, 0x4, 0xff, 0xff, 0xff, 0x60, 0x0,
    0x4c, 0xfe, 0xb3, 0x0,

    /* U+0066 "f" */
    0x0, 0x0, 0x9e, 0xfd, 0x10, 0x0, 0xcf, 0xff,
    0xd0, 0x0, 0x8f, 0xfc, 0xb7, 0x0, 0xe, 0xfc,
    0x0, 0x0, 0x1, 0xff, 0xa0, 0x0, 0x0, 0x2f,
    0xf9, 0x0, 0x0, 0x2, 0xff, 0x90, 0x0, 0x6,
    0xff, 0xff, 0xff, 0x0, 0x7e, 0xff, 0xfe, 0xc0,
    0x0, 0x1f, 0xf9, 0x0, 0x0, 0x0, 0xff, 0x90,
    0x0, 0x0, 0xf, 0xf9, 0x0, 0x0, 0x0, 0xff,
    0x90, 0x0, 0x0, 0xf, 0xfa, 0x0, 0x0, 0x1,
    0xff, 0xa0, 0x0, 0x0, 0x2f, 0xfb, 0x0, 0x0,
    0x3, 0xff, 0xc0, 0x0, 0x0, 0x3f, 0xfa, 0x0,
    0x0, 0x1, 0x20, 0x0, 0x0, 0x0,

    /* U+0067 "g" */
    0x0, 0x5, 0xbf, 0xff, 0xff, 0xfb, 0x0, 0xaf,
    0xff, 0xff, 0xff, 0xfa, 0x8, 0xff, 0x75, 0x9f,
    0xfe, 0x54, 0xf, 0xf7, 0x0, 0xb, 0xff, 0x0,
    0x4f, 0xf5, 0x0, 0x9, 0xff, 0x0, 0x3f, 0xf9,
    0x0, 0xc, 0xfa, 0x0, 0xe, 0xff, 0xc9, 0xcf,
    0xe1, 0x0, 0x4, 0xef, 0xff, 0xfc, 0x10, 0x0,
    0x0, 0x4, 0xef, 0x90, 0x0, 0x0, 0x0, 0x7,
    0xff, 0xa2, 0x0, 0x0, 0x0, 0x4, 0xff, 0xff,
    0xb3, 0x0, 0x0, 0x4b, 0xff, 0xef, 0xff, 0x70,
    0x9, 0xfe, 0x61, 0x6, 0xff, 0xf2, 0x4f, 0xf7,
    0x0, 0x0, 0xcf, 0xf3, 0x6f, 0xfd, 0x41, 0x27,
    0xff, 0xe0, 0x1e, 0xff, 0xff, 0xff, 0xfe, 0x20,
    0x1, 0x8d, 0xff, 0xec, 0x70, 0x0,

    /* U+0068 "h" */
    0x0, 0x11, 0x0, 0x0, 0x0, 0x8e, 0xf7, 0x0,
    0x0, 0x0, 0xaf, 0xf6, 0x0, 0x0, 0x0, 0x9f,
    0xf5, 0x0, 0x0, 0x0, 0x9f, 0xf4, 0x0, 0x0,
    0x0, 0x9f, 0xf3, 0x0, 0x0, 0x0, 0x8f, 0xf3,
    0x0, 0x0, 0x0, 0x8f, 0xf3, 0x8, 0xef, 0x90,
    0x8f, 0xf4, 0xdf, 0xff, 0xf6, 0x7f, 0xfe, 0xff,
    0xff, 0xfa, 0x7f, 0xfd, 0x63, 0x8f, 0xfb, 0x6f,
    0xf3, 0x0, 0xf, 0xfb, 0x6f, 0xf3, 0x0, 0xf,
    0xfa, 0x6f, 0xf3, 0x0, 0xf, 0xfa, 0x7f, 0xf4,
    0x0, 0xf, 0xfb, 0x8f, 0xf5, 0x0, 0x1f, 0xfb,
    0x8f, 0xf5, 0x0, 0x1f, 0xfc, 0x9f, 0xf6, 0x0,
    0x2f, 0xfd, 0x78, 0x51, 0x0, 0x2b, 0x85,

    /* U+0069 "i" */
    0x2d, 0xe5, 0xbf, 0xfb, 0xbf, 0xf9, 0x3c, 0xa1,
    0x0, 0x0, 0x3, 0x63, 0xaf, 0xf5, 0x9f, 0xf5,
    0x8f, 0xf4, 0x8f, 0xf3, 0x7f, 0xf2, 0x6f, 0xf2,
    0x7f, 0xf3, 0x8f, 0xf3, 0x8f, 0xf4, 0x9f, 0xf5,
    0xaf, 0xe4, 0x21, 0x0,

    /* U+006A "j" */
    0x0, 0x2, 0xcf, 0x50, 0x0, 0xaf, 0xfb, 0x0,
    0xb, 0xff, 0x90, 0x0, 0x3c, 0xa1, 0x0, 0x0,
    0x0, 0x0, 0x0, 0x2, 0x53, 0x0, 0x9, 0xff,
    0x60, 0x0, 0x9f, 0xf5, 0x0, 0x8, 0xff, 0x40,
    0x0, 0x7f, 0xf3, 0x0, 0x7, 0xff, 0x30, 0x0,
    0x6f, 0xf2, 0x0, 0x6, 0xff, 0x30, 0x0, 0x6f,
    0xf4, 0x0, 0x6, 0xff, 0x40, 0x0, 0x5f, 0xf5,
    0x0, 0x5, 0xff, 0x60, 0x0, 0x5f, 0xf6, 0x0,
    0x6, 0xff, 0x40, 0x0, 0x9f, 0xf0, 0x3c, 0xbf,
    0xf8, 0x7, 0xff, 0xfd, 0x0, 0x9f, 0xfa, 0x10,
    0x0,

    /* U+006B "k" */
    0x0, 0x0, 0x0, 0x0, 0x0, 0x5, 0xad, 0x70,
    0x0, 0x0, 0x0, 0xaf, 0xf7, 0x0, 0x0, 0x0,
    0xa, 0xff, 0x60, 0x0, 0x0, 0x0, 0x9f, 0xf6,
    0x0, 0x0, 0x0, 0x9, 0xff, 0x50, 0x0, 0x0,
    0x0, 0x8f, 0xf5, 0x0, 0x0, 0x0, 0x8, 0xff,
    0x40, 0x0, 0x86, 0x0, 0x8f, 0xf4, 0x0, 0x7f,
    0xf9, 0x7, 0xff, 0x40, 0x5f, 0xfd, 0x20, 0x7f,
    0xf3, 0x4f, 0xfd, 0x10, 0x7, 0xff, 0x6f, 0xfc,
    0x10, 0x0, 0x6f, 0xff, 0xff, 0x20, 0x0, 0x6,
    0xff, 0x8f, 0xfc, 0x0, 0x0, 0x7f, 0xf4, 0xaf,
    0xfa, 0x0, 0x8, 0xff, 0x41, 0xef, 0xf7, 0x0,
    0x8f, 0xf5, 0x5, 0xff, 0xf5, 0x9, 0xff, 0x60,
    0xa, 0xff, 0xc0, 0x9c, 0x93, 0x0, 0x1e, 0x90,
    0x0, 0x0, 0x0, 0x0, 0x0, 0x0,

    /* U+006C "l" */
    0x0, 0x0, 0x5a, 0xd7, 0xaf, 0xf7, 0xaf, 0xf6,
    0x9f, 0xf6, 0x9f, 0xf5, 0x8f, 0xf5, 0x8f, 0xf5,
    0x8f, 0xf4, 0x7f, 0xf4, 0x7f, 0xf3, 0x7f, 0xf3,
    0x6f, 0xf3, 0x6f, 0xf3, 0x7f, 0xf4, 0x8f, 0xf4,
    0x8f, 0xf5, 0x9f, 0xf6, 0x9c, 0x93,

    /* U+006D "m" */
    0x0, 0x0, 0x0, 0x0, 0x0, 0x0, 0x0, 0x0,
    0x8, 0xde, 0x0, 0x8e, 0xe8, 0x0, 0x5c, 0xfc,
    0x20, 0xcf, 0xf2, 0xdf, 0xff, 0xf5, 0x8f, 0xff,
    0xfc, 0xa, 0xff, 0xdf, 0xff, 0xff, 0xef, 0xff,
    0xff, 0xf1, 0x8f, 0xfc, 0x53, 0x9f, 0xff, 0x83,
    0x4e, 0xff, 0x28, 0xff, 0x20, 0x1, 0xff, 0xa0,
    0x0, 0xaf, 0xf1, 0x7f, 0xf2, 0x0, 0xf, 0xf9,
    0x0, 0x9, 0xff, 0x6, 0xff, 0x20, 0x0, 0xff,
    0x90, 0x0, 0x9f, 0xf0, 0x7f, 0xf3, 0x0, 0x1f,
    0xfa, 0x0, 0xa, 0xff, 0x18, 0xff, 0x40, 0x1,
    0xff, 0xb0, 0x0, 0xaf, 0xf2, 0x9f, 0xf5, 0x0,
    0x2f, 0xfb, 0x0, 0xb, 0xff, 0x2a, 0xff, 0x50,
    0x3, 0xff, 0xc0, 0x0, 0xcf, 0xf3, 0x78, 0x51,
    0x0, 0x3b, 0x84, 0x0, 0xa, 0x96, 0x10,

    /* U+006E "n" */
    0x0, 0x0, 0x0, 0x0, 0x0, 0x8d, 0xe0, 0x8,
    0xee, 0x80, 0xcf, 0xf2, 0xdf, 0xff, 0xf5, 0xaf,
    0xfd, 0xff, 0xff, 0xfa, 0x8f, 0xfc, 0x53, 0x9f,
    0xfb, 0x8f, 0xf2, 0x0, 0x1f, 0xfa, 0x7f, 0xf2,
    0x0, 0xf, 0xf9, 0x6f, 0xf2, 0x0, 0xf, 0xf9,
    0x7f, 0xf3, 0x0, 0x1f, 0xfa, 0x8f, 0xf4, 0x0,
    0x1f, 0xfb, 0x9f, 0xf5, 0x0, 0x2f, 0xfb, 0xaf,
    0xf5, 0x0, 0x3f, 0xfc, 0x78, 0x51, 0x0, 0x3b,
    0x84,

    /* U+006F "o" */
    0x0, 0x3, 0xbf, 0xfb, 0x40, 0x0, 0x4, 0xff,
    0xff, 0xff, 0x50, 0x2, 0xff, 0xff, 0xff, 0xfe,
    0x0, 0xaf, 0xe3, 0x2, 0xef, 0xf4, 0xf, 0xf7,
    0x0, 0x6, 0xff, 0x63, 0xff, 0x40, 0x0, 0x3f,
    0xf6, 0x5f, 0xf4, 0x0, 0x2, 0xff, 0x45, 0xff,
    0x70, 0x0, 0x4f, 0xf1, 0x2f, 0xfe, 0x10, 0xb,
    0xfc, 0x0, 0xcf, 0xfe, 0xad, 0xff, 0x30, 0x3,
    0xff, 0xff, 0xff, 0x70, 0x0, 0x2, 0xbf, 0xfc,
    0x40, 0x0,

    /* U+0070 "p" */
    0x0, 0x0, 0x0, 0x0, 0x0, 0x7c, 0xf0, 0x2b,
    0xfc, 0x30, 0xbf, 0xf4, 0xef, 0xff, 0xe1, 0x9f,
    0xff, 0xff, 0xff, 0xf8, 0x8f, 0xfa, 0x31, 0x6f,
    0xfc, 0x7f, 0xf3, 0x0, 0xd, 0xfe, 0x6f, 0xf3,
    0x0, 0xa, 0xfe, 0x5f, 0xf3, 0x0, 0xa, 0xfd,
    0x6f, 0xf3, 0x0, 0xb, 0xf9, 0x6f, 0xf4, 0x0,
    0x2f, 0xf4, 0x7f, 0xfc, 0x99, 0xef, 0xb0, 0x7f,
    0xff, 0xff, 0xfd, 0x10, 0x8f, 0xff, 0xfd, 0x80,
    0x0, 0x8f, 0xf6, 0x0, 0x0, 0x0, 0x9f, 0xf6,
    0x0, 0x0, 0x0, 0x9f, 0xf7, 0x0, 0x0, 0x0,
    0xaf, 0xf7, 0x0, 0x0, 0x0, 0x9c, 0x93, 0x0,
    0x0, 0x0,

    /* U+0071 "q" */
    0x0, 0x0, 0x0, 0x0, 0x0, 0x0, 0x0, 0x3b,
    0xef, 0xcc, 0xf3, 0x0, 0x5f, 0xff, 0xff, 0xff,
    0x20, 0x2f, 0xfe, 0xcd, 0xff, 0xf1, 0xa, 0xfc,
    0x0, 0xc, 0xff, 0x1, 0xff, 0x50, 0x0, 0xbf,
    0xf0, 0x4f, 0xf3, 0x0, 0xa, 0xff, 0x6, 0xff,
    0x30, 0x0, 0x9f, 0xf0, 0x6f, 0xf6, 0x0, 0x9,
    0xff, 0x4, 0xff, 0xd1, 0x3, 0xdf, 0xf0, 0xf,
    0xff, 0xfe, 0xff, 0xff, 0x0, 0x7f, 0xff, 0xfb,
    0xaf, 0xf1, 0x0, 0x6e, 0xf9, 0x9, 0xff, 0x10,
    0x0, 0x0, 0x0, 0xaf, 0xf2, 0x0, 0x0, 0x0,
    0xb, 0xff, 0x20, 0x0, 0x0, 0x0, 0xcf, 0xf2,
    0x0, 0x0, 0x0, 0xd, 0xff, 0x30, 0x0, 0x0,
    0x0, 0xcb, 0x81,

    /* U+0072 "r" */
    0x0, 0x0, 0x0, 0x0, 0x8c, 0xe0, 0x6, 0xd0,
    0xcf, 0xf0, 0x7f, 0xf0, 0xaf, 0xf5, 0xff, 0xe0,
    0x8f, 0xff, 0xfb, 0x80, 0x8f, 0xf9, 0x0, 0x0,
    0x7f, 0xf2, 0x0, 0x0, 0x6f, 0xf2, 0x0, 0x0,
    0x7f, 0xf3, 0x0, 0x0, 0x8f, 0xf4, 0x0, 0x0,
    0x9f, 0xf5, 0x0, 0x0, 0xaf, 0xf5, 0x0, 0x0,
    0x78, 0x51, 0x0, 0x0,

    /* U+0073 "s" */
    0x0, 0x19, 0xef, 0xd9, 0x20, 0x2e, 0xff, 0xff,
    0xf3, 0xc, 0xfc, 0x7b, 0xfa, 0x0, 0xff, 0x70,
    0x3, 0x10, 0xe, 0xff, 0xa3, 0x0, 0x0, 0x6f,
    0xff, 0xfb, 0x10, 0x0, 0x5d, 0xff, 0xfd, 0x0,
    0x0, 0x5, 0xdf, 0xf4, 0x7, 0x70, 0x1, 0xff,
    0x55, 0xff, 0xc7, 0xaf, 0xf1, 0x6f, 0xff, 0xff,
    0xf5, 0x0, 0x4b, 0xff, 0xb3, 0x0,

    /* U+0074 "t" */
    0x0, 0x0, 0x0, 0x0, 0x0, 0x7c, 0xf4, 0x0,
    0x0, 0xcf, 0xf2, 0x0, 0x0, 0xcf, 0xf1, 0x0,
    0x2f, 0xff, 0xff, 0xfb, 0x4e, 0xff, 0xfe, 0xe9,
    0x0, 0xcf, 0xe0, 0x0, 0x0, 0xcf, 0xe0, 0x0,
    0x0, 0xcf, 0xe0, 0x0, 0x0, 0xcf, 0xd0, 0x0,
    0x0, 0xcf, 0xd0, 0x0, 0x0, 0xdf, 0xe0, 0x0,
    0x0, 0xdf, 0xfc, 0xc4, 0x0, 0x8f, 0xff, 0xf5,
    0x0, 0xa, 0xfd, 0x50,

    /* U+0075 "u" */
    0x48, 0xb3, 0x0, 0x25, 0x85, 0xcf, 0xf3, 0x0,
    0x9f, 0xf6, 0xbf, 0xf2, 0x0, 0x8f, 0xf6, 0xaf,
    0xf2, 0x0, 0x8f, 0xf5, 0xaf, 0xf1, 0x0, 0x7f,
    0xf4, 0x9f, 0xf0, 0x0, 0x6f, 0xf3, 0x9f, 0xf0,
    0x0, 0x6f, 0xf3, 0x9f, 0xf0, 0x0, 0x5f, 0xf3,
    0xaf, 0xf4, 0x1, 0xaf, 0xf4, 0x9f, 0xff, 0xef,
    0xef, 0xf7, 0x5f, 0xff, 0xfc, 0x2f, 0xfc, 0x7,
    0xee, 0x80, 0xa, 0xa3, 0x0, 0x0, 0x0, 0x0,
    0x0,

    /* U+0076 "v" */
    0x49, 0xc7, 0x0, 0x8, 0xdb, 0x37, 0xff, 0xa0,
    0x0, 0xcf, 0xf1, 0x2f, 0xfd, 0x0, 0xf, 0xfc,
    0x0, 0xef, 0xf1, 0x3, 0xff, 0x70, 0x9, 0xff,
    0x40, 0x6f, 0xf2, 0x0, 0x4f, 0xf7, 0xa, 0xfd,
    0x0, 0x0, 0xff, 0xa0, 0xdf, 0x90, 0x0, 0xc,
    0xfe, 0x1f, 0xf5, 0x0, 0x0, 0x8f, 0xf7, 0xff,
    0x10, 0x0, 0x4, 0xff, 0xff, 0xc0, 0x0, 0x0,
    0x1f, 0xff, 0xf8, 0x0, 0x0, 0x0, 0xcd, 0xcb,
    0x30, 0x0,

    /* U+0077 "w" */
    0x49, 0xc5, 0x0, 0x7, 0xac, 0x0, 0x4, 0xdb,
    0x57, 0xff, 0x80, 0x0, 0xef, 0xf1, 0x0, 0x7f,
    0xf4, 0x3f, 0xfb, 0x0, 0xb, 0xff, 0x40, 0xb,
    0xff, 0x0, 0xef, 0xe0, 0x0, 0xff, 0xf7, 0x0,
    0xef, 0xb0, 0xa, 0xff, 0x10, 0x4f, 0xff, 0xa0,
    0x1f, 0xf6, 0x0, 0x5f, 0xf4, 0x9, 0xff, 0xfd,
    0x5, 0xff, 0x20, 0x1, 0xff, 0x80, 0xef, 0xaf,
    0xf1, 0x8f, 0xd0, 0x0, 0xd, 0xfb, 0x3f, 0xf3,
    0xff, 0x4c, 0xf9, 0x0, 0x0, 0x9f, 0xf8, 0xfb,
    0xf, 0xf8, 0xff, 0x50, 0x0, 0x6, 0xff, 0xff,
    0x60, 0xcf, 0xff, 0xf1, 0x0, 0x0, 0x2f, 0xff,
    0xf2, 0x8, 0xff, 0xfd, 0x0, 0x0, 0x0, 0xdd,
    0xc9, 0x0, 0x5e, 0xdb, 0x60, 0x0,

    /* U+0078 "x" */
    0x0, 0x73, 0x0, 0x1, 0xa2, 0x2, 0xcf, 0xd0,
    0x0, 0xbf, 0xf3, 0x2f, 0xff, 0x80, 0x6f, 0xfb,
    0x0, 0x4f, 0xff, 0x4f, 0xfe, 0x10, 0x0, 0x7f,
    0xff, 0xff, 0x30, 0x0, 0x0, 0xaf, 0xff, 0x60,
    0x0, 0x0, 0x5, 0xff, 0xf6, 0x0, 0x0, 0x2,
    0xff, 0xff, 0xf4, 0x0, 0x0, 0xdf, 0xf8, 0xff,
    0xe2, 0x0, 0x9f, 0xf6, 0xb, 0xff, 0xd0, 0x5f,
    0xfb, 0x0, 0x1e, 0xff, 0x61, 0xae, 0x10, 0x0,
    0x5e, 0x40, 0x0, 0x10, 0x0, 0x0, 0x0, 0x0,

    /* U+0079 "y" */
    0x0, 0x30, 0x0, 0x1, 0x42, 0xb, 0xff, 0x40,
    0x0, 0x7f, 0xf6, 0x7f, 0xf9, 0x0, 0xb, 0xff,
    0x11, 0xff, 0xe0, 0x0, 0xff, 0xb0, 0xa, 0xff,
    0x30, 0x5f, 0xf5, 0x0, 0x4f, 0xf7, 0xa, 0xfe,
    0x0, 0x0, 0xdf, 0xc0, 0xef, 0x90, 0x0, 0x7,
    0xff, 0x6f, 0xf3, 0x0, 0x0, 0x1f, 0xff, 0xfd,
    0x0, 0x0, 0x0, 0xbf, 0xff, 0x70, 0x0, 0x0,
    0x6, 0xff, 0xf1, 0x0, 0x0, 0x0, 0x1f, 0xfb,
    0x0, 0x0, 0x0, 0x5, 0xff, 0x50, 0x0, 0x0,
    0x0, 0xcf, 0xf0, 0x0, 0x0, 0x0, 0x3f, 0xfa,
    0x0, 0x0, 0x0, 0xa, 0xff, 0x50, 0x0, 0x0,
    0x2, 0xff, 0xf0, 0x0, 0x0, 0x0, 0x3, 0x66,
    0x0, 0x0, 0x0,

    /* U+007A "z" */
    0x0, 0x0, 0x0, 0x1, 0x20, 0xd, 0xff, 0xff,
    0xff, 0xe0, 0x1f, 0xff, 0xff, 0xff, 0xb0, 0x2a,
    0xaa, 0xac, 0xff, 0x70, 0x0, 0x0, 0xc, 0xfc,
    0x0, 0x0, 0x0, 0x8f, 0xf2, 0x0, 0x0, 0x3,
    0xff, 0x60, 0x0, 0x0, 0xd, 0xfb, 0x0, 0x0,
    0x0, 0x9f, 0xe1, 0x0, 0x0, 0x4, 0xff, 0x50,
    0x0, 0x0, 0xe, 0xff, 0xaa, 0xaa, 0xa2, 0x3f,
    0xff, 0xff, 0xff, 0xf1, 0x5f, 0xff, 0xff, 0xff,
    0xe0,

    /* U+007B "{" */
    0x0, 0x2a, 0xdf, 0x0, 0x2f, 0xfe, 0xa0, 0x9,
    0xfc, 0x0, 0x0, 0xbf, 0x90, 0x0, 0xa, 0xfb,
    0x0, 0x0, 0x6f, 0xf0, 0x0, 0x1, 0xff, 0x30,
    0x0, 0xd, 0xf5, 0x0, 0x0, 0xdf, 0x30, 0x1,
    0xaf, 0xc0, 0x0, 0x5f, 0xf4, 0x0, 0x0, 0x6f,
    0xe0, 0x0, 0x0, 0xcf, 0x40, 0x0, 0xe, 0xf5,
    0x0, 0x2, 0xff, 0x20, 0x0, 0x7f, 0xe0, 0x0,
    0xa, 0xfa, 0x0, 0x0, 0xbf, 0x90, 0x0, 0x8,
    0xfe, 0x30, 0x0, 0x1d, 0xff, 0xf0, 0x0, 0x6,
    0xa9, 0x0,

    /* U+007C "|" */
    0x19, 0xa2, 0xff, 0x2f, 0xf2, 0xff, 0x2f, 0xf2,
    0xff, 0x2f, 0xf2, 0xff, 0x2f, 0xf2, 0xff, 0x2f,
    0xf2, 0xff, 0x2f, 0xf2, 0xff, 0x2f, 0xf2, 0xff,
    0x2f, 0xf2, 0xff, 0x2f, 0xf2, 0xff, 0x2f, 0xf0,
    0x43,

    /* U+007D "}" */
    0x7f, 0xc6, 0x0, 0x7d, 0xff, 0x80, 0x0, 0x6f,
    0xf0, 0x0, 0x3f, 0xf2, 0x0, 0x5f, 0xf0, 0x0,
    0x9f, 0xc0, 0x0, 0xdf, 0x70, 0x0, 0xff, 0x40,
    0x0, 0xdf, 0x30, 0x0, 0x6f, 0xd5, 0x0, 0xd,
    0xfa, 0x0, 0x8f, 0xa1, 0x0, 0xef, 0x30, 0x0,
    0xef, 0x40, 0x0, 0xcf, 0x80, 0x0, 0x8f, 0xd0,
    0x0, 0x4f, 0xf1, 0x0, 0x3f, 0xf1, 0x1, 0x9f,
    0xe0, 0x7f, 0xff, 0x50, 0x6a, 0x72, 0x0,

    /* U+007E "~" */
    0x0, 0x0, 0x0, 0x0, 0x0, 0x2, 0xce, 0xa6,
    0x25, 0xd1, 0x2e, 0xff, 0xff, 0xff, 0xc1, 0x5c,
    0x33, 0x7b, 0xea, 0x0, 0x0, 0x0, 0x0, 0x0,
    0x0,

    /* U+F001 "" */
    0x0, 0x0, 0x0, 0x0, 0x0, 0x0, 0x0, 0x0,
    0x0, 0x0, 0x0, 0x0, 0x0, 0x0, 0x0, 0x0,
    0x0, 0x0, 0x0, 0x0, 0x0, 0x38, 0xdf, 0xb0,
    0x0, 0x0, 0x0, 0x0, 0x0, 0x0, 0x0, 0x15,
    0xae, 0xff, 0xff, 0xf1, 0x0, 0x0, 0x0, 0x0,
    0x0, 0x2, 0x7c, 0xff, 0xff, 0xff, 0xff, 0xf1,
    0x0, 0x0, 0x0, 0x0, 0x49, 0xdf, 0xff, 0xff,
    0xff, 0xff, 0xff, 0xf1, 0x0, 0x0, 0x0, 0x8f,
    0xff, 0xff, 0xff, 0xff, 0xff, 0xff, 0xff, 0xf1,
    0x0, 0x0, 0x0, 0xff, 0xff, 0xff, 0xff, 0xff,
    0xff, 0xff, 0xff, 0xf1, 0x0, 0x0, 0x1, 0xff,
    0xff, 0xff, 0xff, 0xff, 0xfe, 0xa5, 0xdf, 0xf1,
    0x0, 0x0, 0x1, 0xff, 0xff, 0xff, 0xff, 0xc8,
    0x30, 0x0, 0xcf, 0xf1, 0x0, 0x0, 0x1, 0xff,
    0xff, 0xfb, 0x61, 0x0, 0x0, 0x0, 0xcf, 0xf1,
    0x0, 0x0, 0x1, 0xff, 0xe4, 0x0, 0x0, 0x0,
    0x0, 0x0, 0xcf, 0xf1, 0x0, 0x0, 0x1, 0xff,
    0xc0, 0x0, 0x0, 0x0, 0x0, 0x0, 0xcf, 0xf1,
    0x0, 0x0, 0x1, 0xff, 0xc0, 0x0, 0x0, 0x0,
    0x0, 0x0, 0xcf, 0xf1, 0x0, 0x0, 0x1, 0xff,
    0xc0, 0x0, 0x0, 0x0, 0x0, 0x0, 0xcf, 0xf1,
    0x0, 0x0, 0x1, 0xff, 0xc0, 0x0, 0x0, 0x0,
    0x0, 0x0, 0xcf, 0xf1, 0x0, 0x0, 0x1, 0xff,
    0xc0, 0x0, 0x0, 0x0, 0x49, 0xba, 0xef, 0xf1,
    0x0, 0x0, 0x1, 0xff, 0xc0, 0x0, 0x0, 0xb,
    0xff, 0xff, 0xff, 0xf1, 0x0, 0x0, 0x1, 0xff,
    0xc0, 0x0, 0x0, 0x6f, 0xff, 0xff, 0xff, 0xf1,
    0x1, 0x8c, 0xdc, 0xff, 0xc0, 0x0, 0x0, 0x7f,
    0xff, 0xff, 0xff, 0xf0, 0x3f, 0xff, 0xff, 0xff,
    0xc0, 0x0, 0x0, 0x1e, 0xff, 0xff, 0xff, 0x80,
    0xbf, 0xff, 0xff, 0xff, 0xc0, 0x0, 0x0, 0x1,
    0x8d, 0xfe, 0xb4, 0x0, 0xbf, 0xff, 0xff, 0xff,
    0xb0, 0x0, 0x0, 0x0, 0x0, 0x0, 0x0, 0x0,
    0x3f, 0xff, 0xff, 0xfe, 0x30, 0x0, 0x0, 0x0,
    0x0, 0x0, 0x0, 0x0, 0x1, 0x8c, 0xdc, 0x81,
    0x0, 0x0, 0x0, 0x0, 0x0, 0x0, 0x0, 0x0,

    /* U+F008 "" */
    0x11, 0x0, 0x34, 0x44, 0x44, 0x44, 0x44, 0x44,
    0x44, 0x20, 0x1, 0x1e, 0x70, 0xc, 0xff, 0xff,
    0xff, 0xff, 0xff, 0xff, 0xfa, 0x0, 0x7e, 0xff,
    0xdd, 0xff, 0xfe, 0xee, 0xee, 0xee, 0xee, 0xff,
    0xfd, 0xdf, 0xff, 0xda, 0xaf, 0xf6, 0x0, 0x0,
    0x0, 0x0, 0x9, 0xfe, 0xaa, 0xdf, 0xf7, 0x0,
    0xcf, 0x60, 0x0, 0x0, 0x0, 0x0, 0x8f, 0x90,
    0x7, 0xff, 0x70, 0xc, 0xf6, 0x0, 0x0, 0x0,
    0x0, 0x8, 0xf9, 0x0, 0x7f, 0xfc, 0x88, 0xff,
    0x60, 0x0, 0x0, 0x0, 0x0, 0x8f, 0xe8, 0x8c,
    0xff, 0xff, 0xff, 0xf6, 0x0, 0x0, 0x0, 0x0,
    0x8, 0xff, 0xff, 0xff, 0xf7, 0x0, 0xcf, 0xeb,
    0xbb, 0xbb, 0xbb, 0xbb, 0xef, 0xa0, 0x7, 0xff,
    0x70, 0xc, 0xff, 0xff, 0xff, 0xff, 0xff, 0xff,
    0xf9, 0x0, 0x7f, 0xf9, 0x33, 0xdf, 0xb7, 0x77,
    0x77, 0x77, 0x77, 0xdf, 0xc3, 0x39, 0xff, 0xff,
    0xff, 0xf6, 0x0, 0x0, 0x0, 0x0, 0x8, 0xff,
    0xff, 0xff, 0xfa, 0x44, 0xef, 0x60, 0x0, 0x0,
    0x0, 0x0, 0x8f, 0xc4, 0x4a, 0xff, 0x70, 0xc,
    0xf6, 0x0, 0x0, 0x0, 0x0, 0x8, 0xf9, 0x0,
    0x7f, 0xf7, 0x0, 0xcf, 0x60, 0x0, 0x0, 0x0,
    0x0, 0x8f, 0xa0, 0x7, 0xff, 0xfe, 0xef, 0xf8,
    0x22, 0x22, 0x22, 0x22, 0x2b, 0xff, 0xee, 0xff,
    0xfd, 0x99, 0xff, 0xff, 0xff, 0xff, 0xff, 0xff,
    0xff, 0xe9, 0x9d, 0xfb, 0x70, 0xc, 0xff, 0xff,
    0xff, 0xff, 0xff, 0xff, 0xf9, 0x0, 0x7b,

    /* U+F00B "" */
    0x7b, 0xbb, 0xbb, 0x30, 0x5b, 0xbb, 0xbb, 0xbb,
    0xbb, 0xbb, 0xbb, 0x7f, 0xff, 0xff, 0xfa, 0xd,
    0xff, 0xff, 0xff, 0xff, 0xff, 0xff, 0xff, 0xff,
    0xff, 0xff, 0xb0, 0xef, 0xff, 0xff, 0xff, 0xff,
    0xff, 0xff, 0xff, 0xff, 0xff, 0xfb, 0xe, 0xff,
    0xff, 0xff, 0xff, 0xff, 0xff, 0xff, 0xff, 0xff,
    0xff, 0xa0, 0xdf, 0xff, 0xff, 0xff, 0xff, 0xff,
    0xff, 0xfc, 0xff, 0xff, 0xf7, 0xa, 0xff, 0xff,
    0xff, 0xff, 0xff, 0xff, 0xfc, 0x0, 0x0, 0x0,
    0x0, 0x0, 0x0, 0x0, 0x0, 0x0, 0x0, 0x0,
    0x7, 0xbb, 0xbb, 0xb3, 0x5, 0xbb, 0xbb, 0xbb,
    0xbb, 0xbb, 0xbb, 0xb7, 0xff, 0xff, 0xff, 0xa0,
    0xdf, 0xff, 0xff, 0xff, 0xff, 0xff, 0xff, 0xff,
    0xff, 0xff, 0xfb, 0xe, 0xff, 0xff, 0xff, 0xff,
    0xff, 0xff, 0xff, 0xff, 0xff, 0xff, 0xb0, 0xef,
    0xff, 0xff, 0xff, 0xff, 0xff, 0xff, 0xff, 0xff,
    0xff, 0xfa, 0xd, 0xff, 0xff, 0xff, 0xff, 0xff,
    0xff, 0xff, 0xcf, 0xff, 0xff, 0x70, 0xaf, 0xff,
    0xff, 0xff, 0xff, 0xff, 0xff, 0xc0, 0x0, 0x0,
    0x0, 0x0, 0x0, 0x0, 0x0, 0x0, 0x0, 0x0,
    0x0, 0x1, 0x11, 0x11, 0x0, 0x1, 0x11, 0x11,
    0x11, 0x11, 0x11, 0x11, 0xc, 0xff, 0xff, 0xf7,
    0xa, 0xff, 0xff, 0xff, 0xff, 0xff, 0xff, 0xfc,
    0xff, 0xff, 0xff, 0xb0, 0xef, 0xff, 0xff, 0xff,
    0xff, 0xff, 0xff, 0xff, 0xff, 0xff, 0xfb, 0xe,
    0xff, 0xff, 0xff, 0xff, 0xff, 0xff, 0xff, 0xff,
    0xff, 0xff, 0xb0, 0xef, 0xff, 0xff, 0xff, 0xff,
    0xff, 0xff, 0xff, 0xff, 0xff, 0xfa, 0xd, 0xff,
    0xff, 0xff, 0xff, 0xff, 0xff, 0xff, 0x6a, 0xaa,
    0xaa, 0x30, 0x5a, 0xaa, 0xaa, 0xaa, 0xaa, 0xaa,
    0xaa, 0x60,

    /* U+F00C "" */
    0x0, 0x0, 0x0, 0x0, 0x0, 0x0, 0x0, 0x0,
    0x0, 0x0, 0x10, 0x0, 0x0, 0x0, 0x0, 0x0,
    0x0, 0x0, 0x0, 0x0, 0x1, 0xdf, 0x60, 0x0,
    0x0, 0x0, 0x0, 0x0, 0x0, 0x0, 0x0, 0x1,
    0xdf, 0xff, 0x60, 0x0, 0x0, 0x0, 0x0, 0x0,
    0x0, 0x0, 0x1, 0xdf, 0xff, 0xff, 0x0, 0x0,
    0x0, 0x0, 0x0, 0x0, 0x0, 0x1, 0xdf, 0xff,
    0xff, 0x80, 0x0, 0x0, 0x0, 0x0, 0x0, 0x0,
    0x1, 0xdf, 0xff, 0xff, 0x90, 0x0, 0x52, 0x0,
    0x0, 0x0, 0x0, 0x1, 0xdf, 0xff, 0xff, 0x90,
    0x0, 0x9f, 0xf3, 0x0, 0x0, 0x0, 0x1, 0xdf,
    0xff, 0xff, 0x90, 0x0, 0x9f, 0xff, 0xf3, 0x0,
    0x0, 0x1, 0xdf, 0xff, 0xff, 0x80, 0x0, 0xf,
    0xff, 0xff, 0xf3, 0x0, 0x1, 0xdf, 0xff, 0xff,
    0x80, 0x0, 0x0, 0x5f, 0xff, 0xff, 0xf3, 0x1,
    0xdf, 0xff, 0xff, 0x80, 0x0, 0x0, 0x0, 0x5f,
    0xff, 0xff, 0xf5, 0xdf, 0xff, 0xff, 0x80, 0x0,
    0x0, 0x0, 0x0, 0x5f, 0xff, 0xff, 0xff, 0xff,
    0xff, 0x80, 0x0, 0x0, 0x0, 0x0, 0x0, 0x5f,
    0xff, 0xff, 0xff, 0xff, 0x80, 0x0, 0x0, 0x0,
    0x0, 0x0, 0x0, 0x5f, 0xff, 0xff, 0xff, 0x80,
    0x0, 0x0, 0x0, 0x0, 0x0, 0x0, 0x0, 0x5f,
    0xff, 0xff, 0x80, 0x0, 0x0, 0x0, 0x0, 0x0,
    0x0, 0x0, 0x0, 0x5f, 0xff, 0x80, 0x0, 0x0,
    0x0, 0x0, 0x0, 0x0, 0x0, 0x0, 0x0, 0x4e,
    0x80, 0x0, 0x0, 0x0, 0x0, 0x0, 0x0,

    /* U+F00D "" */
    0x4, 0x93, 0x0, 0x0, 0x0, 0x0, 0x49, 0x30,
    0x5f, 0xff, 0x30, 0x0, 0x0, 0x5, 0xff, 0xf3,
    0xef, 0xff, 0xf3, 0x0, 0x0, 0x6f, 0xff, 0xfb,
    0xbf, 0xff, 0xff, 0x30, 0x6, 0xff, 0xff, 0xf8,
    0xc, 0xff, 0xff, 0xf3, 0x6f, 0xff, 0xff, 0xa0,
    0x0, 0xcf, 0xff, 0xff, 0xff, 0xff, 0xfa, 0x0,
    0x0, 0xc, 0xff, 0xff, 0xff, 0xff, 0xa0, 0x0,
    0x0, 0x0, 0xcf, 0xff, 0xff, 0xfa, 0x0, 0x0,
    0x0, 0x0, 0x6f, 0xff, 0xff, 0xf3, 0x0, 0x0,
    0x0, 0x6, 0xff, 0xff, 0xff, 0xff, 0x30, 0x0,
    0x0, 0x6f, 0xff, 0xff, 0xff, 0xff, 0xf3, 0x0,
    0x6, 0xff, 0xff, 0xfa, 0xcf, 0xff, 0xff, 0x30,
    0x5f, 0xff, 0xff, 0xa0, 0xc, 0xff, 0xff, 0xf3,
    0xff, 0xff, 0xfa, 0x0, 0x0, 0xcf, 0xff, 0xfb,
    0xbf, 0xff, 0xa0, 0x0, 0x0, 0xc, 0xff, 0xf8,
    0xc, 0xfa, 0x0, 0x0, 0x0, 0x0, 0xcf, 0x90,
    0x0, 0x10, 0x0, 0x0, 0x0, 0x0, 0x1, 0x0,

    /* U+F011 "" */
    0x0, 0x0, 0x0, 0x0, 0x0, 0x2, 0x10, 0x0,
    0x0, 0x0, 0x0, 0x0, 0x0, 0x0, 0x0, 0x0,
    0x0, 0xef, 0xf5, 0x0, 0x0, 0x0, 0x0, 0x0,
    0x0, 0x0, 0x0, 0x0, 0x1, 0xff, 0xf8, 0x0,
    0x0, 0x0, 0x0, 0x0, 0x0, 0x0, 0x4d, 0x60,
    0x1, 0xff, 0xf8, 0x0, 0x1c, 0x90, 0x0, 0x0,
    0x0, 0x5, 0xff, 0xf1, 0x1, 0xff, 0xf8, 0x0,
    0xaf, 0xfb, 0x0, 0x0, 0x0, 0x3f, 0xff, 0xf6,
    0x1, 0xff, 0xf8, 0x0, 0xef, 0xff, 0xa0, 0x0,
    0x0, 0xef, 0xff, 0xc0, 0x1, 0xff, 0xf8, 0x0,
    0x5f, 0xff, 0xf5, 0x0, 0x7, 0xff, 0xfc, 0x0,
    0x1, 0xff, 0xf8, 0x0, 0x5, 0xff, 0xfe, 0x0,
    0xe, 0xff, 0xf1, 0x0, 0x1, 0xff, 0xf8, 0x0,
    0x0, 0xaf, 0xff, 0x50, 0x3f, 0xff, 0x90, 0x0,
    0x1, 0xff, 0xf8, 0x0, 0x0, 0x2f, 0xff, 0xa0,
    0x7f, 0xff, 0x30, 0x0, 0x1, 0xff, 0xf8, 0x0,
    0x0, 0xc, 0xff, 0xe0, 0x9f, 0xff, 0x0, 0x0,
    0x1, 0xff, 0xf8, 0x0, 0x0, 0x9, 0xff, 0xf0,
    0x9f, 0xff, 0x0, 0x0, 0x1, 0xff, 0xf8, 0x0,
    0x0, 0x8, 0xff, 0xf0, 0x9f, 0xff, 0x0, 0x0,
    0x0, 0x9d, 0xc3, 0x0, 0x0, 0xa, 0xff, 0xf0,
    0x6f, 0xff, 0x40, 0x0, 0x0, 0x0, 0x0, 0x0,
    0x0, 0xd, 0xff, 0xd0, 0x2f, 0xff, 0xa0, 0x0,
    0x0, 0x0, 0x0, 0x0, 0x0, 0x3f, 0xff, 0x90,
    0xd, 0xff, 0xf3, 0x0, 0x0, 0x0, 0x0, 0x0,
    0x0, 0xcf, 0xff, 0x40, 0x5, 0xff, 0xfe, 0x20,
    0x0, 0x0, 0x0, 0x0, 0xa, 0xff, 0xfc, 0x0,
    0x0, 0xbf, 0xff, 0xe4, 0x0, 0x0, 0x0, 0x1,
    0xbf, 0xff, 0xf3, 0x0, 0x0, 0x1e, 0xff, 0xff,
    0xc6, 0x21, 0x24, 0x9f, 0xff, 0xff, 0x60, 0x0,
    0x0, 0x2, 0xef, 0xff, 0xff, 0xff, 0xff, 0xff,
    0xff, 0xf7, 0x0, 0x0, 0x0, 0x0, 0x1a, 0xff,
    0xff, 0xff, 0xff, 0xff, 0xfe, 0x40, 0x0, 0x0,
    0x0, 0x0, 0x0, 0x4b, 0xff, 0xff, 0xff, 0xfd,
    0x70, 0x0, 0x0, 0x0, 0x0, 0x0, 0x0, 0x0,
    0x14, 0x77, 0x75, 0x20, 0x0, 0x0, 0x0, 0x0,

    /* U+F013 "" */
    0x0, 0x0, 0x0, 0x0, 0x0, 0x0, 0x0, 0x0,
    0x0, 0x0, 0x0, 0x0, 0x0, 0x0, 0x0, 0x1,
    0x9b, 0xcb, 0x91, 0x0, 0x0, 0x0, 0x0, 0x0,
    0x0, 0x0, 0x0, 0x5f, 0xff, 0xff, 0x50, 0x0,
    0x0, 0x0, 0x0, 0x0, 0x0, 0x0, 0x6, 0xff,
    0xff, 0xf6, 0x0, 0x0, 0x0, 0x0, 0x0, 0x3,
    0x0, 0x3, 0xcf, 0xff, 0xff, 0xc3, 0x0, 0x13,
    0x0, 0x0, 0x3, 0xfe, 0x69, 0xff, 0xff, 0xff,
    0xff, 0xf9, 0x6e, 0xf3, 0x0, 0x0, 0xdf, 0xff,
    0xff, 0xff, 0xff, 0xff, 0xff, 0xff, 0xff, 0xd0,
    0x0, 0x7f, 0xff, 0xff, 0xff, 0xff, 0xff, 0xff,
    0xff, 0xff, 0xff, 0x70, 0xe, 0xff, 0xff, 0xff,
    0xff, 0xec, 0xef, 0xff, 0xff, 0xff, 0xfe, 0x1,
    0xdf, 0xff, 0xff, 0xff, 0x60, 0x0, 0x6f, 0xff,
    0xff, 0xff, 0xd1, 0x0, 0x7f, 0xff, 0xff, 0x70,
    0x0, 0x0, 0x7f, 0xff, 0xff, 0x70, 0x0, 0x0,
    0xff, 0xff, 0xf0, 0x0, 0x0, 0x0, 0xff, 0xff,
    0xf0, 0x0, 0x0, 0x1f, 0xff, 0xfe, 0x0, 0x0,
    0x0, 0xe, 0xff, 0xff, 0x10, 0x0, 0x0, 0xff,
    0xff, 0xf1, 0x0, 0x0, 0x1, 0xff, 0xff, 0xf0,
    0x0, 0x2, 0xbf, 0xff, 0xff, 0x90, 0x0, 0x0,
    0xaf, 0xff, 0xff, 0xb2, 0x1, 0xff, 0xff, 0xff,
    0xff, 0xa2, 0x2, 0xaf, 0xff, 0xff, 0xff, 0xf1,
    0xc, 0xff, 0xff, 0xff, 0xff, 0xff, 0xff, 0xff,
    0xff, 0xff, 0xfc, 0x0, 0x5f, 0xff, 0xff, 0xff,
    0xff, 0xff, 0xff, 0xff, 0xff, 0xff, 0x50, 0x0,
    0xbf, 0xff, 0xff, 0xff, 0xff, 0xff, 0xff, 0xff,
    0xff, 0xb0, 0x0, 0x1, 0xec, 0x25, 0xef, 0xff,
    0xff, 0xff, 0xe5, 0x2b, 0xe1, 0x0, 0x0, 0x0,
    0x0, 0x0, 0x9f, 0xff, 0xff, 0x90, 0x0, 0x0,
    0x0, 0x0, 0x0, 0x0, 0x0, 0x6, 0xff, 0xff,
    0xf6, 0x0, 0x0, 0x0, 0x0, 0x0, 0x0, 0x0,
    0x0, 0x5f, 0xff, 0xff, 0x50, 0x0, 0x0, 0x0,
    0x0, 0x0, 0x0, 0x0, 0x0, 0x57, 0x87, 0x50,
    0x0, 0x0, 0x0, 0x0,

    /* U+F015 "" */
    0x0, 0x0, 0x0, 0x0, 0x0, 0x5, 0xdc, 0x30,
    0x0, 0x8e, 0xec, 0x0, 0x0, 0x0, 0x0, 0x0,
    0x0, 0x0, 0x8f, 0xff, 0xf6, 0x0, 0xaf, 0xfe,
    0x0, 0x0, 0x0, 0x0, 0x0, 0x0, 0xb, 0xff,
    0xff, 0xff, 0x90, 0xaf, 0xfe, 0x0, 0x0, 0x0,
    0x0, 0x0, 0x2, 0xdf, 0xff, 0x9a, 0xff, 0xfb,
    0xbf, 0xfe, 0x0, 0x0, 0x0, 0x0, 0x0, 0x4e,
    0xff, 0xf5, 0x0, 0x7f, 0xff, 0xff, 0xfe, 0x0,
    0x0, 0x0, 0x0, 0x6, 0xff, 0xfe, 0x30, 0x98,
    0x4, 0xff, 0xff, 0xfe, 0x0, 0x0, 0x0, 0x0,
    0x9f, 0xff, 0xc1, 0x1c, 0xff, 0xb0, 0x2d, 0xff,
    0xfe, 0x0, 0x0, 0x0, 0x1c, 0xff, 0xfa, 0x3,
    0xef, 0xff, 0xfd, 0x21, 0xbf, 0xff, 0xa0, 0x0,
    0x2, 0xef, 0xff, 0x70, 0x5f, 0xff, 0xff, 0xff,
    0xe3, 0x9, 0xff, 0xfc, 0x10, 0x5f, 0xff, 0xf4,
    0x7, 0xff, 0xff, 0xff, 0xff, 0xff, 0x60, 0x6f,
    0xff, 0xe3, 0xdf, 0xfd, 0x20, 0xaf, 0xff, 0xff,
    0xff, 0xff, 0xff, 0xf9, 0x3, 0xef, 0xfb, 0x3f,
    0xc1, 0x1c, 0xff, 0xff, 0xff, 0xff, 0xff, 0xff,
    0xff, 0xb1, 0x2d, 0xf2, 0x2, 0x0, 0xaf, 0xff,
    0xff, 0xff, 0xff, 0xff, 0xff, 0xff, 0xf8, 0x0,
    0x20, 0x0, 0x0, 0xbf, 0xff, 0xff, 0xff, 0xff,
    0xff, 0xff, 0xff, 0xf9, 0x0, 0x0, 0x0, 0x0,
    0xbf, 0xff, 0xff, 0xf8, 0x77, 0x8f, 0xff, 0xff,
    0xf9, 0x0, 0x0, 0x0, 0x0, 0xbf, 0xff, 0xff,
    0xc0, 0x0, 0xe, 0xff, 0xff, 0xf9, 0x0, 0x0,
    0x0, 0x0, 0xbf, 0xff, 0xff, 0xc0, 0x0, 0xe,
    0xff, 0xff, 0xf9, 0x0, 0x0, 0x0, 0x0, 0xbf,
    0xff, 0xff, 0xc0, 0x0, 0xe, 0xff, 0xff, 0xf9,
    0x0, 0x0, 0x0, 0x0, 0xbf, 0xff, 0xff, 0xc0,
    0x0, 0xe, 0xff, 0xff, 0xf9, 0x0, 0x0, 0x0,
    0x0, 0xaf, 0xff, 0xff, 0xb0, 0x0, 0xd, 0xff,
    0xff, 0xf8, 0x0, 0x0, 0x0, 0x0, 0x3, 0x33,
    0x33, 0x10, 0x0, 0x1, 0x33, 0x33, 0x30, 0x0,
    0x0,

    /* U+F019 "" */
    0x0, 0x0, 0x0, 0x0, 0x2e, 0xff, 0xfe, 0x20,
    0x0, 0x0, 0x0, 0x0, 0x0, 0x0, 0x0, 0x5,
    0xff, 0xff, 0xf5, 0x0, 0x0, 0x0, 0x0, 0x0,
    0x0, 0x0, 0x0, 0x6f, 0xff, 0xff, 0x60, 0x0,
    0x0, 0x0, 0x0, 0x0, 0x0, 0x0, 0x6, 0xff,
    0xff, 0xf6, 0x0, 0x0, 0x0, 0x0, 0x0, 0x0,
    0x0, 0x0, 0x6f, 0xff, 0xff, 0x60, 0x0, 0x0,
    0x0, 0x0, 0x0, 0x0, 0x0, 0x6, 0xff, 0xff,
    0xf6, 0x0, 0x0, 0x0, 0x0, 0x0, 0x0, 0x0,
    0x0, 0x6f, 0xff, 0xff, 0x60, 0x0, 0x0, 0x0,
    0x0, 0x0, 0x0, 0x0, 0x6, 0xff, 0xff, 0xf6,
    0x0, 0x0, 0x0, 0x0, 0x0, 0x0, 0x45, 0x55,
    0x9f, 0xff, 0xff, 0x95, 0x55, 0x40, 0x0, 0x0,
    0x0, 0x2f, 0xff, 0xff, 0xff, 0xff, 0xff, 0xff,
    0xff, 0x20, 0x0, 0x0, 0x0, 0x9f, 0xff, 0xff,
    0xff, 0xff, 0xff, 0xff, 0x90, 0x0, 0x0, 0x0,
    0x0, 0x9f, 0xff, 0xff, 0xff, 0xff, 0xff, 0x90,
    0x0, 0x0, 0x0, 0x0, 0x0, 0x9f, 0xff, 0xff,
    0xff, 0xff, 0x90, 0x0, 0x0, 0x0, 0x0, 0x0,
    0x0, 0x9f, 0xff, 0xff, 0xff, 0x90, 0x0, 0x0,
    0x0, 0x0, 0x0, 0x0, 0x0, 0x9f, 0xff, 0xff,
    0x90, 0x0, 0x0, 0x0, 0x0, 0x22, 0x22, 0x22,
    0x20, 0x9f, 0xff, 0x90, 0x22, 0x22, 0x22, 0x20,
    0xdf, 0xff, 0xff, 0xff, 0x60, 0x9f, 0x90, 0x5f,
    0xff, 0xff, 0xff, 0xdf, 0xff, 0xff, 0xff, 0xff,
    0x60, 0x20, 0x6f, 0xff, 0xff, 0xff, 0xff, 0xff,
    0xff, 0xff, 0xff, 0xff, 0xa6, 0xaf, 0xff, 0xff,
    0xff, 0xff, 0xff, 0xff, 0xff, 0xff, 0xff, 0xff,
    0xff, 0xff, 0xff, 0xff, 0xff, 0xff, 0xff, 0xff,
    0xff, 0xff, 0xff, 0xff, 0xff, 0xfc, 0xe, 0x70,
    0xdf, 0xff, 0xff, 0xff, 0xff, 0xff, 0xff, 0xff,
    0xff, 0xe6, 0xfb, 0x5e, 0xff, 0xbf, 0xff, 0xff,
    0xff, 0xff, 0xff, 0xff, 0xff, 0xff, 0xff, 0xff,
    0xb0,

    /* U+F01C "" */
    0x0, 0x0, 0x0, 0x0, 0x0, 0x0, 0x0, 0x0,
    0x0, 0x0, 0x0, 0x0, 0x0, 0x0, 0x0, 0x7,
    0xff, 0xff, 0xff, 0xff, 0xff, 0xff, 0xfe, 0x50,
    0x0, 0x0, 0x0, 0x0, 0x4f, 0xff, 0xff, 0xff,
    0xff, 0xff, 0xff, 0xff, 0xf3, 0x0, 0x0, 0x0,
    0x1, 0xef, 0xfd, 0xdd, 0xdd, 0xdd, 0xdd, 0xdd,
    0xef, 0xfd, 0x0, 0x0, 0x0, 0xa, 0xff, 0xc0,
    0x0, 0x0, 0x0, 0x0, 0x0, 0xe, 0xff, 0x80,
    0x0, 0x0, 0x5f, 0xff, 0x20, 0x0, 0x0, 0x0,
    0x0, 0x0, 0x4, 0xff, 0xf3, 0x0, 0x1, 0xef,
    0xf6, 0x0, 0x0, 0x0, 0x0, 0x0, 0x0, 0x0,
    0x9f, 0xfd, 0x0, 0xa, 0xff, 0xb0, 0x0, 0x0,
    0x0, 0x0, 0x0, 0x0, 0x0, 0xd, 0xff, 0x80,
    0x5f, 0xff, 0x10, 0x0, 0x0, 0x0, 0x0, 0x0,
    0x0, 0x0, 0x3, 0xff, 0xf3, 0xdf, 0xfd, 0xaa,
    0xaa, 0x91, 0x0, 0x0, 0x0, 0x2a, 0xaa, 0xaa,
    0xef, 0xfb, 0xff, 0xff, 0xff, 0xff, 0xf8, 0x0,
    0x0, 0x0, 0xaf, 0xff, 0xff, 0xff, 0xfd, 0xff,
    0xff, 0xff, 0xff, 0xff, 0x10, 0x0, 0x2, 0xff,
    0xff, 0xff, 0xff, 0xfe, 0xff, 0xff, 0xff, 0xff,
    0xff, 0xdc, 0xcc, 0xcd, 0xff, 0xff, 0xff, 0xff,
    0xfe, 0xff, 0xff, 0xff, 0xff, 0xff, 0xff, 0xff,
    0xff, 0xff, 0xff, 0xff, 0xff, 0xfe, 0xff, 0xff,
    0xff, 0xff, 0xff, 0xff, 0xff, 0xff, 0xff, 0xff,
    0xff, 0xff, 0xfe, 0xff, 0xff, 0xff, 0xff, 0xff,
    0xff, 0xff, 0xff, 0xff, 0xff, 0xff, 0xff, 0xfd,
    0xdf, 0xff, 0xff, 0xff, 0xff, 0xff, 0xff, 0xff,
    0xff, 0xff, 0xff, 0xff, 0xfb, 0x3d, 0xff, 0xff,
    0xff, 0xff, 0xff, 0xff, 0xff, 0xff, 0xff, 0xff,
    0xff, 0xc2,

    /* U+F021 "" */
    0x0, 0x0, 0x0, 0x0, 0x0, 0x0, 0x0, 0x0,
    0x0, 0x0, 0x11, 0x10, 0x0, 0x0, 0x0, 0x16,
    0xac, 0xdc, 0x95, 0x0, 0x0, 0x2f, 0xff, 0x0,
    0x0, 0x1, 0xaf, 0xff, 0xff, 0xff, 0xfe, 0x80,
    0x2, 0xff, 0xf0, 0x0, 0x5, 0xef, 0xff, 0xff,
    0xff, 0xff, 0xff, 0xe4, 0x1f, 0xff, 0x0, 0x6,
    0xff, 0xff, 0xfa, 0x76, 0x7b, 0xff, 0xff, 0xf7,
    0xff, 0xf0, 0x4, 0xff, 0xff, 0x91, 0x0, 0x0,
    0x2, 0xaf, 0xff, 0xff, 0xff, 0x1, 0xef, 0xff,
    0x50, 0x0, 0x0, 0x0, 0x0, 0x5f, 0xff, 0xff,
    0xf0, 0x8f, 0xff, 0x50, 0x0, 0x0, 0x0, 0x22,
    0x21, 0x6f, 0xff, 0xff, 0xe, 0xff, 0xa0, 0x0,
    0x0, 0x0, 0xf, 0xff, 0xff, 0xff, 0xff, 0xf3,
    0xff, 0xf2, 0x0, 0x0, 0x0, 0x1, 0xff, 0xff,
    0xff, 0xff, 0xff, 0x5f, 0xfb, 0x0, 0x0, 0x0,
    0x0, 0xe, 0xff, 0xff, 0xff, 0xff, 0xd0, 0x0,
    0x0, 0x0, 0x0, 0x0, 0x0, 0x0, 0x0, 0x0,
    0x0, 0x0, 0x0, 0x0, 0x0, 0x0, 0x0, 0x0,
    0x0, 0x0, 0x0, 0x0, 0x0, 0x1, 0x22, 0x22,
    0x22, 0x22, 0x10, 0x0, 0x0, 0x0, 0x0, 0x12,
    0x20, 0xff, 0xff, 0xff, 0xff, 0xff, 0x0, 0x0,
    0x0, 0x0, 0xe, 0xff, 0x5f, 0xff, 0xff, 0xff,
    0xff, 0xf1, 0x0, 0x0, 0x0, 0x4, 0xff, 0xf2,
    0xff, 0xff, 0xfd, 0xef, 0xff, 0x0, 0x0, 0x0,
    0x0, 0xdf, 0xfd, 0xf, 0xff, 0xff, 0x90, 0x0,
    0x0, 0x0, 0x0, 0x0, 0xaf, 0xff, 0x50, 0xff,
    0xff, 0xff, 0xa1, 0x0, 0x0, 0x0, 0x1, 0xbf,
    0xff, 0xb0, 0xf, 0xff, 0xef, 0xff, 0xf9, 0x30,
    0x0, 0x28, 0xff, 0xff, 0xe1, 0x0, 0xff, 0xf2,
    0xcf, 0xff, 0xff, 0xfe, 0xff, 0xff, 0xff, 0xd1,
    0x0, 0xf, 0xff, 0x10, 0x8f, 0xff, 0xff, 0xff,
    0xff, 0xff, 0x90, 0x0, 0x0, 0xff, 0xf2, 0x0,
    0x17, 0xdf, 0xff, 0xff, 0xfa, 0x30, 0x0, 0x0,
    0xd, 0xee, 0x10, 0x0, 0x0, 0x24, 0x54, 0x30,
    0x0, 0x0, 0x0, 0x0,

    /* U+F026 "" */
    0x0, 0x0, 0x0, 0x0, 0x0, 0x30, 0x0, 0x0,
    0x0, 0x0, 0xc, 0xf6, 0x0, 0x0, 0x0, 0x0,
    0xcf, 0xf8, 0x0, 0x0, 0x0, 0xc, 0xff, 0xf8,
    0x0, 0x0, 0x0, 0xcf, 0xff, 0xf8, 0xbf, 0xff,
    0xff, 0xff, 0xff, 0xf8, 0xff, 0xff, 0xff, 0xff,
    0xff, 0xf8, 0xff, 0xff, 0xff, 0xff, 0xff, 0xf8,
    0xff, 0xff, 0xff, 0xff, 0xff, 0xf8, 0xff, 0xff,
    0xff, 0xff, 0xff, 0xf8, 0xff, 0xff, 0xff, 0xff,
    0xff, 0xf8, 0xff, 0xff, 0xff, 0xff, 0xff, 0xf8,
    0xff, 0xff, 0xff, 0xff, 0xff, 0xf8, 0x6a, 0xaa,
    0xab, 0xff, 0xff, 0xf8, 0x0, 0x0, 0x0, 0x8f,
    0xff, 0xf8, 0x0, 0x0, 0x0, 0x8, 0xff, 0xf8,
    0x0, 0x0, 0x0, 0x0, 0x8f, 0xf7, 0x0, 0x0,
    0x0, 0x0, 0x7, 0xe4, 0x0, 0x0, 0x0, 0x0,
    0x0, 0x0,

    /* U+F027 "" */
    0x0, 0x0, 0x0, 0x0, 0x0, 0x30, 0x0, 0x0,
    0x0, 0x0, 0x0, 0x0, 0x0, 0xc, 0xf6, 0x0,
    0x0, 0x0, 0x0, 0x0, 0x0, 0x0, 0xcf, 0xf8,
    0x0, 0x0, 0x0, 0x0, 0x0, 0x0, 0xc, 0xff,
    0xf8, 0x0, 0x0, 0x0, 0x0, 0x0, 0x0, 0xcf,
    0xff, 0xf8, 0x0, 0x0, 0x0, 0xbf, 0xff, 0xff,
    0xff, 0xff, 0xf8, 0x0, 0x10, 0x0, 0xff, 0xff,
    0xff, 0xff, 0xff, 0xf8, 0x4, 0xfc, 0x10, 0xff,
    0xff, 0xff, 0xff, 0xff, 0xf8, 0x3, 0xff, 0xb0,
    0xff, 0xff, 0xff, 0xff, 0xff, 0xf8, 0x0, 0x3f,
    0xf1, 0xff, 0xff, 0xff, 0xff, 0xff, 0xf8, 0x0,
    0xf, 0xf3, 0xff, 0xff, 0xff, 0xff, 0xff, 0xf8,
    0x0, 0x5f, 0xf1, 0xff, 0xff, 0xff, 0xff, 0xff,
    0xf8, 0x4, 0xff, 0x90, 0xff, 0xff, 0xff, 0xff,
    0xff, 0xf8, 0x3, 0xea, 0x0, 0x6a, 0xaa, 0xab,
    0xff, 0xff, 0xf8, 0x0, 0x0, 0x0, 0x0, 0x0,
    0x0, 0x8f, 0xff, 0xf8, 0x0, 0x0, 0x0, 0x0,
    0x0, 0x0, 0x8, 0xff, 0xf8, 0x0, 0x0, 0x0,
    0x0, 0x0, 0x0, 0x0, 0x8f, 0xf7, 0x0, 0x0,
    0x0, 0x0, 0x0, 0x0, 0x0, 0x7, 0xe3, 0x0,
    0x0, 0x0, 0x0, 0x0, 0x0, 0x0, 0x0, 0x0,
    0x0, 0x0, 0x0,

    /* U+F028 "" */
    0x0, 0x0, 0x0, 0x0, 0x0, 0x0, 0x0, 0x0,
    0x0, 0x5, 0x10, 0x0, 0x0, 0x0, 0x0, 0x0,
    0x0, 0x0, 0x0, 0x0, 0x0, 0x0, 0x7f, 0xe3,
    0x0, 0x0, 0x0, 0x0, 0x0, 0x0, 0x0, 0x30,
    0x0, 0x0, 0x0, 0x2e, 0xff, 0x40, 0x0, 0x0,
    0x0, 0x0, 0x0, 0xc, 0xf6, 0x0, 0x0, 0x0,
    0x2, 0xdf, 0xf2, 0x0, 0x0, 0x0, 0x0, 0x0,
    0xcf, 0xf8, 0x0, 0x0, 0xa9, 0x0, 0x1d, 0xfc,
    0x0, 0x0, 0x0, 0x0, 0xc, 0xff, 0xf8, 0x0,
    0x0, 0xff, 0xd1, 0x3, 0xff, 0x60, 0x0, 0x0,
    0x0, 0xcf, 0xff, 0xf8, 0x0, 0x0, 0x4e, 0xfb,
    0x0, 0x8f, 0xd0, 0xbf, 0xff, 0xff, 0xff, 0xff,
    0xf8, 0x0, 0x20, 0x3, 0xff, 0x60, 0x1f, 0xf3,
    0xff, 0xff, 0xff, 0xff, 0xff, 0xf8, 0x4, 0xfc,
    0x10, 0x8f, 0xd0, 0xb, 0xf8, 0xff, 0xff, 0xff,
    0xff, 0xff, 0xf8, 0x2, 0xef, 0xb0, 0x1f, 0xf2,
    0x7, 0xfb, 0xff, 0xff, 0xff, 0xff, 0xff, 0xf8,
    0x0, 0x3f, 0xf1, 0xd, 0xf5, 0x5, 0xfd, 0xff,
    0xff, 0xff, 0xff, 0xff, 0xf8, 0x0, 0xf, 0xf3,
    0xc, 0xf5, 0x4, 0xfd, 0xff, 0xff, 0xff, 0xff,
    0xff, 0xf8, 0x0, 0x6f, 0xf1, 0xe, 0xf4, 0x6,
    0xfc, 0xff, 0xff, 0xff, 0xff, 0xff, 0xf8, 0x4,
    0xff, 0x80, 0x2f, 0xf1, 0x8, 0xfa, 0xff, 0xff,
    0xff, 0xff, 0xff, 0xf8, 0x2, 0xe9, 0x0, 0xaf,
    0xc0, 0xc, 0xf7, 0x6a, 0xaa, 0xab, 0xff, 0xff,
    0xf8, 0x0, 0x0, 0x6, 0xff, 0x40, 0x2f, 0xf2,
    0x0, 0x0, 0x0, 0x8f, 0xff, 0xf8, 0x0, 0x0,
    0x8f, 0xf9, 0x0, 0xaf, 0xc0, 0x0, 0x0, 0x0,
    0x8, 0xff, 0xf8, 0x0, 0x1, 0xff, 0x90, 0x4,
    0xff, 0x40, 0x0, 0x0, 0x0, 0x0, 0x8f, 0xf7,
    0x0, 0x0, 0x55, 0x0, 0x2f, 0xfa, 0x0, 0x0,
    0x0, 0x0, 0x0, 0x7, 0xe4, 0x0, 0x0, 0x0,
    0x4, 0xef, 0xd0, 0x0, 0x0, 0x0, 0x0, 0x0,
    0x0, 0x0, 0x0, 0x0, 0x0, 0x5f, 0xfd, 0x10,
    0x0, 0x0, 0x0, 0x0, 0x0, 0x0, 0x0, 0x0,
    0x0, 0x0, 0x5f, 0xb1, 0x0, 0x0, 0x0, 0x0,
    0x0, 0x0, 0x0, 0x0, 0x0, 0x0, 0x0, 0x1,
    0x0, 0x0, 0x0,

    /* U+F03E "" */
    0x0, 0x0, 0x0, 0x0, 0x0, 0x0, 0x0, 0x0,
    0x0, 0x0, 0x0, 0x4, 0xef, 0xff, 0xff, 0xff,
    0xff, 0xff, 0xff, 0xff, 0xff, 0xff, 0xe4, 0xdf,
    0xff, 0xff, 0xff, 0xff, 0xff, 0xff, 0xff, 0xff,
    0xff, 0xff, 0xdf, 0xff, 0xe9, 0x8e, 0xff, 0xff,
    0xff, 0xff, 0xff, 0xff, 0xff, 0xff, 0xff, 0xe1,
    0x0, 0x1e, 0xff, 0xff, 0xff, 0xff, 0xff, 0xff,
    0xff, 0xff, 0xf9, 0x0, 0x0, 0x8f, 0xff, 0xff,
    0xff, 0xff, 0xff, 0xff, 0xff, 0xff, 0xa0, 0x0,
    0x9, 0xff, 0xff, 0xff, 0xe3, 0x7f, 0xff, 0xff,
    0xff, 0xff, 0x40, 0x3, 0xff, 0xff, 0xff, 0xe2,
    0x0, 0x7f, 0xff, 0xff, 0xff, 0xff, 0xcc, 0xff,
    0xff, 0xff, 0xe2, 0x0, 0x0, 0x7f, 0xff, 0xff,
    0xff, 0xff, 0xfb, 0xff, 0xff, 0xe2, 0x0, 0x0,
    0x0, 0x7f, 0xff, 0xff, 0xff, 0xf5, 0x6, 0xff,
    0xe2, 0x0, 0x0, 0x0, 0x0, 0xef, 0xff, 0xff,
    0xf5, 0x0, 0x6, 0xe2, 0x0, 0x0, 0x0, 0x0,
    0xe, 0xff, 0xff, 0xf5, 0x0, 0x0, 0x1, 0x0,
    0x0, 0x0, 0x0, 0x0, 0xef, 0xff, 0xfe, 0x0,
    0x0, 0x0, 0x0, 0x0, 0x0, 0x0, 0x0, 0xe,
    0xff, 0xff, 0xe0, 0x0, 0x0, 0x0, 0x0, 0x0,
    0x0, 0x0, 0x0, 0xef, 0xff, 0xff, 0xee, 0xee,
    0xee, 0xee, 0xee, 0xee, 0xee, 0xee, 0xef, 0xff,
    0xdf, 0xff, 0xff, 0xff, 0xff, 0xff, 0xff, 0xff,
    0xff, 0xff, 0xff, 0xd3, 0xdf, 0xff, 0xff, 0xff,
    0xff, 0xff, 0xff, 0xff, 0xff, 0xff, 0xd3,

    /* U+F043 "" */
    0x0, 0x0, 0x0, 0x0, 0x0, 0x0, 0x0, 0x0,
    0x0, 0x0, 0x0, 0x2f, 0xe1, 0x0, 0x0, 0x0,
    0x0, 0x0, 0x0, 0xaf, 0xf7, 0x0, 0x0, 0x0,
    0x0, 0x0, 0x0, 0xff, 0xfc, 0x0, 0x0, 0x0,
    0x0, 0x0, 0x6, 0xff, 0xff, 0x30, 0x0, 0x0,
    0x0, 0x0, 0xe, 0xff, 0xff, 0xb0, 0x0, 0x0,
    0x0, 0x0, 0x6f, 0xff, 0xff, 0xf3, 0x0, 0x0,
    0x0, 0x1, 0xff, 0xff, 0xff, 0xfd, 0x0, 0x0,
    0x0, 0xa, 0xff, 0xff, 0xff, 0xff, 0x70, 0x0,
    0x0, 0x6f, 0xff, 0xff, 0xff, 0xff, 0xf3, 0x0,
    0x2, 0xff, 0xff, 0xff, 0xff, 0xff, 0xfd, 0x0,
    0xb, 0xff, 0xff, 0xff, 0xff, 0xff, 0xff, 0x80,
    0x3f, 0xff, 0xff, 0xff, 0xff, 0xff, 0xff, 0xf1,
    0x9f, 0xff, 0xff, 0xff, 0xff, 0xff, 0xff, 0xf6,
    0xdf, 0xff, 0xff, 0xff, 0xff, 0xff, 0xff, 0xfa,
    0xff, 0xf5, 0xef, 0xff, 0xff, 0xff, 0xff, 0xfc,
    0xff, 0xe0, 0xaf, 0xff, 0xff, 0xff, 0xff, 0xfc,
    0xdf, 0xf2, 0x5f, 0xff, 0xff, 0xff, 0xff, 0xfa,
    0x8f, 0xf9, 0x9, 0xff, 0xff, 0xff, 0xff, 0xf5,
    0x2f, 0xff, 0x60, 0x48, 0xdf, 0xff, 0xff, 0xe0,
    0x8, 0xff, 0xfa, 0x30, 0x8f, 0xff, 0xff, 0x50,
    0x0, 0xaf, 0xff, 0xff, 0xff, 0xff, 0xf8, 0x0,
    0x0, 0x8, 0xff, 0xff, 0xff, 0xfe, 0x50, 0x0,
    0x0, 0x0, 0x17, 0xbd, 0xdb, 0x61, 0x0, 0x0,

    /* U+F048 "" */
    0x0, 0x0, 0x0, 0x0, 0x0, 0x0, 0x0, 0x0,
    0x1e, 0xee, 0x0, 0x0, 0x0, 0x0, 0x3d, 0xa0,
    0x2f, 0xff, 0x10, 0x0, 0x0, 0x4, 0xff, 0xf3,
    0x2f, 0xff, 0x10, 0x0, 0x0, 0x5f, 0xff, 0xf4,
    0x2f, 0xff, 0x10, 0x0, 0x7, 0xff, 0xff, 0xf4,
    0x2f, 0xff, 0x10, 0x0, 0x8f, 0xff, 0xff, 0xf4,
    0x2f, 0xff, 0x10, 0x9, 0xff, 0xff, 0xff, 0xf4,
    0x2f, 0xff, 0x10, 0xaf, 0xff, 0xff, 0xff, 0xf4,
    0x2f, 0xff, 0x2b, 0xff, 0xff, 0xff, 0xff, 0xf4,
    0x2f, 0xff, 0xdf, 0xff, 0xff, 0xff, 0xff, 0xf4,
    0x2f, 0xff, 0xff, 0xff, 0xff, 0xff, 0xff, 0xf4,
    0x2f, 0xff, 0xff, 0xff, 0xff, 0xff, 0xff, 0xf4,
    0x2f, 0xff, 0xff, 0xff, 0xff, 0xff, 0xff, 0xf4,
    0x2f, 0xff, 0x5e, 0xff, 0xff, 0xff, 0xff, 0xf4,
    0x2f, 0xff, 0x12, 0xef, 0xff, 0xff, 0xff, 0xf4,
    0x2f, 0xff, 0x10, 0x1d, 0xff, 0xff, 0xff, 0xf4,
    0x2f, 0xff, 0x10, 0x1, 0xcf, 0xff, 0xff, 0xf4,
    0x2f, 0xff, 0x10, 0x0, 0xb, 0xff, 0xff, 0xf4,
    0x2f, 0xff, 0x10, 0x0, 0x0, 0xaf, 0xff, 0xf4,
    0x2f, 0xff, 0x10, 0x0, 0x0, 0x9, 0xff, 0xf3,
    0x1f, 0xff, 0x10, 0x0, 0x0, 0x0, 0x8f, 0xe1,
    0x3, 0x33, 0x0, 0x0, 0x0, 0x0, 0x2, 0x0,

    /* U+F04B "" */
    0x0, 0x10, 0x0, 0x0, 0x0, 0x0, 0x0, 0x0,
    0x0, 0x0, 0x5, 0xff, 0xa1, 0x0, 0x0, 0x0,
    0x0, 0x0, 0x0, 0x0, 0x0, 0xef, 0xff, 0xf7,
    0x0, 0x0, 0x0, 0x0, 0x0, 0x0, 0x0, 0xf,
    0xff, 0xff, 0xfd, 0x40, 0x0, 0x0, 0x0, 0x0,
    0x0, 0x0, 0xff, 0xff, 0xff, 0xff, 0xb2, 0x0,
    0x0, 0x0, 0x0, 0x0, 0xf, 0xff, 0xff, 0xff,
    0xff, 0xf8, 0x0, 0x0, 0x0, 0x0, 0x0, 0xff,
    0xff, 0xff, 0xff, 0xff, 0xfe, 0x50, 0x0, 0x0,
    0x0, 0xf, 0xff, 0xff, 0xff, 0xff, 0xff, 0xff,
    0xb2, 0x0, 0x0, 0x0, 0xff, 0xff, 0xff, 0xff,
    0xff, 0xff, 0xff, 0xf9, 0x0, 0x0, 0xf, 0xff,
    0xff, 0xff, 0xff, 0xff, 0xff, 0xff, 0xfe, 0x60,
    0x0, 0xff, 0xff, 0xff, 0xff, 0xff, 0xff, 0xff,
    0xff, 0xff, 0xc2, 0xf, 0xff, 0xff, 0xff, 0xff,
    0xff, 0xff, 0xff, 0xff, 0xff, 0xe0, 0xff, 0xff,
    0xff, 0xff, 0xff, 0xff, 0xff, 0xff, 0xff, 0xff,
    0x1f, 0xff, 0xff, 0xff, 0xff, 0xff, 0xff, 0xff,
    0xff, 0xff, 0xc0, 0xff, 0xff, 0xff, 0xff, 0xff,
    0xff, 0xff, 0xff, 0xff, 0x80, 0xf, 0xff, 0xff,
    0xff, 0xff, 0xff, 0xff, 0xff, 0xfb, 0x20, 0x0,
    0xff, 0xff, 0xff, 0xff, 0xff, 0xff, 0xff, 0xd5,
    0x0, 0x0, 0xf, 0xff, 0xff, 0xff, 0xff, 0xff,
    0xff, 0x70, 0x0, 0x0, 0x0, 0xff, 0xff, 0xff,
    0xff, 0xff, 0xfa, 0x10, 0x0, 0x0, 0x0, 0xf,
    0xff, 0xff, 0xff, 0xff, 0xd4, 0x0, 0x0, 0x0,
    0x0, 0x0, 0xff, 0xff, 0xff, 0xff, 0x70, 0x0,
    0x0, 0x0, 0x0, 0x0, 0xf, 0xff, 0xff, 0xfa,
    0x10, 0x0, 0x0, 0x0, 0x0, 0x0, 0x0, 0xdf,
    0xff, 0xc3, 0x0, 0x0, 0x0, 0x0, 0x0, 0x0,
    0x0, 0x2, 0xbd, 0x60, 0x0, 0x0, 0x0, 0x0,
    0x0, 0x0, 0x0, 0x0, 0x0, 0x0, 0x0, 0x0,
    0x0, 0x0, 0x0, 0x0, 0x0, 0x0, 0x0,

    /* U+F04C "" */
    0x3c, 0xff, 0xff, 0xea, 0x0, 0x0, 0x9e, 0xff,
    0xff, 0xd3, 0xd, 0xff, 0xff, 0xff, 0xf7, 0x0,
    0x6f, 0xff, 0xff, 0xff, 0xe0, 0xff, 0xff, 0xff,
    0xff, 0x90, 0x8, 0xff, 0xff, 0xff, 0xff, 0x1f,
    0xff, 0xff, 0xff, 0xfa, 0x0, 0x8f, 0xff, 0xff,
    0xff, 0xf1, 0xff, 0xff, 0xff, 0xff, 0xa0, 0x8,
    0xff, 0xff, 0xff, 0xff, 0x1f, 0xff, 0xff, 0xff,
    0xfa, 0x0, 0x8f, 0xff, 0xff, 0xff, 0xf1, 0xff,
    0xff, 0xff, 0xff, 0xa0, 0x8, 0xff, 0xff, 0xff,
    0xff, 0x1f, 0xff, 0xff, 0xff, 0xfa, 0x0, 0x8f,
    0xff, 0xff, 0xff, 0xf1, 0xff, 0xff, 0xff, 0xff,
    0xa0, 0x8, 0xff, 0xff, 0xff, 0xff, 0x1f, 0xff,
    0xff, 0xff, 0xfa, 0x0, 0x8f, 0xff, 0xff, 0xff,
    0xf1, 0xff, 0xff, 0xff, 0xff, 0xa0, 0x8, 0xff,
    0xff, 0xff, 0xff, 0x1f, 0xff, 0xff, 0xff, 0xfa,
    0x0, 0x8f, 0xff, 0xff, 0xff, 0xf1, 0xff, 0xff,
    0xff, 0xff, 0xa0, 0x8, 0xff, 0xff, 0xff, 0xff,
    0x1f, 0xff, 0xff, 0xff, 0xfa, 0x0, 0x8f, 0xff,
    0xff, 0xff, 0xf1, 0xff, 0xff, 0xff, 0xff, 0xa0,
    0x8, 0xff, 0xff, 0xff, 0xff, 0x1f, 0xff, 0xff,
    0xff, 0xfa, 0x0, 0x8f, 0xff, 0xff, 0xff, 0xf1,
    0xff, 0xff, 0xff, 0xff, 0xa0, 0x8, 0xff, 0xff,
    0xff, 0xff, 0x1f, 0xff, 0xff, 0xff, 0xfa, 0x0,
    0x8f, 0xff, 0xff, 0xff, 0xf1, 0xef, 0xff, 0xff,
    0xff, 0x80, 0x7, 0xff, 0xff, 0xff, 0xff, 0x5,
    0xff, 0xff, 0xff, 0xd1, 0x0, 0x1c, 0xff, 0xff,
    0xff, 0x60, 0x0, 0x22, 0x22, 0x20, 0x0, 0x0,
    0x2, 0x22, 0x22, 0x10, 0x0,

    /* U+F04D "" */
    0x2c, 0xee, 0xee, 0xee, 0xee, 0xee, 0xee, 0xee,
    0xee, 0xc4, 0xd, 0xff, 0xff, 0xff, 0xff, 0xff,
    0xff, 0xff, 0xff, 0xff, 0xe0, 0xff, 0xff, 0xff,
    0xff, 0xff, 0xff, 0xff, 0xff, 0xff, 0xff, 0x1f,
    0xff, 0xff, 0xff, 0xff, 0xff, 0xff, 0xff, 0xff,
    0xff, 0xf2, 0xff, 0xff, 0xff, 0xff, 0xff, 0xff,
    0xff, 0xff, 0xff, 0xff, 0x2f, 0xff, 0xff, 0xff,
    0xff, 0xff, 0xff, 0xff, 0xff, 0xff, 0xf2, 0xff,
    0xff, 0xff, 0xff, 0xff, 0xff, 0xff, 0xff, 0xff,
    0xff, 0x2f, 0xff, 0xff, 0xff, 0xff, 0xff, 0xff,
    0xff, 0xff, 0xff, 0xf2, 0xff, 0xff, 0xff, 0xff,
    0xff, 0xff, 0xff, 0xff, 0xff, 0xff, 0x2f, 0xff,
    0xff, 0xff, 0xff, 0xff, 0xff, 0xff, 0xff, 0xff,
    0xf2, 0xff, 0xff, 0xff, 0xff, 0xff, 0xff, 0xff,
    0xff, 0xff, 0xff, 0x2f, 0xff, 0xff, 0xff, 0xff,
    0xff, 0xff, 0xff, 0xff, 0xff, 0xf2, 0xff, 0xff,
    0xff, 0xff, 0xff, 0xff, 0xff, 0xff, 0xff, 0xff,
    0x2f, 0xff, 0xff, 0xff, 0xff, 0xff, 0xff, 0xff,
    0xff, 0xff, 0xf2, 0xff, 0xff, 0xff, 0xff, 0xff,
    0xff, 0xff, 0xff, 0xff, 0xff, 0x2f, 0xff, 0xff,
    0xff, 0xff, 0xff, 0xff, 0xff, 0xff, 0xff, 0xf2,
    0xff, 0xff, 0xff, 0xff, 0xff, 0xff, 0xff, 0xff,
    0xff, 0xff, 0x2f, 0xff, 0xff, 0xff, 0xff, 0xff,
    0xff, 0xff, 0xff, 0xff, 0xf2, 0xef, 0xff, 0xff,
    0xff, 0xff, 0xff, 0xff, 0xff, 0xff, 0xff, 0x6,
    0xff, 0xff, 0xff, 0xff, 0xff, 0xff, 0xff, 0xff,
    0xff, 0x80, 0x1, 0x33, 0x33, 0x33, 0x33, 0x33,
    0x33, 0x33, 0x33, 0x10, 0x0,

    /* U+F051 "" */
    0x0, 0x0, 0x0, 0x0, 0x0, 0x0, 0x0, 0x0,
    0x8, 0xd5, 0x0, 0x0, 0x0, 0x0, 0xde, 0xe2,
    0x1f, 0xff, 0x60, 0x0, 0x0, 0x0, 0xff, 0xf4,
    0x2f, 0xff, 0xf7, 0x0, 0x0, 0x0, 0xff, 0xf4,
    0x2f, 0xff, 0xff, 0x90, 0x0, 0x0, 0xff, 0xf4,
    0x2f, 0xff, 0xff, 0xfa, 0x0, 0x0, 0xff, 0xf4,
    0x2f, 0xff, 0xff, 0xff, 0xb0, 0x0, 0xff, 0xf4,
    0x2f, 0xff, 0xff, 0xff, 0xfc, 0x10, 0xff, 0xf4,
    0x2f, 0xff, 0xff, 0xff, 0xff, 0xd1, 0xff, 0xf4,
    0x2f, 0xff, 0xff, 0xff, 0xff, 0xfd, 0xff, 0xf4,
    0x2f, 0xff, 0xff, 0xff, 0xff, 0xff, 0xff, 0xf4,
    0x2f, 0xff, 0xff, 0xff, 0xff, 0xff, 0xff, 0xf4,
    0x2f, 0xff, 0xff, 0xff, 0xff, 0xff, 0xff, 0xf4,
    0x2f, 0xff, 0xff, 0xff, 0xff, 0xf4, 0xff, 0xf4,
    0x2f, 0xff, 0xff, 0xff, 0xfe, 0x30, 0xff, 0xf4,
    0x2f, 0xff, 0xff, 0xff, 0xe2, 0x0, 0xff, 0xf4,
    0x2f, 0xff, 0xff, 0xfd, 0x20, 0x0, 0xff, 0xf4,
    0x2f, 0xff, 0xff, 0xc1, 0x0, 0x0, 0xff, 0xf4,
    0x2f, 0xff, 0xfc, 0x0, 0x0, 0x0, 0xff, 0xf4,
    0x1f, 0xff, 0xb0, 0x0, 0x0, 0x0, 0xff, 0xf4,
    0xd, 0xfa, 0x0, 0x0, 0x0, 0x0, 0xff, 0xf3,
    0x0, 0x20, 0x0, 0x0, 0x0, 0x0, 0x23, 0x30,

    /* U+F052 "" */
    0x0, 0x0, 0x0, 0x0, 0x3, 0xcc, 0x40, 0x0,
    0x0, 0x0, 0x0, 0x0, 0x0, 0x0, 0x0, 0x3f,
    0xff, 0xf4, 0x0, 0x0, 0x0, 0x0, 0x0, 0x0,
    0x0, 0x2, 0xef, 0xff, 0xff, 0x30, 0x0, 0x0,
    0x0, 0x0, 0x0, 0x0, 0x1d, 0xff, 0xff, 0xff,
    0xe2, 0x0, 0x0, 0x0, 0x0, 0x0, 0x1, 0xdf,
    0xff, 0xff, 0xff, 0xfe, 0x10, 0x0, 0x0, 0x0,
    0x0, 0xc, 0xff, 0xff, 0xff, 0xff, 0xff, 0xd1,
    0x0, 0x0, 0x0, 0x0, 0xbf, 0xff, 0xff, 0xff,
    0xff, 0xff, 0xfc, 0x0, 0x0, 0x0, 0xa, 0xff,
    0xff, 0xff, 0xff, 0xff, 0xff, 0xff, 0xb0, 0x0,
    0x0, 0x8f, 0xff, 0xff, 0xff, 0xff, 0xff, 0xff,
    0xff, 0xfa, 0x0, 0x6, 0xff, 0xff, 0xff, 0xff,
    0xff, 0xff, 0xff, 0xff, 0xff, 0x80, 0xe, 0xff,
    0xff, 0xff, 0xff, 0xff, 0xff, 0xff, 0xff, 0xff,
    0xf1, 0xd, 0xff, 0xff, 0xff, 0xff, 0xff, 0xff,
    0xff, 0xff, 0xff, 0xf0, 0x4, 0xef, 0xff, 0xff,
    0xff, 0xff, 0xff, 0xff, 0xff, 0xff, 0x60, 0x0,
    0x0, 0x0, 0x0, 0x0, 0x0, 0x0, 0x0, 0x0,
    0x0, 0x0, 0x0, 0x11, 0x11, 0x11, 0x11, 0x11,
    0x11, 0x11, 0x11, 0x11, 0x0, 0xa, 0xff, 0xff,
    0xff, 0xff, 0xff, 0xff, 0xff, 0xff, 0xff, 0xb0,
    0xf, 0xff, 0xff, 0xff, 0xff, 0xff, 0xff, 0xff,
    0xff, 0xff, 0xf1, 0xf, 0xff, 0xff, 0xff, 0xff,
    0xff, 0xff, 0xff, 0xff, 0xff, 0xf2, 0xf, 0xff,
    0xff, 0xff, 0xff, 0xff, 0xff, 0xff, 0xff, 0xff,
    0xf2, 0xe, 0xff, 0xff, 0xff, 0xff, 0xff, 0xff,
    0xff, 0xff, 0xff, 0xf1, 0x4, 0xaa, 0xaa, 0xaa,
    0xaa, 0xaa, 0xaa, 0xaa, 0xaa, 0xaa, 0x50,

    /* U+F053 "" */
    0x0, 0x0, 0x0, 0x0, 0x3, 0x40, 0x0, 0x0,
    0x0, 0x0, 0x5, 0xff, 0x70, 0x0, 0x0, 0x0,
    0x5, 0xff, 0xff, 0x10, 0x0, 0x0, 0x5, 0xff,
    0xff, 0xb0, 0x0, 0x0, 0x5, 0xff, 0xff, 0xb0,
    0x0, 0x0, 0x5, 0xff, 0xff, 0xb0, 0x0, 0x0,
    0x5, 0xff, 0xff, 0xb0, 0x0, 0x0, 0x5, 0xff,
    0xff, 0xb0, 0x0, 0x0, 0x5, 0xff, 0xff, 0xb0,
    0x0, 0x0, 0x5, 0xff, 0xff, 0xb0, 0x0, 0x0,
    0x0, 0xbf, 0xff, 0xf2, 0x0, 0x0, 0x0, 0x2,
    0xef, 0xff, 0xe2, 0x0, 0x0, 0x0, 0x2, 0xef,
    0xff, 0xe2, 0x0, 0x0, 0x0, 0x2, 0xef, 0xff,
    0xe2, 0x0, 0x0, 0x0, 0x2, 0xef, 0xff, 0xe2,
    0x0, 0x0, 0x0, 0x2, 0xef, 0xff, 0xe2, 0x0,
    0x0, 0x0, 0x2, 0xef, 0xff, 0xe2, 0x0, 0x0,
    0x0, 0x2, 0xef, 0xff, 0xe0, 0x0, 0x0, 0x0,
    0x2, 0xef, 0xfe, 0x0, 0x0, 0x0, 0x0, 0x2,
    0xee, 0x30, 0x0, 0x0, 0x0, 0x0, 0x0, 0x0,
    0x0,

    /* U+F054 "" */
    0x2, 0x60, 0x0, 0x0, 0x0, 0x0, 0x2, 0xef,
    0xb0, 0x0, 0x0, 0x0, 0x0, 0xbf, 0xff, 0xb0,
    0x0, 0x0, 0x0, 0x5, 0xff, 0xff, 0xb0, 0x0,
    0x0, 0x0, 0x5, 0xff, 0xff, 0xb0, 0x0, 0x0,
    0x0, 0x5, 0xff, 0xff, 0xb0, 0x0, 0x0, 0x0,
    0x5, 0xff, 0xff, 0xb0, 0x0, 0x0, 0x0, 0x5,
    0xff, 0xff, 0xb0, 0x0, 0x0, 0x0, 0x5, 0xff,
    0xff, 0xb0, 0x0, 0x0, 0x0, 0x5, 0xff, 0xff,
    0xb0, 0x0, 0x0, 0x0, 0xc, 0xff, 0xff, 0x10,
    0x0, 0x0, 0xa, 0xff, 0xff, 0x60, 0x0, 0x0,
    0xa, 0xff, 0xff, 0x60, 0x0, 0x0, 0xa, 0xff,
    0xff, 0x60, 0x0, 0x0, 0xa, 0xff, 0xff, 0x60,
    0x0, 0x0, 0xa, 0xff, 0xff, 0x60, 0x0, 0x0,
    0xa, 0xff, 0xff, 0x60, 0x0, 0x0, 0x8, 0xff,
    0xff, 0x60, 0x0, 0x0, 0x0, 0x9f, 0xff, 0x60,
    0x0, 0x0, 0x0, 0x0, 0xbf, 0x60, 0x0, 0x0,
    0x0, 0x0, 0x0, 0x10, 0x0, 0x0, 0x0, 0x0,
    0x0,

    /* U+F067 "" */
    0x0, 0x0, 0x0, 0x0, 0x7d, 0xd9, 0x0, 0x0,
    0x0, 0x0, 0x0, 0x0, 0x0, 0x0, 0xf, 0xff,
    0xf2, 0x0, 0x0, 0x0, 0x0, 0x0, 0x0, 0x0,
    0x1, 0xff, 0xff, 0x30, 0x0, 0x0, 0x0, 0x0,
    0x0, 0x0, 0x0, 0x1f, 0xff, 0xf3, 0x0, 0x0,
    0x0, 0x0, 0x0, 0x0, 0x0, 0x1, 0xff, 0xff,
    0x30, 0x0, 0x0, 0x0, 0x0, 0x0, 0x0, 0x0,
    0x1f, 0xff, 0xf3, 0x0, 0x0, 0x0, 0x0, 0x0,
    0x0, 0x0, 0x1, 0xff, 0xff, 0x30, 0x0, 0x0,
    0x0, 0x0, 0x0, 0x0, 0x0, 0x1f, 0xff, 0xf3,
    0x0, 0x0, 0x0, 0x0, 0x8e, 0xff, 0xff, 0xff,
    0xff, 0xff, 0xff, 0xff, 0xff, 0xf9, 0xf, 0xff,
    0xff, 0xff, 0xff, 0xff, 0xff, 0xff, 0xff, 0xff,
    0xf1, 0xff, 0xff, 0xff, 0xff, 0xff, 0xff, 0xff,
    0xff, 0xff, 0xff, 0x1d, 0xff, 0xff, 0xff, 0xff,
    0xff, 0xff, 0xff, 0xff, 0xff, 0xe0, 0x15, 0x55,
    0x55, 0x56, 0xff, 0xff, 0x75, 0x55, 0x55, 0x51,
    0x0, 0x0, 0x0, 0x0, 0x1f, 0xff, 0xf3, 0x0,
    0x0, 0x0, 0x0, 0x0, 0x0, 0x0, 0x1, 0xff,
    0xff, 0x30, 0x0, 0x0, 0x0, 0x0, 0x0, 0x0,
    0x0, 0x1f, 0xff, 0xf3, 0x0, 0x0, 0x0, 0x0,
    0x0, 0x0, 0x0, 0x1, 0xff, 0xff, 0x30, 0x0,
    0x0, 0x0, 0x0, 0x0, 0x0, 0x0, 0x1f, 0xff,
    0xf3, 0x0, 0x0, 0x0, 0x0, 0x0, 0x0, 0x0,
    0x1, 0xff, 0xff, 0x30, 0x0, 0x0, 0x0, 0x0,
    0x0, 0x0, 0x0, 0xd, 0xff, 0xe1, 0x0, 0x0,
    0x0, 0x0, 0x0, 0x0, 0x0, 0x0, 0x4, 0x41,
    0x0, 0x0, 0x0, 0x0, 0x0,

    /* U+F068 "" */
    0x8e, 0xff, 0xff, 0xff, 0xff, 0xff, 0xff, 0xff,
    0xff, 0xf9, 0xf, 0xff, 0xff, 0xff, 0xff, 0xff,
    0xff, 0xff, 0xff, 0xff, 0xf1, 0xff, 0xff, 0xff,
    0xff, 0xff, 0xff, 0xff, 0xff, 0xff, 0xff, 0x1d,
    0xff, 0xff, 0xff, 0xff, 0xff, 0xff, 0xff, 0xff,
    0xff, 0xe0, 0x15, 0x55, 0x55, 0x55, 0x55, 0x55,
    0x55, 0x55, 0x55, 0x51, 0x0,

    /* U+F06E "" */
    0x0, 0x0, 0x0, 0x0, 0x0, 0x2, 0x33, 0x20,
    0x0, 0x0, 0x0, 0x0, 0x0, 0x0, 0x0, 0x0,
    0x2, 0x8c, 0xff, 0xff, 0xff, 0xc7, 0x10, 0x0,
    0x0, 0x0, 0x0, 0x0, 0x2, 0xaf, 0xff, 0xff,
    0xff, 0xff, 0xff, 0xf9, 0x10, 0x0, 0x0, 0x0,
    0x0, 0x6f, 0xff, 0xfd, 0x61, 0x0, 0x17, 0xef,
    0xff, 0xe4, 0x0, 0x0, 0x0, 0x9, 0xff, 0xff,
    0xa0, 0x0, 0x0, 0x0, 0x1c, 0xff, 0xff, 0x70,
    0x0, 0x0, 0x9f, 0xff, 0xfc, 0x0, 0x0, 0xde,
    0x91, 0x0, 0xdf, 0xff, 0xf7, 0x0, 0x6, 0xff,
    0xff, 0xf2, 0x0, 0x0, 0xdf, 0xfe, 0x20, 0x4f,
    0xff, 0xff, 0x40, 0x2f, 0xff, 0xff, 0xc0, 0x0,
    0x1, 0xff, 0xff, 0xc0, 0xe, 0xff, 0xff, 0xe1,
    0xbf, 0xff, 0xff, 0x80, 0x37, 0x6d, 0xff, 0xff,
    0xf2, 0xa, 0xff, 0xff, 0xf9, 0xff, 0xff, 0xff,
    0x70, 0x5f, 0xff, 0xff, 0xff, 0xf3, 0x9, 0xff,
    0xff, 0xfd, 0x9f, 0xff, 0xff, 0x90, 0x3f, 0xff,
    0xff, 0xff, 0xf1, 0xb, 0xff, 0xff, 0xf7, 0xe,
    0xff, 0xff, 0xd0, 0xc, 0xff, 0xff, 0xff, 0xa0,
    0xf, 0xff, 0xff, 0xd0, 0x4, 0xff, 0xff, 0xf4,
    0x1, 0xdf, 0xff, 0xfc, 0x0, 0x6f, 0xff, 0xff,
    0x20, 0x0, 0x5f, 0xff, 0xfe, 0x10, 0x6, 0xaa,
    0x50, 0x2, 0xff, 0xff, 0xf4, 0x0, 0x0, 0x5,
    0xff, 0xff, 0xd2, 0x0, 0x0, 0x0, 0x3e, 0xff,
    0xfe, 0x40, 0x0, 0x0, 0x0, 0x2d, 0xff, 0xff,
    0xa5, 0x33, 0x5a, 0xff, 0xff, 0xc1, 0x0, 0x0,
    0x0, 0x0, 0x0, 0x5d, 0xff, 0xff, 0xff, 0xff,
    0xff, 0xd5, 0x0, 0x0, 0x0, 0x0, 0x0, 0x0,
    0x0, 0x38, 0xcd, 0xff, 0xec, 0x83, 0x0, 0x0,
    0x0, 0x0,

    /* U+F070 "" */
    0x0, 0x0, 0x0, 0x0, 0x0, 0x0, 0x0, 0x0,
    0x0, 0x0, 0x0, 0x0, 0x0, 0x0, 0x3, 0xfa,
    0x0, 0x0, 0x0, 0x0, 0x0, 0x0, 0x0, 0x0,
    0x0, 0x0, 0x0, 0x0, 0x0, 0xdf, 0xfd, 0x20,
    0x0, 0x0, 0x0, 0x0, 0x0, 0x0, 0x0, 0x0,
    0x0, 0x0, 0x0, 0x6, 0xff, 0xff, 0x50, 0x0,
    0x0, 0x0, 0x23, 0x21, 0x0, 0x0, 0x0, 0x0,
    0x0, 0x0, 0x3, 0xef, 0xff, 0x90, 0x4, 0x9d,
    0xff, 0xff, 0xfe, 0xa4, 0x0, 0x0, 0x0, 0x0,
    0x0, 0x1, 0xbf, 0xff, 0xcd, 0xff, 0xff, 0xfe,
    0xff, 0xff, 0xfd, 0x40, 0x0, 0x0, 0x0, 0x0,
    0x0, 0x8f, 0xff, 0xff, 0xfb, 0x40, 0x0, 0x3a,
    0xff, 0xff, 0xa0, 0x0, 0x0, 0x0, 0x0, 0x0,
    0x4e, 0xff, 0xfb, 0x0, 0x0, 0x0, 0x5, 0xff,
    0xff, 0xd1, 0x0, 0x0, 0x0, 0x0, 0x0, 0x1c,
    0xff, 0xfb, 0x16, 0xec, 0x60, 0x6, 0xff, 0xff,
    0xe1, 0x0, 0x0, 0x0, 0x80, 0x0, 0x9, 0xff,
    0xfd, 0x8f, 0xff, 0x90, 0xc, 0xff, 0xff, 0xc0,
    0x0, 0x0, 0x9f, 0xd2, 0x0, 0x5, 0xff, 0xff,
    0xff, 0xff, 0x50, 0x5f, 0xff, 0xff, 0x80, 0x0,
    0x3f, 0xff, 0xf4, 0x0, 0x2, 0xdf, 0xff, 0xff,
    0xfa, 0x2, 0xff, 0xff, 0xff, 0x20, 0x6, 0xff,
    0xff, 0xf8, 0x0, 0x0, 0xaf, 0xff, 0xff, 0xb0,
    0x1f, 0xff, 0xff, 0xf5, 0x0, 0x1f, 0xff, 0xff,
    0xf2, 0x0, 0x0, 0x7f, 0xff, 0xfa, 0x3, 0xff,
    0xff, 0xfe, 0x10, 0x0, 0x7f, 0xff, 0xff, 0x60,
    0x0, 0x0, 0x3e, 0xff, 0xf8, 0x8f, 0xff, 0xff,
    0x50, 0x0, 0x0, 0xbf, 0xff, 0xfd, 0x0, 0x0,
    0x0, 0x1c, 0xff, 0xff, 0xff, 0xff, 0x90, 0x0,
    0x0, 0x0, 0xcf, 0xff, 0xf8, 0x0, 0x0, 0x0,
    0x8, 0xff, 0xff, 0xff, 0xb0, 0x0, 0x0, 0x0,
    0x0, 0xbf, 0xff, 0xf8, 0x0, 0x0, 0x0, 0x5,
    0xff, 0xff, 0xd0, 0x0, 0x0, 0x0, 0x0, 0x0,
    0x8f, 0xff, 0xfe, 0x74, 0x23, 0x0, 0x2, 0xdf,
    0xff, 0xa0, 0x0, 0x0, 0x0, 0x0, 0x0, 0x2a,
    0xff, 0xff, 0xff, 0xf9, 0x0, 0x0, 0xaf, 0xff,
    0xd2, 0x0, 0x0, 0x0, 0x0, 0x0, 0x1, 0x6a,
    0xdf, 0xfe, 0xd6, 0x0, 0x0, 0x6f, 0xff, 0xf5,
    0x0, 0x0, 0x0, 0x0, 0x0, 0x0, 0x0, 0x0,
    0x0, 0x0, 0x0, 0x0, 0x3e, 0xff, 0xf8, 0x0,
    0x0, 0x0, 0x0, 0x0, 0x0, 0x0, 0x0, 0x0,
    0x0, 0x0, 0x0, 0x1b, 0xff, 0x90, 0x0, 0x0,
    0x0, 0x0, 0x0, 0x0, 0x0, 0x0, 0x0, 0x0,
    0x0, 0x0, 0x7, 0xb0,

    /* U+F071 "" */
    0x0, 0x0, 0x0, 0x0, 0x0, 0x0, 0x0, 0x0,
    0x0, 0x0, 0x0, 0x0, 0x0, 0x0, 0x0, 0x0,
    0x0, 0x0, 0x0, 0x0, 0x7f, 0xf5, 0x0, 0x0,
    0x0, 0x0, 0x0, 0x0, 0x0, 0x0, 0x0, 0x0,
    0x0, 0x3, 0xff, 0xff, 0x20, 0x0, 0x0, 0x0,
    0x0, 0x0, 0x0, 0x0, 0x0, 0x0, 0x0, 0xc,
    0xff, 0xff, 0xa0, 0x0, 0x0, 0x0, 0x0, 0x0,
    0x0, 0x0, 0x0, 0x0, 0x0, 0x6f, 0xff, 0xff,
    0xf4, 0x0, 0x0, 0x0, 0x0, 0x0, 0x0, 0x0,
    0x0, 0x0, 0x0, 0xef, 0xff, 0xff, 0xfd, 0x0,
    0x0, 0x0, 0x0, 0x0, 0x0, 0x0, 0x0, 0x0,
    0x8, 0xff, 0xff, 0xff, 0xff, 0x60, 0x0, 0x0,
    0x0, 0x0, 0x0, 0x0, 0x0, 0x0, 0x2f, 0xff,
    0xff, 0xff, 0xff, 0xe1, 0x0, 0x0, 0x0, 0x0,
    0x0, 0x0, 0x0, 0x0, 0xbf, 0xff, 0xed, 0xde,
    0xff, 0xf9, 0x0, 0x0, 0x0, 0x0, 0x0, 0x0,
    0x0, 0x4, 0xff, 0xff, 0x0, 0x2, 0xff, 0xff,
    0x20, 0x0, 0x0, 0x0, 0x0, 0x0, 0x0, 0xd,
    0xff, 0xff, 0x0, 0x2, 0xff, 0xff, 0xb0, 0x0,
    0x0, 0x0, 0x0, 0x0, 0x0, 0x6f, 0xff, 0xff,
    0x10, 0x3, 0xff, 0xff, 0xf4, 0x0, 0x0, 0x0,
    0x0, 0x0, 0x1, 0xef, 0xff, 0xff, 0x20, 0x4,
    0xff, 0xff, 0xfd, 0x0, 0x0, 0x0, 0x0, 0x0,
    0x9, 0xff, 0xff, 0xff, 0x30, 0x5, 0xff, 0xff,
    0xff, 0x70, 0x0, 0x0, 0x0, 0x0, 0x2f, 0xff,
    0xff, 0xff, 0x40, 0x6, 0xff, 0xff, 0xff, 0xf1,
    0x0, 0x0, 0x0, 0x0, 0xbf, 0xff, 0xff, 0xff,
    0x60, 0x7, 0xff, 0xff, 0xff, 0xf9, 0x0, 0x0,
    0x0, 0x5, 0xff, 0xff, 0xff, 0xff, 0xfe, 0xef,
    0xff, 0xff, 0xff, 0xff, 0x30, 0x0, 0x0, 0xd,
    0xff, 0xff, 0xff, 0xff, 0x70, 0x9, 0xff, 0xff,
    0xff, 0xff, 0xc0, 0x0, 0x0, 0x7f, 0xff, 0xff,
    0xff, 0xff, 0x0, 0x1, 0xff, 0xff, 0xff, 0xff,
    0xf5, 0x0, 0x1, 0xff, 0xff, 0xff, 0xff, 0xff,
    0x0, 0x2, 0xff, 0xff, 0xff, 0xff, 0xfe, 0x0,
    0x9, 0xff, 0xff, 0xff, 0xff, 0xff, 0xa2, 0x2c,
    0xff, 0xff, 0xff, 0xff, 0xff, 0x70, 0xf, 0xff,
    0xff, 0xff, 0xff, 0xff, 0xff, 0xff, 0xff, 0xff,
    0xff, 0xff, 0xff, 0xd0, 0xd, 0xff, 0xff, 0xff,
    0xff, 0xff, 0xff, 0xff, 0xff, 0xff, 0xff, 0xff,
    0xff, 0xb0, 0x3, 0xce, 0xee, 0xee, 0xee, 0xee,
    0xee, 0xee, 0xee, 0xee, 0xee, 0xee, 0xec, 0x20,

    /* U+F074 "" */
    0x0, 0x0, 0x0, 0x0, 0x0, 0x0, 0x0, 0x0,
    0x0, 0x0, 0x0, 0x0, 0x0, 0x0, 0x0, 0x0,
    0x0, 0x0, 0x0, 0x0, 0x5b, 0x20, 0x0, 0x0,
    0x0, 0x0, 0x0, 0x0, 0x0, 0x0, 0x0, 0xb,
    0xfe, 0x20, 0x0, 0x0, 0x0, 0x0, 0x0, 0x0,
    0x0, 0x0, 0x0, 0xcf, 0xfe, 0x20, 0xef, 0xff,
    0xfe, 0x30, 0x0, 0x0, 0x2, 0xdf, 0xff, 0xff,
    0xfe, 0x2f, 0xff, 0xff, 0xff, 0x30, 0x0, 0x1,
    0xdf, 0xff, 0xff, 0xff, 0xfe, 0xff, 0xff, 0xff,
    0xfe, 0x20, 0x1, 0xdf, 0xff, 0xff, 0xff, 0xff,
    0xb9, 0xaa, 0xad, 0xff, 0xfd, 0x0, 0xcf, 0xff,
    0xda, 0xef, 0xff, 0xc0, 0x0, 0x0, 0x1d, 0xff,
    0x40, 0xbf, 0xff, 0xe2, 0xc, 0xff, 0xc0, 0x0,
    0x0, 0x0, 0x1e, 0x50, 0xaf, 0xff, 0xe2, 0x0,
    0xbf, 0xc0, 0x0, 0x0, 0x0, 0x0, 0x0, 0x9f,
    0xff, 0xf3, 0x0, 0x2, 0x60, 0x0, 0x0, 0x0,
    0x0, 0x0, 0x7f, 0xff, 0xf4, 0x0, 0x0, 0x0,
    0x0, 0x0, 0x0, 0x0, 0x0, 0x6f, 0xff, 0xf5,
    0x5, 0x0, 0x6, 0xd3, 0x0, 0x0, 0x0, 0x0,
    0x5f, 0xff, 0xf6, 0x9, 0xf7, 0x0, 0xbf, 0xf3,
    0x0, 0x0, 0x0, 0x4f, 0xff, 0xf8, 0x7, 0xff,
    0xf6, 0xc, 0xff, 0xf3, 0xf, 0xff, 0xff, 0xff,
    0xf9, 0x0, 0x7f, 0xff, 0xff, 0xff, 0xff, 0xf3,
    0xff, 0xff, 0xff, 0xfa, 0x0, 0x0, 0x8f, 0xff,
    0xff, 0xff, 0xff, 0xef, 0xff, 0xff, 0xfb, 0x0,
    0x0, 0x0, 0x9f, 0xff, 0xff, 0xff, 0xfa, 0x79,
    0x99, 0x98, 0x0, 0x0, 0x0, 0x0, 0x79, 0x9e,
    0xff, 0xfb, 0x0, 0x0, 0x0, 0x0, 0x0, 0x0,
    0x0, 0x0, 0x0, 0xcf, 0xfb, 0x0, 0x0, 0x0,
    0x0, 0x0, 0x0, 0x0, 0x0, 0x0, 0xb, 0xfb,
    0x0, 0x0, 0x0, 0x0, 0x0, 0x0, 0x0, 0x0,
    0x0, 0x0, 0x15, 0x0, 0x0,

    /* U+F077 "" */
    0x0, 0x0, 0x0, 0x0, 0x5, 0x60, 0x0, 0x0,
    0x0, 0x0, 0x0, 0x0, 0x0, 0x0, 0x7f, 0xf8,
    0x0, 0x0, 0x0, 0x0, 0x0, 0x0, 0x0, 0x7,
    0xff, 0xff, 0x80, 0x0, 0x0, 0x0, 0x0, 0x0,
    0x0, 0x7f, 0xff, 0xff, 0xf9, 0x0, 0x0, 0x0,
    0x0, 0x0, 0x7, 0xff, 0xff, 0xff, 0xff, 0x90,
    0x0, 0x0, 0x0, 0x0, 0x7f, 0xff, 0xfa, 0x8f,
    0xff, 0xf9, 0x0, 0x0, 0x0, 0x7, 0xff, 0xff,
    0xa0, 0x8, 0xff, 0xff, 0x90, 0x0, 0x0, 0x7f,
    0xff, 0xfa, 0x0, 0x0, 0x8f, 0xff, 0xf9, 0x0,
    0x7, 0xff, 0xff, 0x90, 0x0, 0x0, 0x8, 0xff,
    0xff, 0x90, 0x6f, 0xff, 0xf9, 0x0, 0x0, 0x0,
    0x0, 0x8f, 0xff, 0xf8, 0xaf, 0xff, 0x90, 0x0,
    0x0, 0x0, 0x0, 0x8, 0xff, 0xfc, 0x1d, 0xf9,
    0x0, 0x0, 0x0, 0x0, 0x0, 0x0, 0x8f, 0xe2,
    0x0, 0x40, 0x0, 0x0, 0x0, 0x0, 0x0, 0x0,
    0x3, 0x10,

    /* U+F078 "" */
    0x3, 0x81, 0x0, 0x0, 0x0, 0x0, 0x0, 0x0,
    0x7, 0x40, 0x3f, 0xfc, 0x10, 0x0, 0x0, 0x0,
    0x0, 0x0, 0xbf, 0xf4, 0xaf, 0xff, 0xc1, 0x0,
    0x0, 0x0, 0x0, 0xb, 0xff, 0xfc, 0x3f, 0xff,
    0xfc, 0x10, 0x0, 0x0, 0x0, 0xbf, 0xff, 0xf5,
    0x3, 0xff, 0xff, 0xc1, 0x0, 0x0, 0xb, 0xff,
    0xff, 0x50, 0x0, 0x3f, 0xff, 0xfc, 0x10, 0x0,
    0xbf, 0xff, 0xf5, 0x0, 0x0, 0x3, 0xff, 0xff,
    0xc1, 0xb, 0xff, 0xff, 0x50, 0x0, 0x0, 0x0,
    0x3f, 0xff, 0xfc, 0xbf, 0xff, 0xf5, 0x0, 0x0,
    0x0, 0x0, 0x3, 0xff, 0xff, 0xff, 0xff, 0x50,
    0x0, 0x0, 0x0, 0x0, 0x0, 0x3f, 0xff, 0xff,
    0xf5, 0x0, 0x0, 0x0, 0x0, 0x0, 0x0, 0x3,
    0xff, 0xff, 0x50, 0x0, 0x0, 0x0, 0x0, 0x0,
    0x0, 0x0, 0x3f, 0xf5, 0x0, 0x0, 0x0, 0x0,
    0x0, 0x0, 0x0, 0x0, 0x2, 0x20, 0x0, 0x0,
    0x0, 0x0,

    /* U+F079 "" */
    0x0, 0x0, 0x1, 0x0, 0x0, 0x0, 0x0, 0x0,
    0x0, 0x0, 0x0, 0x0, 0x0, 0x0, 0x0, 0x0,
    0x7, 0xfb, 0x0, 0x0, 0x0, 0x0, 0x0, 0x0,
    0x0, 0x0, 0x0, 0x0, 0x0, 0x0, 0x8, 0xff,
    0xfc, 0x0, 0x8, 0xdd, 0xdd, 0xdd, 0xdd, 0xdd,
    0xda, 0x0, 0x0, 0x0, 0x8, 0xff, 0xff, 0xfc,
    0x0, 0xef, 0xff, 0xff, 0xff, 0xff, 0xff, 0xf1,
    0x0, 0x0, 0x9, 0xff, 0xff, 0xff, 0xfc, 0x13,
    0xef, 0xff, 0xff, 0xff, 0xff, 0xff, 0x10, 0x0,
    0x9, 0xff, 0xfe, 0xff, 0xef, 0xfd, 0x0, 0x0,
    0x0, 0x0, 0x0, 0xcf, 0xf1, 0x0, 0x0, 0xef,
    0xf5, 0xcf, 0xf3, 0xef, 0xf2, 0x0, 0x0, 0x0,
    0x0, 0xc, 0xff, 0x10, 0x0, 0x3, 0xc5, 0xc,
    0xff, 0x12, 0xb6, 0x0, 0x0, 0x0, 0x0, 0x0,
    0xcf, 0xf1, 0x0, 0x0, 0x0, 0x0, 0xcf, 0xf1,
    0x0, 0x0, 0x0, 0x0, 0x0, 0x0, 0xc, 0xff,
    0x10, 0x0, 0x0, 0x0, 0xc, 0xff, 0x10, 0x0,
    0x0, 0x0, 0x0, 0x0, 0x0, 0xcf, 0xf1, 0x0,
    0x0, 0x0, 0x0, 0xcf, 0xf1, 0x0, 0x0, 0x0,
    0x0, 0x0, 0x0, 0xc, 0xff, 0x10, 0x0, 0x0,
    0x0, 0xc, 0xff, 0x10, 0x0, 0x0, 0x0, 0x0,
    0x3c, 0x60, 0xcf, 0xf1, 0x2c, 0x70, 0x0, 0x0,
    0xcf, 0xf1, 0x0, 0x0, 0x0, 0x0, 0xd, 0xff,
    0x5c, 0xff, 0x3e, 0xff, 0x30, 0x0, 0xc, 0xff,
    0x21, 0x11, 0x11, 0x11, 0x10, 0x8f, 0xff, 0xef,
    0xfe, 0xff, 0xc0, 0x0, 0x0, 0xcf, 0xff, 0xff,
    0xff, 0xff, 0xff, 0x80, 0x8f, 0xff, 0xff, 0xff,
    0xc1, 0x0, 0x0, 0xc, 0xff, 0xff, 0xff, 0xff,
    0xff, 0xff, 0x30, 0x7f, 0xff, 0xff, 0xc0, 0x0,
    0x0, 0x0, 0x5c, 0xcc, 0xcc, 0xcc, 0xcc, 0xcc,
    0xb1, 0x0, 0x7f, 0xff, 0xb0, 0x0, 0x0, 0x0,
    0x0, 0x0, 0x0, 0x0, 0x0, 0x0, 0x0, 0x0,
    0x0, 0x6f, 0xb0, 0x0, 0x0, 0x0, 0x0, 0x0,
    0x0, 0x0, 0x0, 0x0, 0x0, 0x0, 0x0, 0x0,
    0x10, 0x0, 0x0, 0x0,

    /* U+F07B "" */
    0x1, 0x34, 0x44, 0x44, 0x41, 0x0, 0x0, 0x0,
    0x0, 0x0, 0x0, 0x6, 0xff, 0xff, 0xff, 0xff,
    0xe2, 0x0, 0x0, 0x0, 0x0, 0x0, 0x0, 0xef,
    0xff, 0xff, 0xff, 0xff, 0xe2, 0x0, 0x0, 0x0,
    0x0, 0x0, 0xf, 0xff, 0xff, 0xff, 0xff, 0xff,
    0xe6, 0x66, 0x66, 0x66, 0x65, 0x30, 0xff, 0xff,
    0xff, 0xff, 0xff, 0xff, 0xff, 0xff, 0xff, 0xff,
    0xff, 0x8f, 0xff, 0xff, 0xff, 0xff, 0xff, 0xff,
    0xff, 0xff, 0xff, 0xff, 0xff, 0xff, 0xff, 0xff,
    0xff, 0xff, 0xff, 0xff, 0xff, 0xff, 0xff, 0xff,
    0xff, 0xff, 0xff, 0xff, 0xff, 0xff, 0xff, 0xff,
    0xff, 0xff, 0xff, 0xff, 0xff, 0xff, 0xff, 0xff,
    0xff, 0xff, 0xff, 0xff, 0xff, 0xff, 0xff, 0xff,
    0xff, 0xff, 0xff, 0xff, 0xff, 0xff, 0xff, 0xff,
    0xff, 0xff, 0xff, 0xff, 0xff, 0xff, 0xff, 0xff,
    0xff, 0xff, 0xff, 0xff, 0xff, 0xff, 0xff, 0xff,
    0xff, 0xff, 0xff, 0xff, 0xff, 0xff, 0xff, 0xff,
    0xff, 0xff, 0xff, 0xff, 0xff, 0xff, 0xff, 0xff,
    0xff, 0xff, 0xff, 0xff, 0xff, 0xff, 0xff, 0xff,
    0xff, 0xff, 0xff, 0xff, 0xff, 0xff, 0xff, 0xff,
    0xff, 0xff, 0xff, 0xff, 0xff, 0xff, 0xff, 0xff,
    0xff, 0xff, 0xff, 0xff, 0xff, 0xff, 0xff, 0xff,
    0xff, 0xff, 0xff, 0xff, 0xff, 0xff, 0xff, 0xff,
    0xdf, 0xff, 0xff, 0xff, 0xff, 0xff, 0xff, 0xff,
    0xff, 0xff, 0xff, 0xd3, 0xdf, 0xff, 0xff, 0xff,
    0xff, 0xff, 0xff, 0xff, 0xff, 0xff, 0xd3,

    /* U+F093 "" */
    0x0, 0x0, 0x0, 0x0, 0x0, 0x3e, 0x80, 0x0,
    0x0, 0x0, 0x0, 0x0, 0x0, 0x0, 0x0, 0x0,
    0x3e, 0xff, 0x80, 0x0, 0x0, 0x0, 0x0, 0x0,
    0x0, 0x0, 0x0, 0x3e, 0xff, 0xff, 0x80, 0x0,
    0x0, 0x0, 0x0, 0x0, 0x0, 0x0, 0x3e, 0xff,
    0xff, 0xff, 0x80, 0x0, 0x0, 0x0, 0x0, 0x0,
    0x0, 0x3e, 0xff, 0xff, 0xff, 0xff, 0x80, 0x0,
    0x0, 0x0, 0x0, 0x0, 0x3e, 0xff, 0xff, 0xff,
    0xff, 0xff, 0x80, 0x0, 0x0, 0x0, 0x0, 0x3e,
    0xff, 0xff, 0xff, 0xff, 0xff, 0xff, 0x80, 0x0,
    0x0, 0x0, 0xe, 0xff, 0xff, 0xff, 0xff, 0xff,
    0xff, 0xff, 0x50, 0x0, 0x0, 0x0, 0x7a, 0xaa,
    0xbf, 0xff, 0xff, 0xda, 0xaa, 0x91, 0x0, 0x0,
    0x0, 0x0, 0x0, 0x2, 0xff, 0xff, 0xf9, 0x0,
    0x0, 0x0, 0x0, 0x0, 0x0, 0x0, 0x0, 0x2f,
    0xff, 0xff, 0x90, 0x0, 0x0, 0x0, 0x0, 0x0,
    0x0, 0x0, 0x2, 0xff, 0xff, 0xf9, 0x0, 0x0,
    0x0, 0x0, 0x0, 0x0, 0x0, 0x0, 0x2f, 0xff,
    0xff, 0x90, 0x0, 0x0, 0x0, 0x0, 0x0, 0x0,
    0x0, 0x2, 0xff, 0xff, 0xf9, 0x0, 0x0, 0x0,
    0x0, 0x0, 0x0, 0x0, 0x0, 0x2f, 0xff, 0xff,
    0x90, 0x0, 0x0, 0x0, 0x0, 0x22, 0x22, 0x22,
    0x2, 0xff, 0xff, 0xf9, 0x2, 0x22, 0x22, 0x20,
    0xdf, 0xff, 0xff, 0xf4, 0x1f, 0xff, 0xff, 0x74,
    0xff, 0xff, 0xff, 0xdf, 0xff, 0xff, 0xff, 0xa0,
    0x13, 0x33, 0x30, 0xaf, 0xff, 0xff, 0xff, 0xff,
    0xff, 0xff, 0xff, 0xb6, 0x55, 0x56, 0xbf, 0xff,
    0xff, 0xff, 0xff, 0xff, 0xff, 0xff, 0xff, 0xff,
    0xff, 0xff, 0xff, 0xff, 0xff, 0xff, 0xff, 0xff,
    0xff, 0xff, 0xff, 0xff, 0xff, 0xfc, 0xe, 0x70,
    0xdf, 0xff, 0xff, 0xff, 0xff, 0xff, 0xff, 0xff,
    0xff, 0xe6, 0xfb, 0x5e, 0xff, 0xbf, 0xff, 0xff,
    0xff, 0xff, 0xff, 0xff, 0xff, 0xff, 0xff, 0xff,
    0xb0,

    /* U+F095 "" */
    0x0, 0x0, 0x0, 0x0, 0x0, 0x0, 0x0, 0x0,
    0x0, 0x10, 0x0, 0x0, 0x0, 0x0, 0x0, 0x0,
    0x0, 0x0, 0x0, 0x0, 0xb, 0xfd, 0x96, 0x20,
    0x0, 0x0, 0x0, 0x0, 0x0, 0x0, 0x0, 0x0,
    0x2f, 0xff, 0xff, 0xfb, 0x0, 0x0, 0x0, 0x0,
    0x0, 0x0, 0x0, 0x0, 0x9f, 0xff, 0xff, 0xff,
    0x0, 0x0, 0x0, 0x0, 0x0, 0x0, 0x0, 0x1,
    0xff, 0xff, 0xff, 0xfe, 0x0, 0x0, 0x0, 0x0,
    0x0, 0x0, 0x0, 0x7, 0xff, 0xff, 0xff, 0xfd,
    0x0, 0x0, 0x0, 0x0, 0x0, 0x0, 0x0, 0xd,
    0xff, 0xff, 0xff, 0xfb, 0x0, 0x0, 0x0, 0x0,
    0x0, 0x0, 0x0, 0xc, 0xff, 0xff, 0xff, 0xf8,
    0x0, 0x0, 0x0, 0x0, 0x0, 0x0, 0x0, 0x0,
    0xbf, 0xff, 0xff, 0xf4, 0x0, 0x0, 0x0, 0x0,
    0x0, 0x0, 0x0, 0x0, 0x8, 0xff, 0xff, 0xf0,
    0x0, 0x0, 0x0, 0x0, 0x0, 0x0, 0x0, 0x0,
    0x2, 0xff, 0xff, 0xa0, 0x0, 0x0, 0x0, 0x0,
    0x0, 0x0, 0x0, 0x0, 0xb, 0xff, 0xff, 0x30,
    0x0, 0x0, 0x0, 0x0, 0x0, 0x0, 0x0, 0x0,
    0x5f, 0xff, 0xfc, 0x0, 0x0, 0x0, 0x0, 0x0,
    0x0, 0x0, 0x0, 0x2, 0xff, 0xff, 0xf3, 0x0,
    0x0, 0x0, 0x0, 0x0, 0x0, 0x0, 0x0, 0x1e,
    0xff, 0xff, 0x90, 0x0, 0x0, 0x0, 0x17, 0xee,
    0x20, 0x0, 0x2, 0xef, 0xff, 0xfd, 0x0, 0x0,
    0x0, 0x3a, 0xff, 0xff, 0xd1, 0x0, 0x5f, 0xff,
    0xff, 0xe2, 0x0, 0x0, 0xb, 0xff, 0xff, 0xff,
    0xfc, 0x3c, 0xff, 0xff, 0xff, 0x30, 0x0, 0x0,
    0xe, 0xff, 0xff, 0xff, 0xff, 0xff, 0xff, 0xff,
    0xe2, 0x0, 0x0, 0x0, 0xb, 0xff, 0xff, 0xff,
    0xff, 0xff, 0xff, 0xfc, 0x10, 0x0, 0x0, 0x0,
    0x7, 0xff, 0xff, 0xff, 0xff, 0xff, 0xff, 0x80,
    0x0, 0x0, 0x0, 0x0, 0x3, 0xff, 0xff, 0xff,
    0xff, 0xff, 0xb2, 0x0, 0x0, 0x0, 0x0, 0x0,
    0x0, 0xff, 0xff, 0xff, 0xfe, 0x92, 0x0, 0x0,
    0x0, 0x0, 0x0, 0x0, 0x0, 0x8d, 0xdb, 0x97,
    0x30, 0x0, 0x0, 0x0, 0x0, 0x0, 0x0, 0x0,

    /* U+F0C4 "" */
    0x0, 0x5a, 0xb8, 0x20, 0x0, 0x0, 0x0, 0x0,
    0x0, 0x0, 0x0, 0xaf, 0xff, 0xff, 0x50, 0x0,
    0x0, 0x0, 0x8e, 0xfc, 0x40, 0x7f, 0xff, 0xff,
    0xff, 0x10, 0x0, 0x0, 0xbf, 0xff, 0xff, 0xd,
    0xff, 0x73, 0xcf, 0xf7, 0x0, 0x0, 0xbf, 0xff,
    0xff, 0x50, 0xff, 0xe0, 0x4, 0xff, 0x90, 0x0,
    0xbf, 0xff, 0xff, 0x50, 0xe, 0xff, 0x40, 0xaf,
    0xf8, 0x0, 0xbf, 0xff, 0xff, 0x50, 0x0, 0x8f,
    0xff, 0xff, 0xff, 0xa0, 0xbf, 0xff, 0xff, 0x50,
    0x0, 0x0, 0xdf, 0xff, 0xff, 0xff, 0xef, 0xff,
    0xff, 0x40, 0x0, 0x0, 0x0, 0x8d, 0xef, 0xff,
    0xff, 0xff, 0xff, 0x40, 0x0, 0x0, 0x0, 0x0,
    0x0, 0x7f, 0xff, 0xff, 0xff, 0x40, 0x0, 0x0,
    0x0, 0x0, 0x0, 0x0, 0xdf, 0xff, 0xff, 0xc0,
    0x0, 0x0, 0x0, 0x0, 0x0, 0x1, 0xaf, 0xff,
    0xff, 0xff, 0xb0, 0x0, 0x0, 0x0, 0x2, 0xbf,
    0xff, 0xff, 0xff, 0xff, 0xff, 0xb0, 0x0, 0x0,
    0x2, 0xff, 0xff, 0xff, 0xff, 0xbf, 0xff, 0xff,
    0xb0, 0x0, 0x0, 0xaf, 0xfe, 0xcf, 0xff, 0x80,
    0x7f, 0xff, 0xff, 0xc0, 0x0, 0xf, 0xff, 0x10,
    0x7f, 0xf9, 0x0, 0x6f, 0xff, 0xff, 0xc0, 0x0,
    0xff, 0xf1, 0x6, 0xff, 0x90, 0x0, 0x6f, 0xff,
    0xff, 0xc0, 0xb, 0xff, 0xeb, 0xff, 0xf5, 0x0,
    0x0, 0x5f, 0xff, 0xff, 0xc0, 0x3f, 0xff, 0xff,
    0xfc, 0x0, 0x0, 0x0, 0x4f, 0xff, 0xfc, 0x0,
    0x3d, 0xff, 0xfa, 0x0, 0x0, 0x0, 0x0, 0x16,
    0x74, 0x0, 0x0, 0x2, 0x31, 0x0, 0x0, 0x0,
    0x0, 0x0, 0x0, 0x0, 0x0,

    /* U+F0C5 "" */
    0x0, 0x0, 0x0, 0x2, 0x22, 0x22, 0x22, 0x10,
    0x0, 0x0, 0x0, 0x0, 0x0, 0xe, 0xff, 0xff,
    0xff, 0xf8, 0x3e, 0x30, 0x0, 0x0, 0x0, 0x1,
    0xff, 0xff, 0xff, 0xff, 0x83, 0xff, 0x30, 0x0,
    0x0, 0x0, 0x1f, 0xff, 0xff, 0xff, 0xf8, 0x3f,
    0xff, 0x30, 0x0, 0x0, 0x1, 0xff, 0xff, 0xff,
    0xff, 0x83, 0xff, 0xfe, 0x8, 0xcd, 0xd4, 0x1f,
    0xff, 0xff, 0xff, 0xf8, 0x3, 0x33, 0x30, 0xff,
    0xff, 0x51, 0xff, 0xff, 0xff, 0xff, 0xd3, 0x22,
    0x22, 0xf, 0xff, 0xf5, 0x1f, 0xff, 0xff, 0xff,
    0xff, 0xff, 0xff, 0xf2, 0xff, 0xff, 0x51, 0xff,
    0xff, 0xff, 0xff, 0xff, 0xff, 0xff, 0x2f, 0xff,
    0xf5, 0x1f, 0xff, 0xff, 0xff, 0xff, 0xff, 0xff,
    0xf2, 0xff, 0xff, 0x51, 0xff, 0xff, 0xff, 0xff,
    0xff, 0xff, 0xff, 0x2f, 0xff, 0xf5, 0x1f, 0xff,
    0xff, 0xff, 0xff, 0xff, 0xff, 0xf2, 0xff, 0xff,
    0x51, 0xff, 0xff, 0xff, 0xff, 0xff, 0xff, 0xff,
    0x2f, 0xff, 0xf5, 0x1f, 0xff, 0xff, 0xff, 0xff,
    0xff, 0xff, 0xf2, 0xff, 0xff, 0x51, 0xff, 0xff,
    0xff, 0xff, 0xff, 0xff, 0xff, 0x2f, 0xff, 0xf5,
    0x1f, 0xff, 0xff, 0xff, 0xff, 0xff, 0xff, 0xf2,
    0xff, 0xff, 0x51, 0xff, 0xff, 0xff, 0xff, 0xff,
    0xff, 0xff, 0x2f, 0xff, 0xf5, 0x1f, 0xff, 0xff,
    0xff, 0xff, 0xff, 0xff, 0xf2, 0xff, 0xff, 0x51,
    0xff, 0xff, 0xff, 0xff, 0xff, 0xff, 0xff, 0x1f,
    0xff, 0xf9, 0x9, 0xcc, 0xcc, 0xcc, 0xcc, 0xcc,
    0xcc, 0x90, 0xff, 0xff, 0xf7, 0x10, 0x0, 0x0,
    0x0, 0x0, 0x0, 0x0, 0xf, 0xff, 0xff, 0xff,
    0xff, 0xff, 0xff, 0xf8, 0x0, 0x0, 0x0, 0xff,
    0xff, 0xff, 0xff, 0xff, 0xff, 0xff, 0x80, 0x0,
    0x0, 0x9, 0xde, 0xee, 0xee, 0xee, 0xee, 0xee,
    0xd3, 0x0, 0x0, 0x0,

    /* U+F0C7 "" */
    0x2a, 0xdd, 0xdd, 0xdd, 0xdd, 0xdd, 0xdd, 0xc5,
    0x0, 0x0, 0xc, 0xff, 0xff, 0xff, 0xff, 0xff,
    0xff, 0xff, 0xf6, 0x0, 0x0, 0xff, 0xff, 0xff,
    0xff, 0xff, 0xff, 0xff, 0xff, 0xf6, 0x0, 0xf,
    0xfe, 0x10, 0x0, 0x0, 0x0, 0x0, 0x1c, 0xff,
    0xf6, 0x0, 0xff, 0xe0, 0x0, 0x0, 0x0, 0x0,
    0x0, 0xaf, 0xff, 0xf5, 0xf, 0xfe, 0x0, 0x0,
    0x0, 0x0, 0x0, 0xa, 0xff, 0xff, 0xf0, 0xff,
    0xe0, 0x0, 0x0, 0x0, 0x0, 0x0, 0xaf, 0xff,
    0xff, 0x1f, 0xfe, 0x0, 0x0, 0x0, 0x0, 0x0,
    0xa, 0xff, 0xff, 0xf1, 0xff, 0xe1, 0x0, 0x0,
    0x0, 0x0, 0x0, 0xcf, 0xff, 0xff, 0x1f, 0xff,
    0xff, 0xff, 0xff, 0xff, 0xff, 0xff, 0xff, 0xff,
    0xf1, 0xff, 0xff, 0xff, 0xff, 0xff, 0xff, 0xff,
    0xff, 0xff, 0xff, 0x1f, 0xff, 0xff, 0xff, 0xff,
    0xee, 0xff, 0xff, 0xff, 0xff, 0xf1, 0xff, 0xff,
    0xff, 0xff, 0x40, 0x4, 0xef, 0xff, 0xff, 0xff,
    0x1f, 0xff, 0xff, 0xff, 0x70, 0x0, 0x6, 0xff,
    0xff, 0xff, 0xf1, 0xff, 0xff, 0xff, 0xf3, 0x0,
    0x0, 0x2f, 0xff, 0xff, 0xff, 0x1f, 0xff, 0xff,
    0xff, 0x60, 0x0, 0x5, 0xff, 0xff, 0xff, 0xf1,
    0xff, 0xff, 0xff, 0xfe, 0x20, 0x2, 0xdf, 0xff,
    0xff, 0xff, 0x1f, 0xff, 0xff, 0xff, 0xff, 0xcb,
    0xff, 0xff, 0xff, 0xff, 0xf1, 0xef, 0xff, 0xff,
    0xff, 0xff, 0xff, 0xff, 0xff, 0xff, 0xff, 0x6,
    0xff, 0xff, 0xff, 0xff, 0xff, 0xff, 0xff, 0xff,
    0xff, 0x70, 0x1, 0x33, 0x33, 0x33, 0x33, 0x33,
    0x33, 0x33, 0x33, 0x10, 0x0,

    /* U+F0C9 "" */
    0x24, 0x44, 0x44, 0x44, 0x44, 0x44, 0x44, 0x44,
    0x44, 0x43, 0xf, 0xff, 0xff, 0xff, 0xff, 0xff,
    0xff, 0xff, 0xff, 0xff, 0xf1, 0xff, 0xff, 0xff,
    0xff, 0xff, 0xff, 0xff, 0xff, 0xff, 0xff, 0x2d,
    0xff, 0xff, 0xff, 0xff, 0xff, 0xff, 0xff, 0xff,
    0xff, 0xe0, 0x0, 0x0, 0x0, 0x0, 0x0, 0x0,
    0x0, 0x0, 0x0, 0x0, 0x0, 0x0, 0x0, 0x0,
    0x0, 0x0, 0x0, 0x0, 0x0, 0x0, 0x0, 0x0,
    0x0, 0x0, 0x0, 0x0, 0x0, 0x0, 0x0, 0x0,
    0x0, 0x2, 0x44, 0x44, 0x44, 0x44, 0x44, 0x44,
    0x44, 0x44, 0x44, 0x20, 0xff, 0xff, 0xff, 0xff,
    0xff, 0xff, 0xff, 0xff, 0xff, 0xff, 0x1f, 0xff,
    0xff, 0xff, 0xff, 0xff, 0xff, 0xff, 0xff, 0xff,
    0xf2, 0xdf, 0xff, 0xff, 0xff, 0xff, 0xff, 0xff,
    0xff, 0xff, 0xfe, 0x0, 0x0, 0x0, 0x0, 0x0,
    0x0, 0x0, 0x0, 0x0, 0x0, 0x0, 0x0, 0x0,
    0x0, 0x0, 0x0, 0x0, 0x0, 0x0, 0x0, 0x0,
    0x0, 0x0, 0x0, 0x0, 0x0, 0x0, 0x0, 0x0,
    0x0, 0x0, 0x0, 0x1, 0x11, 0x11, 0x11, 0x11,
    0x11, 0x11, 0x11, 0x11, 0x10, 0xe, 0xff, 0xff,
    0xff, 0xff, 0xff, 0xff, 0xff, 0xff, 0xff, 0xf1,
    0xff, 0xff, 0xff, 0xff, 0xff, 0xff, 0xff, 0xff,
    0xff, 0xff, 0x2f, 0xff, 0xff, 0xff, 0xff, 0xff,
    0xff, 0xff, 0xff, 0xff, 0xf1, 0x13, 0x33, 0x33,
    0x33, 0x33, 0x33, 0x33, 0x33, 0x33, 0x31, 0x0,

    /* U+F0E0 "" */
    0x4, 0x77, 0x77, 0x77, 0x77, 0x77, 0x77, 0x77,
    0x77, 0x77, 0x74, 0x9, 0xff, 0xff, 0xff, 0xff,
    0xff, 0xff, 0xff, 0xff, 0xff, 0xff, 0xf9, 0xff,
    0xff, 0xff, 0xff, 0xff, 0xff, 0xff, 0xff, 0xff,
    0xff, 0xff, 0xff, 0xff, 0xff, 0xff, 0xff, 0xff,
    0xff, 0xff, 0xff, 0xff, 0xff, 0xff, 0x7f, 0xff,
    0xff, 0xff, 0xff, 0xff, 0xff, 0xff, 0xff, 0xff,
    0xff, 0x70, 0x4e, 0xff, 0xff, 0xff, 0xff, 0xff,
    0xff, 0xff, 0xff, 0xfe, 0x40, 0x91, 0x1b, 0xff,
    0xff, 0xff, 0xff, 0xff, 0xff, 0xff, 0xfb, 0x10,
    0x6f, 0xd3, 0x7, 0xff, 0xff, 0xff, 0xff, 0xff,
    0xff, 0xf7, 0x1, 0xbf, 0xff, 0xf6, 0x3, 0xef,
    0xff, 0xff, 0xff, 0xff, 0xe3, 0x4, 0xef, 0xff,
    0xff, 0xfa, 0x1, 0xaf, 0xff, 0xff, 0xff, 0xa1,
    0x8, 0xff, 0xff, 0xff, 0xff, 0xfd, 0x30, 0x6f,
    0xff, 0xff, 0x60, 0x2c, 0xff, 0xff, 0xff, 0xff,
    0xff, 0xff, 0x60, 0x2b, 0xfb, 0x20, 0x5f, 0xff,
    0xff, 0xff, 0xff, 0xff, 0xff, 0xff, 0xa0, 0x0,
    0x0, 0x9f, 0xff, 0xff, 0xff, 0xff, 0xff, 0xff,
    0xff, 0xff, 0xe8, 0x57, 0xef, 0xff, 0xff, 0xff,
    0xff, 0xff, 0xff, 0xff, 0xff, 0xff, 0xff, 0xff,
    0xff, 0xff, 0xff, 0xff, 0xff, 0xff, 0xff, 0xff,
    0xff, 0xff, 0xff, 0xff, 0xff, 0xff, 0xff, 0xff,
    0xdf, 0xff, 0xff, 0xff, 0xff, 0xff, 0xff, 0xff,
    0xff, 0xff, 0xff, 0xd3, 0xdf, 0xff, 0xff, 0xff,
    0xff, 0xff, 0xff, 0xff, 0xff, 0xff, 0xd3,

    /* U+F0E7 "" */
    0x0, 0x0, 0x0, 0x0, 0x0, 0x0, 0x0, 0x0,
    0x0, 0x5f, 0xff, 0xff, 0xff, 0xd0, 0x0, 0x0,
    0x0, 0xaf, 0xff, 0xff, 0xff, 0xe0, 0x0, 0x0,
    0x0, 0xcf, 0xff, 0xff, 0xff, 0x90, 0x0, 0x0,
    0x0, 0xef, 0xff, 0xff, 0xff, 0x40, 0x0, 0x0,
    0x0, 0xff, 0xff, 0xff, 0xff, 0x0, 0x0, 0x0,
    0x2, 0xff, 0xff, 0xff, 0xfa, 0x0, 0x0, 0x0,
    0x5, 0xff, 0xff, 0xff, 0xf5, 0x0, 0x0, 0x0,
    0x7, 0xff, 0xff, 0xff, 0xfe, 0xdd, 0xdd, 0xc1,
    0x9, 0xff, 0xff, 0xff, 0xff, 0xff, 0xff, 0xf4,
    0xb, 0xff, 0xff, 0xff, 0xff, 0xff, 0xff, 0xc0,
    0xd, 0xff, 0xff, 0xff, 0xff, 0xff, 0xff, 0x30,
    0xf, 0xff, 0xff, 0xff, 0xff, 0xff, 0xfa, 0x0,
    0x9, 0xee, 0xee, 0xef, 0xff, 0xff, 0xf1, 0x0,
    0x0, 0x0, 0x0, 0xb, 0xff, 0xff, 0x70, 0x0,
    0x0, 0x0, 0x0, 0xf, 0xff, 0xfd, 0x0, 0x0,
    0x0, 0x0, 0x0, 0x3f, 0xff, 0xf5, 0x0, 0x0,
    0x0, 0x0, 0x0, 0x6f, 0xff, 0xc0, 0x0, 0x0,
    0x0, 0x0, 0x0, 0xaf, 0xff, 0x20, 0x0, 0x0,
    0x0, 0x0, 0x0, 0xef, 0xf9, 0x0, 0x0, 0x0,
    0x0, 0x0, 0x2, 0xff, 0xe1, 0x0, 0x0, 0x0,
    0x0, 0x0, 0x6, 0xff, 0x70, 0x0, 0x0, 0x0,
    0x0, 0x0, 0x9, 0xfd, 0x0, 0x0, 0x0, 0x0,
    0x0, 0x0, 0x6, 0xe3, 0x0, 0x0, 0x0, 0x0,

    /* U+F0EA "" */
    0x0, 0x0, 0x0, 0x1, 0x0, 0x0, 0x0, 0x0,
    0x0, 0x0, 0x0, 0x0, 0x0, 0x8f, 0xfb, 0x10,
    0x0, 0x0, 0x0, 0x0, 0x0, 0x6a, 0xbb, 0xbf,
    0xec, 0xfd, 0xbb, 0xb9, 0x0, 0x0, 0x0, 0xf,
    0xff, 0xff, 0xf3, 0xe, 0xff, 0xff, 0xf3, 0x0,
    0x0, 0x0, 0xff, 0xff, 0xff, 0x63, 0xff, 0xff,
    0xff, 0x40, 0x0, 0x0, 0xf, 0xff, 0xff, 0xff,
    0xff, 0xff, 0xff, 0xf4, 0x0, 0x0, 0x0, 0xff,
    0xff, 0xff, 0xfe, 0xcc, 0xcc, 0xcc, 0x30, 0x0,
    0x0, 0xf, 0xff, 0xff, 0xf9, 0x0, 0x0, 0x0,
    0x0, 0x0, 0x0, 0x0, 0xff, 0xff, 0xfe, 0x9,
    0xff, 0xff, 0xff, 0x42, 0xc1, 0x0, 0xf, 0xff,
    0xff, 0xc0, 0xef, 0xff, 0xff, 0xf4, 0x3f, 0xd1,
    0x0, 0xff, 0xff, 0xfc, 0xe, 0xff, 0xff, 0xff,
    0x43, 0xff, 0xd1, 0xf, 0xff, 0xff, 0xc0, 0xef,
    0xff, 0xff, 0xf4, 0x3f, 0xff, 0xd0, 0xff, 0xff,
    0xfc, 0xe, 0xff, 0xff, 0xff, 0x41, 0x55, 0x55,
    0xf, 0xff, 0xff, 0xc0, 0xef, 0xff, 0xff, 0xf9,
    0x11, 0x11, 0x10, 0xff, 0xff, 0xfc, 0xe, 0xff,
    0xff, 0xff, 0xff, 0xff, 0xff, 0x2f, 0xff, 0xff,
    0xc0, 0xef, 0xff, 0xff, 0xff, 0xff, 0xff, 0xf2,
    0xff, 0xff, 0xfc, 0xe, 0xff, 0xff, 0xff, 0xff,
    0xff, 0xff, 0x2f, 0xff, 0xff, 0xc0, 0xef, 0xff,
    0xff, 0xff, 0xff, 0xff, 0xf2, 0xff, 0xff, 0xfc,
    0xe, 0xff, 0xff, 0xff, 0xff, 0xff, 0xff, 0x26,
    0xaa, 0xaa, 0x70, 0xef, 0xff, 0xff, 0xff, 0xff,
    0xff, 0xf2, 0x0, 0x0, 0x0, 0xe, 0xff, 0xff,
    0xff, 0xff, 0xff, 0xff, 0x20, 0x0, 0x0, 0x0,
    0xef, 0xff, 0xff, 0xff, 0xff, 0xff, 0xf2, 0x0,
    0x0, 0x0, 0xe, 0xff, 0xff, 0xff, 0xff, 0xff,
    0xff, 0x10, 0x0, 0x0, 0x0, 0x9f, 0xff, 0xff,
    0xff, 0xff, 0xff, 0xc0,

    /* U+F0F3 "" */
    0x0, 0x0, 0x0, 0x0, 0x0, 0x0, 0x0, 0x0,
    0x0, 0x0, 0x0, 0x0, 0x0, 0x0, 0x1, 0xde,
    0x20, 0x0, 0x0, 0x0, 0x0, 0x0, 0x0, 0x0,
    0x0, 0x5f, 0xf7, 0x0, 0x0, 0x0, 0x0, 0x0,
    0x0, 0x0, 0x0, 0x5b, 0xff, 0xc5, 0x0, 0x0,
    0x0, 0x0, 0x0, 0x0, 0x3, 0xdf, 0xff, 0xff,
    0xfe, 0x40, 0x0, 0x0, 0x0, 0x0, 0x4, 0xff,
    0xff, 0xff, 0xff, 0xff, 0x50, 0x0, 0x0, 0x0,
    0x1, 0xef, 0xff, 0xff, 0xff, 0xff, 0xff, 0x20,
    0x0, 0x0, 0x0, 0x8f, 0xff, 0xff, 0xff, 0xff,
    0xff, 0xfa, 0x0, 0x0, 0x0, 0xe, 0xff, 0xff,
    0xff, 0xff, 0xff, 0xff, 0xf0, 0x0, 0x0, 0x1,
    0xff, 0xff, 0xff, 0xff, 0xff, 0xff, 0xff, 0x20,
    0x0, 0x0, 0x2f, 0xff, 0xff, 0xff, 0xff, 0xff,
    0xff, 0xf4, 0x0, 0x0, 0x3, 0xff, 0xff, 0xff,
    0xff, 0xff, 0xff, 0xff, 0x50, 0x0, 0x0, 0x5f,
    0xff, 0xff, 0xff, 0xff, 0xff, 0xff, 0xf6, 0x0,
    0x0, 0x8, 0xff, 0xff, 0xff, 0xff, 0xff, 0xff,
    0xff, 0xa0, 0x0, 0x0, 0xdf, 0xff, 0xff, 0xff,
    0xff, 0xff, 0xff, 0xfe, 0x0, 0x0, 0x3f, 0xff,
    0xff, 0xff, 0xff, 0xff, 0xff, 0xff, 0xf5, 0x0,
    0x1d, 0xff, 0xff, 0xff, 0xff, 0xff, 0xff, 0xff,
    0xff, 0xe2, 0xc, 0xff, 0xff, 0xff, 0xff, 0xff,
    0xff, 0xff, 0xff, 0xff, 0xd0, 0xef, 0xff, 0xff,
    0xff, 0xff, 0xff, 0xff, 0xff, 0xff, 0xff, 0x3,
    0x9a, 0xaa, 0xaa, 0xaa, 0xaa, 0xaa, 0xaa, 0xaa,
    0xaa, 0x50, 0x0, 0x0, 0x0, 0x0, 0x0, 0x0,
    0x0, 0x0, 0x0, 0x0, 0x0, 0x0, 0x0, 0x0,
    0xbf, 0xff, 0xfd, 0x0, 0x0, 0x0, 0x0, 0x0,
    0x0, 0x0, 0x5, 0xff, 0xff, 0x70, 0x0, 0x0,
    0x0, 0x0, 0x0, 0x0, 0x0, 0x5, 0xcc, 0x60,
    0x0, 0x0, 0x0, 0x0,

    /* U+F11C "" */
    0x0, 0x0, 0x0, 0x0, 0x0, 0x0, 0x0, 0x0,
    0x0, 0x0, 0x0, 0x0, 0x0, 0x4e, 0xff, 0xff,
    0xff, 0xff, 0xff, 0xff, 0xff, 0xff, 0xff, 0xff,
    0xff, 0xd2, 0xdf, 0xff, 0xff, 0xff, 0xff, 0xff,
    0xff, 0xff, 0xff, 0xff, 0xff, 0xff, 0xfb, 0xff,
    0xfd, 0xde, 0xfe, 0xdd, 0xff, 0xdd, 0xff, 0xdd,
    0xef, 0xed, 0xef, 0xfd, 0xff, 0xe0, 0x4, 0xf3,
    0x0, 0xf8, 0x0, 0x8f, 0x0, 0x5f, 0x20, 0xf,
    0xfe, 0xff, 0xe0, 0x4, 0xf3, 0x0, 0xf8, 0x0,
    0x8e, 0x0, 0x5f, 0x20, 0xf, 0xfe, 0xff, 0xf8,
    0x7a, 0xfa, 0x78, 0xfd, 0x77, 0xdf, 0x87, 0xbf,
    0x97, 0x8f, 0xfe, 0xff, 0xff, 0xff, 0xff, 0xff,
    0xff, 0xff, 0xff, 0xff, 0xff, 0xff, 0xff, 0xfe,
    0xff, 0xff, 0xf1, 0x2, 0xf6, 0x0, 0xcc, 0x0,
    0x7f, 0x0, 0x3f, 0xff, 0xfe, 0xff, 0xff, 0xf0,
    0x1, 0xf5, 0x0, 0xcb, 0x0, 0x6f, 0x0, 0x2f,
    0xff, 0xfe, 0xff, 0xff, 0xf4, 0x35, 0xf8, 0x33,
    0xdd, 0x33, 0x9f, 0x43, 0x6f, 0xff, 0xfe, 0xff,
    0xff, 0xff, 0xff, 0xff, 0xff, 0xff, 0xff, 0xff,
    0xff, 0xff, 0xff, 0xfe, 0xff, 0xf4, 0x48, 0xf7,
    0x44, 0x44, 0x44, 0x44, 0x44, 0x8f, 0x64, 0x5f,
    0xfe, 0xff, 0xe0, 0x4, 0xf3, 0x0, 0x0, 0x0,
    0x0, 0x0, 0x5f, 0x20, 0xf, 0xfe, 0xff, 0xe0,
    0x4, 0xf3, 0x0, 0x0, 0x0, 0x0, 0x0, 0x5f,
    0x20, 0xf, 0xfe, 0xff, 0xfe, 0xef, 0xff, 0xee,
    0xee, 0xee, 0xee, 0xee, 0xff, 0xee, 0xef, 0xfd,
    0xdf, 0xff, 0xff, 0xff, 0xff, 0xff, 0xff, 0xff,
    0xff, 0xff, 0xff, 0xff, 0xfb, 0x3d, 0xff, 0xff,
    0xff, 0xff, 0xff, 0xff, 0xff, 0xff, 0xff, 0xff,
    0xff, 0xc2,

    /* U+F124 "" */
    0x0, 0x0, 0x0, 0x0, 0x0, 0x0, 0x0, 0x0,
    0x0, 0x0, 0x1, 0x0, 0x0, 0x0, 0x0, 0x0,
    0x0, 0x0, 0x0, 0x0, 0x0, 0x0, 0x4b, 0xfe,
    0x30, 0x0, 0x0, 0x0, 0x0, 0x0, 0x0, 0x0,
    0x0, 0x5, 0xcf, 0xff, 0xfd, 0x0, 0x0, 0x0,
    0x0, 0x0, 0x0, 0x0, 0x0, 0x6e, 0xff, 0xff,
    0xff, 0xe0, 0x0, 0x0, 0x0, 0x0, 0x0, 0x0,
    0x18, 0xef, 0xff, 0xff, 0xff, 0xf8, 0x0, 0x0,
    0x0, 0x0, 0x0, 0x2, 0x9f, 0xff, 0xff, 0xff,
    0xff, 0xff, 0x10, 0x0, 0x0, 0x0, 0x0, 0x3a,
    0xff, 0xff, 0xff, 0xff, 0xff, 0xff, 0xa0, 0x0,
    0x0, 0x0, 0x4, 0xcf, 0xff, 0xff, 0xff, 0xff,
    0xff, 0xff, 0xf2, 0x0, 0x0, 0x0, 0x5d, 0xff,
    0xff, 0xff, 0xff, 0xff, 0xff, 0xff, 0xfb, 0x0,
    0x0, 0x7, 0xef, 0xff, 0xff, 0xff, 0xff, 0xff,
    0xff, 0xff, 0xff, 0x30, 0x0, 0xa, 0xff, 0xff,
    0xff, 0xff, 0xff, 0xff, 0xff, 0xff, 0xff, 0xc0,
    0x0, 0x0, 0xff, 0xff, 0xff, 0xff, 0xff, 0xff,
    0xff, 0xff, 0xff, 0xf5, 0x0, 0x0, 0xc, 0xff,
    0xff, 0xff, 0xff, 0xff, 0xff, 0xff, 0xff, 0xfd,
    0x0, 0x0, 0x0, 0x2a, 0xcd, 0xdd, 0xdd, 0xdd,
    0xff, 0xff, 0xff, 0xff, 0x60, 0x0, 0x0, 0x0,
    0x0, 0x0, 0x0, 0x0, 0xf, 0xff, 0xff, 0xff,
    0xe0, 0x0, 0x0, 0x0, 0x0, 0x0, 0x0, 0x0,
    0x0, 0xff, 0xff, 0xff, 0xf7, 0x0, 0x0, 0x0,
    0x0, 0x0, 0x0, 0x0, 0x0, 0xf, 0xff, 0xff,
    0xff, 0x10, 0x0, 0x0, 0x0, 0x0, 0x0, 0x0,
    0x0, 0x0, 0xff, 0xff, 0xff, 0x90, 0x0, 0x0,
    0x0, 0x0, 0x0, 0x0, 0x0, 0x0, 0xf, 0xff,
    0xff, 0xf1, 0x0, 0x0, 0x0, 0x0, 0x0, 0x0,
    0x0, 0x0, 0x0, 0xff, 0xff, 0xfa, 0x0, 0x0,
    0x0, 0x0, 0x0, 0x0, 0x0, 0x0, 0x0, 0xf,
    0xff, 0xff, 0x30, 0x0, 0x0, 0x0, 0x0, 0x0,
    0x0, 0x0, 0x0, 0x0, 0xef, 0xff, 0xb0, 0x0,
    0x0, 0x0, 0x0, 0x0, 0x0, 0x0, 0x0, 0x0,
    0xb, 0xff, 0xf4, 0x0, 0x0, 0x0, 0x0, 0x0,
    0x0, 0x0, 0x0, 0x0, 0x0, 0x2b, 0xd6, 0x0,
    0x0, 0x0, 0x0, 0x0,

    /* U+F15B "" */
    0x0, 0x0, 0x0, 0x0, 0x0, 0x0, 0x0, 0x0,
    0x0, 0xcf, 0xff, 0xff, 0xff, 0xff, 0x1a, 0x90,
    0x0, 0x0, 0xff, 0xff, 0xff, 0xff, 0xff, 0x1a,
    0xf9, 0x0, 0x0, 0xff, 0xff, 0xff, 0xff, 0xff,
    0x1a, 0xff, 0x90, 0x0, 0xff, 0xff, 0xff, 0xff,
    0xff, 0x1a, 0xff, 0xf9, 0x0, 0xff, 0xff, 0xff,
    0xff, 0xff, 0x1a, 0xff, 0xff, 0x90, 0xff, 0xff,
    0xff, 0xff, 0xff, 0x17, 0xbb, 0xbb, 0xb0, 0xff,
    0xff, 0xff, 0xff, 0xff, 0x40, 0x0, 0x0, 0x0,
    0xff, 0xff, 0xff, 0xff, 0xff, 0xff, 0xff, 0xff,
    0xf1, 0xff, 0xff, 0xff, 0xff, 0xff, 0xff, 0xff,
    0xff, 0xf1, 0xff, 0xff, 0xff, 0xff, 0xff, 0xff,
    0xff, 0xff, 0xf1, 0xff, 0xff, 0xff, 0xff, 0xff,
    0xff, 0xff, 0xff, 0xf1, 0xff, 0xff, 0xff, 0xff,
    0xff, 0xff, 0xff, 0xff, 0xf1, 0xff, 0xff, 0xff,
    0xff, 0xff, 0xff, 0xff, 0xff, 0xf1, 0xff, 0xff,
    0xff, 0xff, 0xff, 0xff, 0xff, 0xff, 0xf1, 0xff,
    0xff, 0xff, 0xff, 0xff, 0xff, 0xff, 0xff, 0xf1,
    0xff, 0xff, 0xff, 0xff, 0xff, 0xff, 0xff, 0xff,
    0xf1, 0xff, 0xff, 0xff, 0xff, 0xff, 0xff, 0xff,
    0xff, 0xf1, 0xff, 0xff, 0xff, 0xff, 0xff, 0xff,
    0xff, 0xff, 0xf1, 0xff, 0xff, 0xff, 0xff, 0xff,
    0xff, 0xff, 0xff, 0xf1, 0xff, 0xff, 0xff, 0xff,
    0xff, 0xff, 0xff, 0xff, 0xf1, 0xff, 0xff, 0xff,
    0xff, 0xff, 0xff, 0xff, 0xff, 0xf1, 0xff, 0xff,
    0xff, 0xff, 0xff, 0xff, 0xff, 0xff, 0xf1, 0x9d,
    0xdd, 0xdd, 0xdd, 0xdd, 0xdd, 0xdd, 0xdd, 0xa0,

    /* U+F1EB "" */
    0x0, 0x0, 0x0, 0x0, 0x0, 0x0, 0x0, 0x0,
    0x0, 0x0, 0x0, 0x0, 0x0, 0x0, 0x0, 0x0,
    0x0, 0x0, 0x0, 0x14, 0x79, 0xab, 0xa9, 0x74,
    0x10, 0x0, 0x0, 0x0, 0x0, 0x0, 0x0, 0x0,
    0x28, 0xdf, 0xff, 0xff, 0xff, 0xff, 0xff, 0xc7,
    0x10, 0x0, 0x0, 0x0, 0x0, 0x3, 0xbf, 0xff,
    0xff, 0xff, 0xff, 0xff, 0xff, 0xff, 0xff, 0x91,
    0x0, 0x0, 0x0, 0x19, 0xff, 0xff, 0xff, 0xff,
    0xff, 0xef, 0xff, 0xff, 0xff, 0xff, 0xf7, 0x0,
    0x0, 0x3e, 0xff, 0xff, 0xfe, 0x95, 0x20, 0x0,
    0x0, 0x26, 0xaf, 0xff, 0xff, 0xfc, 0x10, 0x6f,
    0xff, 0xff, 0xc4, 0x0, 0x0, 0x0, 0x0, 0x0,
    0x0, 0x6, 0xef, 0xff, 0xfe, 0x3e, 0xff, 0xfe,
    0x50, 0x0, 0x0, 0x0, 0x0, 0x0, 0x0, 0x0,
    0x0, 0x7f, 0xff, 0xfa, 0x3f, 0xfb, 0x10, 0x0,
    0x0, 0x3, 0x56, 0x76, 0x51, 0x0, 0x0, 0x0,
    0x3e, 0xfd, 0x10, 0x37, 0x0, 0x0, 0x2, 0x9e,
    0xff, 0xff, 0xff, 0xfd, 0x81, 0x0, 0x0, 0x18,
    0x10, 0x0, 0x0, 0x0, 0x1a, 0xff, 0xff, 0xff,
    0xff, 0xff, 0xff, 0xf8, 0x0, 0x0, 0x0, 0x0,
    0x0, 0x0, 0x4e, 0xff, 0xff, 0xff, 0xff, 0xff,
    0xff, 0xff, 0xfc, 0x20, 0x0, 0x0, 0x0, 0x0,
    0xd, 0xff, 0xff, 0xd8, 0x42, 0x13, 0x59, 0xef,
    0xff, 0xf9, 0x0, 0x0, 0x0, 0x0, 0x0, 0x4f,
    0xfe, 0x50, 0x0, 0x0, 0x0, 0x0, 0x7f, 0xfd,
    0x10, 0x0, 0x0, 0x0, 0x0, 0x0, 0x49, 0x10,
    0x0, 0x0, 0x0, 0x0, 0x0, 0x3a, 0x10, 0x0,
    0x0, 0x0, 0x0, 0x0, 0x0, 0x0, 0x0, 0x0,
    0x1, 0x0, 0x0, 0x0, 0x0, 0x0, 0x0, 0x0,
    0x0, 0x0, 0x0, 0x0, 0x0, 0x0, 0x6f, 0xfd,
    0x30, 0x0, 0x0, 0x0, 0x0, 0x0, 0x0, 0x0,
    0x0, 0x0, 0x0, 0x0, 0x3f, 0xff, 0xfe, 0x0,
    0x0, 0x0, 0x0, 0x0, 0x0, 0x0, 0x0, 0x0,
    0x0, 0x0, 0x7, 0xff, 0xff, 0xf3, 0x0, 0x0,
    0x0, 0x0, 0x0, 0x0, 0x0, 0x0, 0x0, 0x0,
    0x0, 0x5f, 0xff, 0xff, 0x10, 0x0, 0x0, 0x0,
    0x0, 0x0, 0x0, 0x0, 0x0, 0x0, 0x0, 0x0,
    0xdf, 0xff, 0x90, 0x0, 0x0, 0x0, 0x0, 0x0,
    0x0, 0x0, 0x0, 0x0, 0x0, 0x0, 0x0, 0x68,
    0x50, 0x0, 0x0, 0x0, 0x0, 0x0, 0x0,

    /* U+F240 "" */
    0x2a, 0xdd, 0xdd, 0xdd, 0xdd, 0xdd, 0xdd, 0xdd,
    0xdd, 0xdd, 0xdd, 0xdd, 0xdc, 0x40, 0xc, 0xff,
    0xff, 0xff, 0xff, 0xff, 0xff, 0xff, 0xff, 0xff,
    0xff, 0xff, 0xff, 0xff, 0x10, 0xff, 0xff, 0xff,
    0xff, 0xff, 0xff, 0xff, 0xff, 0xff, 0xff, 0xff,
    0xff, 0xff, 0xf4, 0xf, 0xfe, 0x0, 0x0, 0x0,
    0x0, 0x0, 0x0, 0x0, 0x0, 0x0, 0x0, 0x8,
    0xff, 0xf7, 0xff, 0xe0, 0x7b, 0xbb, 0xbb, 0xbb,
    0xbb, 0xbb, 0xbb, 0xbb, 0xbb, 0xb0, 0x8f, 0xff,
    0xcf, 0xfe, 0xb, 0xff, 0xff, 0xff, 0xff, 0xff,
    0xff, 0xff, 0xff, 0xff, 0x7, 0xef, 0xfc, 0xff,
    0xe0, 0xbf, 0xff, 0xff, 0xff, 0xff, 0xff, 0xff,
    0xff, 0xff, 0xf0, 0x1, 0xff, 0xcf, 0xfe, 0xb,
    0xff, 0xff, 0xff, 0xff, 0xff, 0xff, 0xff, 0xff,
    0xff, 0x0, 0x1f, 0xfc, 0xff, 0xe0, 0xbf, 0xff,
    0xff, 0xff, 0xff, 0xff, 0xff, 0xff, 0xff, 0xf0,
    0x1, 0xff, 0xcf, 0xfe, 0xb, 0xff, 0xff, 0xff,
    0xff, 0xff, 0xff, 0xff, 0xff, 0xff, 0x7, 0xff,
    0xfc, 0xff, 0xe0, 0x0, 0x0, 0x0, 0x0, 0x0,
    0x0, 0x0, 0x0, 0x0, 0x0, 0x8f, 0xff, 0xcf,
    0xfe, 0x11, 0x11, 0x11, 0x11, 0x11, 0x11, 0x11,
    0x11, 0x11, 0x11, 0x18, 0xff, 0xe7, 0xff, 0xff,
    0xff, 0xff, 0xff, 0xff, 0xff, 0xff, 0xff, 0xff,
    0xff, 0xff, 0xff, 0xf4, 0xc, 0xff, 0xff, 0xff,
    0xff, 0xff, 0xff, 0xff, 0xff, 0xff, 0xff, 0xff,
    0xff, 0xff, 0x10, 0x1a, 0xcc, 0xcc, 0xcc, 0xcc,
    0xcc, 0xcc, 0xcc, 0xcc, 0xcc, 0xcc, 0xcc, 0xcb,
    0x40, 0x0,

    /* U+F241 "" */
    0x2a, 0xdd, 0xdd, 0xdd, 0xdd, 0xdd, 0xdd, 0xdd,
    0xdd, 0xdd, 0xdd, 0xdd, 0xdc, 0x40, 0xc, 0xff,
    0xff, 0xff, 0xff, 0xff, 0xff, 0xff, 0xff, 0xff,
    0xff, 0xff, 0xff, 0xff, 0x10, 0xff, 0xff, 0xff,
    0xff, 0xff, 0xff, 0xff, 0xff, 0xff, 0xff, 0xff,
    0xff, 0xff, 0xf4, 0xf, 0xfe, 0x0, 0x0, 0x0,
    0x0, 0x0, 0x0, 0x0, 0x0, 0x0, 0x0, 0x8,
    0xff, 0xf7, 0xff, 0xe0, 0xab, 0xbb, 0xbb, 0xbb,
    0xbb, 0xbb, 0xbb, 0x50, 0x0, 0x0, 0x8f, 0xff,
    0xcf, 0xfe, 0xe, 0xff, 0xff, 0xff, 0xff, 0xff,
    0xff, 0xf7, 0x0, 0x0, 0x7, 0xef, 0xfc, 0xff,
    0xe0, 0xef, 0xff, 0xff, 0xff, 0xff, 0xff, 0xff,
    0x70, 0x0, 0x0, 0x1, 0xff, 0xcf, 0xfe, 0xe,
    0xff, 0xff, 0xff, 0xff, 0xff, 0xff, 0xf7, 0x0,
    0x0, 0x0, 0x1f, 0xfc, 0xff, 0xe0, 0xef, 0xff,
    0xff, 0xff, 0xff, 0xff, 0xff, 0x70, 0x0, 0x0,
    0x1, 0xff, 0xcf, 0xfe, 0xe, 0xff, 0xff, 0xff,
    0xff, 0xff, 0xff, 0xf7, 0x0, 0x0, 0x7, 0xff,
    0xfc, 0xff, 0xe0, 0x0, 0x0, 0x0, 0x0, 0x0,
    0x0, 0x0, 0x0, 0x0, 0x0, 0x8f, 0xff, 0xcf,
    0xfe, 0x11, 0x11, 0x11, 0x11, 0x11, 0x11, 0x11,
    0x11, 0x11, 0x11, 0x18, 0xff, 0xe7, 0xff, 0xff,
    0xff, 0xff, 0xff, 0xff, 0xff, 0xff, 0xff, 0xff,
    0xff, 0xff, 0xff, 0xf4, 0xc, 0xff, 0xff, 0xff,
    0xff, 0xff, 0xff, 0xff, 0xff, 0xff, 0xff, 0xff,
    0xff, 0xff, 0x10, 0x1a, 0xcc, 0xcc, 0xcc, 0xcc,
    0xcc, 0xcc, 0xcc, 0xcc, 0xcc, 0xcc, 0xcc, 0xcb,
    0x40, 0x0,

    /* U+F242 "" */
    0x2a, 0xdd, 0xdd, 0xdd, 0xdd, 0xdd, 0xdd, 0xdd,
    0xdd, 0xdd, 0xdd, 0xdd, 0xdc, 0x40, 0xc, 0xff,
    0xff, 0xff, 0xff, 0xff, 0xff, 0xff, 0xff, 0xff,
    0xff, 0xff, 0xff, 0xff, 0x10, 0xff, 0xff, 0xff,
    0xff, 0xff, 0xff, 0xff, 0xff, 0xff, 0xff, 0xff,
    0xff, 0xff, 0xf4, 0xf, 0xfe, 0x0, 0x0, 0x0,
    0x0, 0x0, 0x0, 0x0, 0x0, 0x0, 0x0, 0x8,
    0xff, 0xf7, 0xff, 0xe0, 0xab, 0xbb, 0xbb, 0xbb,
    0xbb, 0x10, 0x0, 0x0, 0x0, 0x0, 0x8f, 0xff,
    0xcf, 0xfe, 0xe, 0xff, 0xff, 0xff, 0xff, 0xf2,
    0x0, 0x0, 0x0, 0x0, 0x7, 0xef, 0xfc, 0xff,
    0xe0, 0xef, 0xff, 0xff, 0xff, 0xff, 0x20, 0x0,
    0x0, 0x0, 0x0, 0x1, 0xff, 0xcf, 0xfe, 0xe,
    0xff, 0xff, 0xff, 0xff, 0xf2, 0x0, 0x0, 0x0,
    0x0, 0x0, 0x1f, 0xfc, 0xff, 0xe0, 0xef, 0xff,
    0xff, 0xff, 0xff, 0x20, 0x0, 0x0, 0x0, 0x0,
    0x1, 0xff, 0xcf, 0xfe, 0xe, 0xff, 0xff, 0xff,
    0xff, 0xf2, 0x0, 0x0, 0x0, 0x0, 0x7, 0xff,
    0xfc, 0xff, 0xe0, 0x0, 0x0, 0x0, 0x0, 0x0,
    0x0, 0x0, 0x0, 0x0, 0x0, 0x8f, 0xff, 0xcf,
    0xfe, 0x11, 0x11, 0x11, 0x11, 0x11, 0x11, 0x11,
    0x11, 0x11, 0x11, 0x18, 0xff, 0xe7, 0xff, 0xff,
    0xff, 0xff, 0xff, 0xff, 0xff, 0xff, 0xff, 0xff,
    0xff, 0xff, 0xff, 0xf4, 0xc, 0xff, 0xff, 0xff,
    0xff, 0xff, 0xff, 0xff, 0xff, 0xff, 0xff, 0xff,
    0xff, 0xff, 0x10, 0x1a, 0xcc, 0xcc, 0xcc, 0xcc,
    0xcc, 0xcc, 0xcc, 0xcc, 0xcc, 0xcc, 0xcc, 0xcb,
    0x40, 0x0,

    /* U+F243 "" */
    0x2a, 0xdd, 0xdd, 0xdd, 0xdd, 0xdd, 0xdd, 0xdd,
    0xdd, 0xdd, 0xdd, 0xdd, 0xdc, 0x40, 0xc, 0xff,
    0xff, 0xff, 0xff, 0xff, 0xff, 0xff, 0xff, 0xff,
    0xff, 0xff, 0xff, 0xff, 0x10, 0xff, 0xff, 0xff,
    0xff, 0xff, 0xff, 0xff, 0xff, 0xff, 0xff, 0xff,
    0xff, 0xff, 0xf4, 0xf, 0xfe, 0x0, 0x0, 0x0,
    0x0, 0x0, 0x0, 0x0, 0x0, 0x0, 0x0, 0x8,
    0xff, 0xf7, 0xff, 0xe0, 0x7b, 0xbb, 0xbb, 0x0,
    0x0, 0x0, 0x0, 0x0, 0x0, 0x0, 0x8f, 0xff,
    0xcf, 0xfe, 0xb, 0xff, 0xff, 0xf1, 0x0, 0x0,
    0x0, 0x0, 0x0, 0x0, 0x7, 0xef, 0xfc, 0xff,
    0xe0, 0xbf, 0xff, 0xff, 0x10, 0x0, 0x0, 0x0,
    0x0, 0x0, 0x0, 0x1, 0xff, 0xcf, 0xfe, 0xb,
    0xff, 0xff, 0xf1, 0x0, 0x0, 0x0, 0x0, 0x0,
    0x0, 0x0, 0x1f, 0xfc, 0xff, 0xe0, 0xbf, 0xff,
    0xff, 0x10, 0x0, 0x0, 0x0, 0x0, 0x0, 0x0,
    0x1, 0xff, 0xcf, 0xfe, 0xb, 0xff, 0xff, 0xf1,
    0x0, 0x0, 0x0, 0x0, 0x0, 0x0, 0x7, 0xff,
    0xfc, 0xff, 0xe0, 0x0, 0x0, 0x0, 0x0, 0x0,
    0x0, 0x0, 0x0, 0x0, 0x0, 0x8f, 0xff, 0xcf,
    0xfe, 0x11, 0x11, 0x11, 0x11, 0x11, 0x11, 0x11,
    0x11, 0x11, 0x11, 0x18, 0xff, 0xe7, 0xff, 0xff,
    0xff, 0xff, 0xff, 0xff, 0xff, 0xff, 0xff, 0xff,
    0xff, 0xff, 0xff, 0xf4, 0xc, 0xff, 0xff, 0xff,
    0xff, 0xff, 0xff, 0xff, 0xff, 0xff, 0xff, 0xff,
    0xff, 0xff, 0x10, 0x1a, 0xcc, 0xcc, 0xcc, 0xcc,
    0xcc, 0xcc, 0xcc, 0xcc, 0xcc, 0xcc, 0xcc, 0xcb,
    0x40, 0x0,

    /* U+F244 "" */
    0x2a, 0xdd, 0xdd, 0xdd, 0xdd, 0xdd, 0xdd, 0xdd,
    0xdd, 0xdd, 0xdd, 0xdd, 0xdc, 0x40, 0xc, 0xff,
    0xff, 0xff, 0xff, 0xff, 0xff, 0xff, 0xff, 0xff,
    0xff, 0xff, 0xff, 0xff, 0x10, 0xff, 0xff, 0xff,
    0xff, 0xff, 0xff, 0xff, 0xff, 0xff, 0xff, 0xff,
    0xff, 0xff, 0xf4, 0xf, 0xfe, 0x0, 0x0, 0x0,
    0x0, 0x0, 0x0, 0x0, 0x0, 0x0, 0x0, 0x8,
    0xff, 0xf7, 0xff, 0xe0, 0x0, 0x0, 0x0, 0x0,
    0x0, 0x0, 0x0, 0x0, 0x0, 0x0, 0x8f, 0xff,
    0xcf, 0xfe, 0x0, 0x0, 0x0, 0x0, 0x0, 0x0,
    0x0, 0x0, 0x0, 0x0, 0x7, 0xef, 0xfc, 0xff,
    0xe0, 0x0, 0x0, 0x0, 0x0, 0x0, 0x0, 0x0,
    0x0, 0x0, 0x0, 0x1, 0xff, 0xcf, 0xfe, 0x0,
    0x0, 0x0, 0x0, 0x0, 0x0, 0x0, 0x0, 0x0,
    0x0, 0x0, 0x1f, 0xfc, 0xff, 0xe0, 0x0, 0x0,
    0x0, 0x0, 0x0, 0x0, 0x0, 0x0, 0x0, 0x0,
    0x1, 0xff, 0xcf, 0xfe, 0x0, 0x0, 0x0, 0x0,
    0x0, 0x0, 0x0, 0x0, 0x0, 0x0, 0x7, 0xff,
    0xfc, 0xff, 0xe0, 0x0, 0x0, 0x0, 0x0, 0x0,
    0x0, 0x0, 0x0, 0x0, 0x0, 0x8f, 0xff, 0xcf,
    0xfe, 0x11, 0x11, 0x11, 0x11, 0x11, 0x11, 0x11,
    0x11, 0x11, 0x11, 0x18, 0xff, 0xe7, 0xff, 0xff,
    0xff, 0xff, 0xff, 0xff, 0xff, 0xff, 0xff, 0xff,
    0xff, 0xff, 0xff, 0xf4, 0xc, 0xff, 0xff, 0xff,
    0xff, 0xff, 0xff, 0xff, 0xff, 0xff, 0xff, 0xff,
    0xff, 0xff, 0x10, 0x1a, 0xcc, 0xcc, 0xcc, 0xcc,
    0xcc, 0xcc, 0xcc, 0xcc, 0xcc, 0xcc, 0xcc, 0xcb,
    0x40, 0x0,

    /* U+F287 "" */
    0x0, 0x0, 0x0, 0x0, 0x0, 0x0, 0x0, 0x3,
    0x97, 0x0, 0x0, 0x0, 0x0, 0x0, 0x0, 0x0,
    0x0, 0x0, 0x0, 0x0, 0x0, 0x3, 0xff, 0xfc,
    0x0, 0x0, 0x0, 0x0, 0x0, 0x0, 0x0, 0x0,
    0x0, 0x0, 0x5, 0xef, 0xff, 0xff, 0xf2, 0x0,
    0x0, 0x0, 0x0, 0x0, 0x0, 0x0, 0x0, 0x0,
    0x3, 0xfd, 0x9b, 0xff, 0xff, 0x10, 0x0, 0x0,
    0x0, 0x0, 0x0, 0x0, 0x0, 0x0, 0x0, 0xcf,
    0x10, 0xb, 0xff, 0x50, 0x0, 0x0, 0x0, 0x0,
    0x0, 0x0, 0x0, 0x0, 0x0, 0x3f, 0x70, 0x0,
    0x1, 0x0, 0x0, 0x0, 0x0, 0x0, 0x0, 0x6,
    0xde, 0xa1, 0x0, 0xb, 0xf1, 0x0, 0x0, 0x0,
    0x0, 0x0, 0x0, 0x70, 0x0, 0x6, 0xff, 0xff,
    0xc0, 0x4, 0xf9, 0x0, 0x0, 0x0, 0x0, 0x0,
    0x0, 0xf, 0xe5, 0x0, 0xdf, 0xff, 0xff, 0xa9,
    0xef, 0xa9, 0x99, 0x99, 0x99, 0x99, 0x99, 0x99,
    0xff, 0xfb, 0x2f, 0xff, 0xff, 0xff, 0xff, 0xff,
    0xff, 0xff, 0xff, 0xff, 0xff, 0xff, 0xff, 0xff,
    0xf8, 0xaf, 0xff, 0xff, 0x20, 0x0, 0x7, 0xf9,
    0x0, 0x0, 0x0, 0x0, 0x0, 0xff, 0xd4, 0x1,
    0xdf, 0xff, 0x60, 0x0, 0x0, 0xb, 0xf1, 0x0,
    0x0, 0x0, 0x0, 0xe, 0x70, 0x0, 0x0, 0x45,
    0x10, 0x0, 0x0, 0x0, 0x4f, 0x70, 0x0, 0x0,
    0x0, 0x0, 0x0, 0x0, 0x0, 0x0, 0x0, 0x0,
    0x0, 0x0, 0x0, 0xce, 0x0, 0x4c, 0xcc, 0xc4,
    0x0, 0x0, 0x0, 0x0, 0x0, 0x0, 0x0, 0x0,
    0x0, 0x4, 0xfa, 0x27, 0xff, 0xff, 0x60, 0x0,
    0x0, 0x0, 0x0, 0x0, 0x0, 0x0, 0x0, 0x0,
    0x7, 0xff, 0xff, 0xff, 0xf6, 0x0, 0x0, 0x0,
    0x0, 0x0, 0x0, 0x0, 0x0, 0x0, 0x0, 0x3,
    0x6a, 0xff, 0xff, 0x60, 0x0, 0x0, 0x0, 0x0,
    0x0, 0x0, 0x0, 0x0, 0x0, 0x0, 0x0, 0x5f,
    0xff, 0xf6, 0x0, 0x0, 0x0, 0x0, 0x0, 0x0,
    0x0, 0x0, 0x0, 0x0, 0x0, 0x0, 0x0, 0x0,
    0x0, 0x0, 0x0, 0x0,

    /* U+F293 "" */
    0x0, 0x0, 0x0, 0x0, 0x11, 0x0, 0x0, 0x0,
    0x0, 0x0, 0x0, 0x18, 0xdf, 0xff, 0xfd, 0x81,
    0x0, 0x0, 0x0, 0x6, 0xff, 0xff, 0xef, 0xff,
    0xff, 0x50, 0x0, 0x0, 0x7f, 0xff, 0xff, 0x5b,
    0xff, 0xff, 0xf5, 0x0, 0x3, 0xff, 0xff, 0xff,
    0x50, 0xcf, 0xff, 0xfe, 0x10, 0xa, 0xff, 0xff,
    0xff, 0x50, 0x1d, 0xff, 0xff, 0x70, 0xf, 0xff,
    0xff, 0xff, 0x50, 0x1, 0xef, 0xff, 0xc0, 0x4f,
    0xff, 0x9a, 0xff, 0x50, 0xc1, 0x2e, 0xff, 0xf0,
    0x7f, 0xff, 0x10, 0xaf, 0x50, 0xfa, 0x4, 0xff,
    0xf3, 0x9f, 0xff, 0xd1, 0xa, 0x50, 0xd1, 0x1d,
    0xff, 0xf5, 0xaf, 0xff, 0xfd, 0x10, 0x10, 0x10,
    0xcf, 0xff, 0xf6, 0xbf, 0xff, 0xff, 0xd1, 0x0,
    0xb, 0xff, 0xff, 0xf7, 0xcf, 0xff, 0xff, 0xfb,
    0x0, 0x6f, 0xff, 0xff, 0xf7, 0xcf, 0xff, 0xff,
    0xd1, 0x0, 0xb, 0xff, 0xff, 0xf7, 0xbf, 0xff,
    0xfd, 0x10, 0x10, 0x10, 0xbf, 0xff, 0xf6, 0xaf,
    0xff, 0xd1, 0x9, 0x50, 0xd1, 0xc, 0xff, 0xf5,
    0x7f, 0xff, 0x10, 0x9f, 0x50, 0xfa, 0x2, 0xff,
    0xf3, 0x4f, 0xff, 0x99, 0xff, 0x50, 0xd1, 0x1d,
    0xff, 0xf0, 0xf, 0xff, 0xff, 0xff, 0x50, 0x11,
    0xdf, 0xff, 0xc0, 0xa, 0xff, 0xff, 0xff, 0x50,
    0x1c, 0xff, 0xff, 0x60, 0x2, 0xff, 0xff, 0xff,
    0x51, 0xcf, 0xff, 0xfe, 0x0, 0x0, 0x5f, 0xff,
    0xff, 0x7c, 0xff, 0xff, 0xf5, 0x0, 0x0, 0x3,
    0xdf, 0xff, 0xff, 0xff, 0xff, 0x50, 0x0, 0x0,
    0x0, 0x5, 0x9c, 0xdd, 0xca, 0x61, 0x0, 0x0,

    /* U+F2ED "" */
    0x0, 0x0, 0x0, 0x3, 0x44, 0x44, 0x30, 0x0,
    0x0, 0x0, 0x0, 0x0, 0x0, 0x8, 0xff, 0xff,
    0xff, 0xa0, 0x0, 0x0, 0x0, 0xad, 0xdd, 0xdd,
    0xff, 0xff, 0xff, 0xff, 0xdd, 0xdd, 0xdc, 0xf,
    0xff, 0xff, 0xff, 0xff, 0xff, 0xff, 0xff, 0xff,
    0xff, 0xf2, 0xef, 0xff, 0xff, 0xff, 0xff, 0xff,
    0xff, 0xff, 0xff, 0xff, 0x0, 0x0, 0x0, 0x0,
    0x0, 0x0, 0x0, 0x0, 0x0, 0x0, 0x0, 0x1,
    0x22, 0x22, 0x22, 0x22, 0x22, 0x22, 0x22, 0x22,
    0x10, 0x0, 0x9f, 0xff, 0xff, 0xff, 0xff, 0xff,
    0xff, 0xff, 0xfb, 0x0, 0x9, 0xff, 0xff, 0xff,
    0xff, 0xff, 0xff, 0xff, 0xff, 0xb0, 0x0, 0x9f,
    0xff, 0xdf, 0xff, 0xee, 0xff, 0xfd, 0xff, 0xfb,
    0x0, 0x9, 0xff, 0xf1, 0x9f, 0xf6, 0x4f, 0xfb,
    0xe, 0xff, 0xb0, 0x0, 0x9f, 0xff, 0x8, 0xff,
    0x53, 0xff, 0xa0, 0xef, 0xfb, 0x0, 0x9, 0xff,
    0xf0, 0x8f, 0xf5, 0x3f, 0xfa, 0xe, 0xff, 0xb0,
    0x0, 0x9f, 0xff, 0x8, 0xff, 0x53, 0xff, 0xa0,
    0xef, 0xfb, 0x0, 0x9, 0xff, 0xf0, 0x8f, 0xf5,
    0x3f, 0xfa, 0xe, 0xff, 0xb0, 0x0, 0x9f, 0xff,
    0x8, 0xff, 0x53, 0xff, 0xa0, 0xef, 0xfb, 0x0,
    0x9, 0xff, 0xf0, 0x8f, 0xf5, 0x3f, 0xfa, 0xe,
    0xff, 0xb0, 0x0, 0x9f, 0xff, 0x8, 0xff, 0x53,
    0xff, 0xa0, 0xef, 0xfb, 0x0, 0x9, 0xff, 0xf0,
    0x8f, 0xf5, 0x3f, 0xfa, 0xe, 0xff, 0xb0, 0x0,
    0x9f, 0xff, 0x8, 0xff, 0x53, 0xff, 0xa0, 0xef,
    0xfb, 0x0, 0x9, 0xff, 0xf3, 0xaf, 0xf7, 0x5f,
    0xfc, 0x1f, 0xff, 0xb0, 0x0, 0x8f, 0xff, 0xff,
    0xff, 0xff, 0xff, 0xff, 0xff, 0xfa, 0x0, 0x6,
    0xff, 0xff, 0xff, 0xff, 0xff, 0xff, 0xff, 0xff,
    0x70, 0x0, 0x8, 0xde, 0xee, 0xee, 0xee, 0xee,
    0xee, 0xed, 0x90, 0x0,

    /* U+F304 "" */
    0x0, 0x0, 0x0, 0x0, 0x0, 0x0, 0x0, 0x0,
    0x0, 0x0, 0x0, 0x0, 0x0, 0x0, 0x0, 0x0,
    0x0, 0x0, 0x0, 0x0, 0x5, 0xff, 0x90, 0x0,
    0x0, 0x0, 0x0, 0x0, 0x0, 0x0, 0x0, 0x0,
    0x6f, 0xff, 0xfa, 0x0, 0x0, 0x0, 0x0, 0x0,
    0x0, 0x0, 0x0, 0x6, 0xff, 0xff, 0xff, 0xa0,
    0x0, 0x0, 0x0, 0x0, 0x0, 0x0, 0x0, 0x7,
    0xff, 0xff, 0xff, 0xf9, 0x0, 0x0, 0x0, 0x0,
    0x0, 0x0, 0x6, 0x80, 0x8f, 0xff, 0xff, 0xff,
    0x0, 0x0, 0x0, 0x0, 0x0, 0x0, 0x6f, 0xf8,
    0x8, 0xff, 0xff, 0xfc, 0x0, 0x0, 0x0, 0x0,
    0x0, 0x6, 0xff, 0xff, 0x80, 0x8f, 0xff, 0xe2,
    0x0, 0x0, 0x0, 0x0, 0x0, 0x6f, 0xff, 0xff,
    0xf8, 0x8, 0xfe, 0x30, 0x0, 0x0, 0x0, 0x0,
    0x6, 0xff, 0xff, 0xff, 0xff, 0x80, 0x73, 0x0,
    0x0, 0x0, 0x0, 0x0, 0x6f, 0xff, 0xff, 0xff,
    0xff, 0xf7, 0x0, 0x0, 0x0, 0x0, 0x0, 0x6,
    0xff, 0xff, 0xff, 0xff, 0xff, 0xe3, 0x0, 0x0,
    0x0, 0x0, 0x0, 0x6f, 0xff, 0xff, 0xff, 0xff,
    0xfe, 0x30, 0x0, 0x0, 0x0, 0x0, 0x6, 0xff,
    0xff, 0xff, 0xff, 0xff, 0xe3, 0x0, 0x0, 0x0,
    0x0, 0x0, 0x6f, 0xff, 0xff, 0xff, 0xff, 0xfe,
    0x30, 0x0, 0x0, 0x0, 0x0, 0x6, 0xff, 0xff,
    0xff, 0xff, 0xff, 0xe3, 0x0, 0x0, 0x0, 0x0,
    0x0, 0x6f, 0xff, 0xff, 0xff, 0xff, 0xfe, 0x30,
    0x0, 0x0, 0x0, 0x0, 0x4, 0xff, 0xff, 0xff,
    0xff, 0xff, 0xe3, 0x0, 0x0, 0x0, 0x0, 0x0,
    0x8, 0xff, 0xff, 0xff, 0xff, 0xfe, 0x30, 0x0,
    0x0, 0x0, 0x0, 0x0, 0xa, 0xff, 0xff, 0xff,
    0xff, 0xe3, 0x0, 0x0, 0x0, 0x0, 0x0, 0x0,
    0xc, 0xff, 0xff, 0xff, 0xfe, 0x30, 0x0, 0x0,
    0x0, 0x0, 0x0, 0x0, 0xd, 0xff, 0xff, 0xff,
    0xe3, 0x0, 0x0, 0x0, 0x0, 0x0, 0x0, 0x0,
    0xf, 0xff, 0xff, 0xfe, 0x30, 0x0, 0x0, 0x0,
    0x0, 0x0, 0x0, 0x0, 0x9, 0xdb, 0x98, 0x62,
    0x0, 0x0, 0x0, 0x0, 0x0, 0x0, 0x0, 0x0,

    /* U+F55A "" */
    0x0, 0x0, 0x0, 0x0, 0x13, 0x44, 0x44, 0x44,
    0x44, 0x44, 0x44, 0x44, 0x43, 0x20, 0x0, 0x0,
    0x0, 0x0, 0x9f, 0xff, 0xff, 0xff, 0xff, 0xff,
    0xff, 0xff, 0xff, 0xff, 0xb0, 0x0, 0x0, 0x0,
    0xaf, 0xff, 0xff, 0xff, 0xff, 0xff, 0xff, 0xff,
    0xff, 0xff, 0xff, 0x70, 0x0, 0x0, 0xbf, 0xff,
    0xff, 0xff, 0xff, 0xff, 0xff, 0xff, 0xff, 0xff,
    0xff, 0xfb, 0x0, 0x0, 0xbf, 0xff, 0xff, 0xff,
    0xf8, 0xaf, 0xff, 0xfe, 0x6e, 0xff, 0xff, 0xff,
    0xc0, 0x0, 0xbf, 0xff, 0xff, 0xff, 0xf8, 0x0,
    0x9f, 0xfe, 0x20, 0x2e, 0xff, 0xff, 0xfc, 0x0,
    0xbf, 0xff, 0xff, 0xff, 0xff, 0x60, 0x0, 0x9e,
    0x20, 0x0, 0xdf, 0xff, 0xff, 0xc0, 0xbf, 0xff,
    0xff, 0xff, 0xff, 0xff, 0x50, 0x0, 0x10, 0x0,
    0xcf, 0xff, 0xff, 0xfc, 0xaf, 0xff, 0xff, 0xff,
    0xff, 0xff, 0xff, 0x50, 0x0, 0x1, 0xcf, 0xff,
    0xff, 0xff, 0xcf, 0xff, 0xff, 0xff, 0xff, 0xff,
    0xff, 0xfe, 0x0, 0x0, 0x7f, 0xff, 0xff, 0xff,
    0xfc, 0x7f, 0xff, 0xff, 0xff, 0xff, 0xff, 0xfe,
    0x20, 0x0, 0x0, 0x9f, 0xff, 0xff, 0xff, 0xc0,
    0x7f, 0xff, 0xff, 0xff, 0xff, 0xfe, 0x20, 0x1,
    0x40, 0x0, 0x9f, 0xff, 0xff, 0xfc, 0x0, 0x7f,
    0xff, 0xff, 0xff, 0xff, 0x40, 0x0, 0xcf, 0x50,
    0x0, 0xcf, 0xff, 0xff, 0xc0, 0x0, 0x7f, 0xff,
    0xff, 0xff, 0xfb, 0x0, 0xcf, 0xff, 0x50, 0x4f,
    0xff, 0xff, 0xfc, 0x0, 0x0, 0x7f, 0xff, 0xff,
    0xff, 0xfc, 0xdf, 0xff, 0xff, 0xaf, 0xff, 0xff,
    0xff, 0xc0, 0x0, 0x0, 0x7f, 0xff, 0xff, 0xff,
    0xff, 0xff, 0xff, 0xff, 0xff, 0xff, 0xff, 0xfa,
    0x0, 0x0, 0x0, 0x7f, 0xff, 0xff, 0xff, 0xff,
    0xff, 0xff, 0xff, 0xff, 0xff, 0xff, 0x50, 0x0,
    0x0, 0x0, 0x5d, 0xff, 0xff, 0xff, 0xff, 0xff,
    0xff, 0xff, 0xff, 0xfe, 0x70,

    /* U+F7C2 "" */
    0x0, 0x0, 0x0, 0x0, 0x0, 0x0, 0x0, 0x0,
    0x0, 0x0, 0x0, 0xc, 0xff, 0xff, 0xff, 0xff,
    0xfa, 0x10, 0x0, 0x0, 0xcf, 0xff, 0xff, 0xff,
    0xff, 0xff, 0xa0, 0x0, 0xc, 0xfd, 0xdf, 0xed,
    0xdf, 0xdd, 0xff, 0xf0, 0x0, 0xcf, 0xf0, 0xe,
    0x80, 0x3f, 0x30, 0xcf, 0xf1, 0x1c, 0xff, 0xf0,
    0xe, 0x80, 0x3f, 0x30, 0xcf, 0xf1, 0xcf, 0xff,
    0xf0, 0xe, 0x80, 0x3f, 0x30, 0xcf, 0xf1, 0xff,
    0xff, 0xf0, 0xe, 0x80, 0x3f, 0x30, 0xcf, 0xf1,
    0xff, 0xff, 0xff, 0xff, 0xff, 0xff, 0xff, 0xff,
    0xf1, 0xff, 0xff, 0xff, 0xff, 0xff, 0xff, 0xff,
    0xff, 0xf1, 0xff, 0xff, 0xff, 0xff, 0xff, 0xff,
    0xff, 0xff, 0xf1, 0xff, 0xff, 0xff, 0xff, 0xff,
    0xff, 0xff, 0xff, 0xf1, 0xff, 0xff, 0xff, 0xff,
    0xff, 0xff, 0xff, 0xff, 0xf1, 0xff, 0xff, 0xff,
    0xff, 0xff, 0xff, 0xff, 0xff, 0xf1, 0xff, 0xff,
    0xff, 0xff, 0xff, 0xff, 0xff, 0xff, 0xf1, 0xff,
    0xff, 0xff, 0xff, 0xff, 0xff, 0xff, 0xff, 0xf1,
    0xff, 0xff, 0xff, 0xff, 0xff, 0xff, 0xff, 0xff,
    0xf1, 0xff, 0xff, 0xff, 0xff, 0xff, 0xff, 0xff,
    0xff, 0xf1, 0xff, 0xff, 0xff, 0xff, 0xff, 0xff,
    0xff, 0xff, 0xf1, 0xff, 0xff, 0xff, 0xff, 0xff,
    0xff, 0xff, 0xff, 0xf1, 0xff, 0xff, 0xff, 0xff,
    0xff, 0xff, 0xff, 0xff, 0xf1, 0xef, 0xff, 0xff,
    0xff, 0xff, 0xff, 0xff, 0xff, 0xf0, 0x8f, 0xff,
    0xff, 0xff, 0xff, 0xff, 0xff, 0xff, 0x90, 0x7,
    0xcd, 0xdd, 0xdd, 0xdd, 0xdd, 0xdd, 0xc7, 0x0,

    /* U+F8A2 "" */
    0x0, 0x0, 0x0, 0x0, 0x0, 0x0, 0x0, 0x0,
    0x0, 0x0, 0x1, 0xb0, 0x0, 0x0, 0x0, 0x0,
    0x0, 0x0, 0x0, 0x0, 0x0, 0x0, 0x1d, 0xf1,
    0x0, 0x0, 0x0, 0x0, 0x0, 0x0, 0x0, 0x0,
    0x0, 0x1, 0xdf, 0xf1, 0x0, 0x0, 0xa, 0xd1,
    0x0, 0x0, 0x0, 0x0, 0x0, 0x8, 0xff, 0xf1,
    0x0, 0x0, 0xbf, 0xf4, 0x0, 0x0, 0x0, 0x0,
    0x0, 0x8, 0xff, 0xf1, 0x0, 0x1c, 0xff, 0xf4,
    0x0, 0x0, 0x0, 0x0, 0x0, 0x8, 0xff, 0xf1,
    0x1, 0xdf, 0xff, 0xf4, 0x0, 0x0, 0x0, 0x0,
    0x0, 0x8, 0xff, 0xf1, 0x2e, 0xff, 0xff, 0xff,
    0xff, 0xff, 0xff, 0xff, 0xff, 0xff, 0xff, 0xf1,
    0xdf, 0xff, 0xff, 0xff, 0xff, 0xff, 0xff, 0xff,
    0xff, 0xff, 0xff, 0xf1, 0x9f, 0xff, 0xff, 0xff,
    0xff, 0xff, 0xff, 0xff, 0xff, 0xff, 0xff, 0xf0,
    0x9, 0xff, 0xff, 0xfb, 0x99, 0x99, 0x99, 0x99,
    0x99, 0x99, 0x99, 0x60, 0x0, 0x8f, 0xff, 0xf4,
    0x0, 0x0, 0x0, 0x0, 0x0, 0x0, 0x0, 0x0,
    0x0, 0x7, 0xff, 0xf4, 0x0, 0x0, 0x0, 0x0,
    0x0, 0x0, 0x0, 0x0, 0x0, 0x0, 0x6f, 0xf3,
    0x0, 0x0, 0x0, 0x0, 0x0, 0x0, 0x0, 0x0,
    0x0, 0x0, 0x4, 0x70, 0x0, 0x0, 0x0, 0x0,
    0x0, 0x0, 0x0, 0x0
};


/*---------------------
 *  GLYPH DESCRIPTION
 *--------------------*/

static const lv_font_fmt_txt_glyph_dsc_t glyph_dsc[] = {
    {.bitmap_index = 0, .adv_w = 0, .box_w = 0, .box_h = 0, .ofs_x = 0, .ofs_y = 0} /* id = 0 reserved */,
    {.bitmap_index = 0, .adv_w = 57, .box_w = 0, .box_h = 0, .ofs_x = 0, .ofs_y = 0},
    {.bitmap_index = 0, .adv_w = 91, .box_w = 6, .box_h = 17, .ofs_x = 0, .ofs_y = 0},
    {.bitmap_index = 51, .adv_w = 128, .box_w = 7, .box_h = 6, .ofs_x = 1, .ofs_y = 9},
    {.bitmap_index = 72, .adv_w = 156, .box_w = 10, .box_h = 11, .ofs_x = 0, .ofs_y = 1},
    {.bitmap_index = 127, .adv_w = 137, .box_w = 9, .box_h = 18, .ofs_x = 0, .ofs_y = -3},
    {.bitmap_index = 208, .adv_w = 359, .box_w = 22, .box_h = 21, .ofs_x = 0, .ofs_y = -3},
    {.bitmap_index = 439, .adv_w = 234, .box_w = 14, .box_h = 16, .ofs_x = 0, .ofs_y = 0},
    {.bitmap_index = 551, .adv_w = 71, .box_w = 3, .box_h = 6, .ofs_x = 1, .ofs_y = 9},
    {.bitmap_index = 560, .adv_w = 102, .box_w = 6, .box_h = 22, .ofs_x = 1, .ofs_y = -4},
    {.bitmap_index = 626, .adv_w = 102, .box_w = 6, .box_h = 22, .ofs_x = -1, .ofs_y = -4},
    {.bitmap_index = 692, .adv_w = 111, .box_w = 7, .box_h = 8, .ofs_x = 0, .ofs_y = 8},
    {.bitmap_index = 720, .adv_w = 156, .box_w = 10, .box_h = 10, .ofs_x = 0, .ofs_y = 1},
    {.bitmap_index = 770, .adv_w = 75, .box_w = 4, .box_h = 7, .ofs_x = 0, .ofs_y = -3},
    {.bitmap_index = 784, .adv_w = 99, .box_w = 6, .box_h = 4, .ofs_x = 0, .ofs_y = 4},
    {.bitmap_index = 796, .adv_w = 75, .box_w = 5, .box_h = 4, .ofs_x = 0, .ofs_y = 0},
    {.bitmap_index = 806, .adv_w = 111, .box_w = 8, .box_h = 22, .ofs_x = 0, .ofs_y = -4},
    {.bitmap_index = 894, .adv_w = 210, .box_w = 13, .box_h = 16, .ofs_x = 0, .ofs_y = 0},
    {.bitmap_index = 998, .adv_w = 143, .box_w = 7, .box_h = 16, .ofs_x = 0, .ofs_y = 0},
    {.bitmap_index = 1054, .adv_w = 187, .box_w = 12, .box_h = 15, .ofs_x = 0, .ofs_y = 0},
    {.bitmap_index = 1144, .adv_w = 180, .box_w = 11, .box_h = 16, .ofs_x = 0, .ofs_y = 0},
    {.bitmap_index = 1232, .adv_w = 197, .box_w = 12, .box_h = 15, .ofs_x = 0, .ofs_y = 0},
    {.bitmap_index = 1322, .adv_w = 179, .box_w = 11, .box_h = 15, .ofs_x = 0, .ofs_y = 0},
    {.bitmap_index = 1405, .adv_w = 184, .box_w = 12, .box_h = 16, .ofs_x = 0, .ofs_y = 0},
    {.bitmap_index = 1501, .adv_w = 163, .box_w = 11, .box_h = 16, .ofs_x = 0, .ofs_y = -1},
    {.bitmap_index = 1589, .adv_w = 195, .box_w = 12, .box_h = 16, .ofs_x = 0, .ofs_y = 0},
    {.bitmap_index = 1685, .adv_w = 184, .box_w = 11, .box_h = 16, .ofs_x = 0, .ofs_y = -1},
    {.bitmap_index = 1773, .adv_w = 75, .box_w = 5, .box_h = 10, .ofs_x = 0, .ofs_y = 0},
    {.bitmap_index = 1798, .adv_w = 75, .box_w = 5, .box_h = 13, .ofs_x = 0, .ofs_y = -3},
    {.bitmap_index = 1831, .adv_w = 145, .box_w = 8, .box_h = 12, .ofs_x = 0, .ofs_y = 0},
    {.bitmap_index = 1879, .adv_w = 156, .box_w = 10, .box_h = 7, .ofs_x = 0, .ofs_y = 3},
    {.bitmap_index = 1914, .adv_w = 145, .box_w = 8, .box_h = 12, .ofs_x = 1, .ofs_y = 0},
    {.bitmap_index = 1962, .adv_w = 130, .box_w = 9, .box_h = 17, .ofs_x = 0, .ofs_y = 0},
    {.bitmap_index = 2039, .adv_w = 262, .box_w = 16, .box_h = 18, .ofs_x = 0, .ofs_y = -3},
    {.bitmap_index = 2183, .adv_w = 237, .box_w = 15, .box_h = 18, .ofs_x = 0, .ofs_y = -1},
    {.bitmap_index = 2318, .adv_w = 213, .box_w = 12, .box_h = 16, .ofs_x = 1, .ofs_y = 0},
    {.bitmap_index = 2414, .adv_w = 203, .box_w = 13, .box_h = 16, .ofs_x = 0, .ofs_y = 0},
    {.bitmap_index = 2518, .adv_w = 244, .box_w = 14, .box_h = 16, .ofs_x = 1, .ofs_y = 0},
    {.bitmap_index = 2630, .adv_w = 181, .box_w = 10, .box_h = 16, .ofs_x = 1, .ofs_y = 0},
    {.bitmap_index = 2710, .adv_w = 163, .box_w = 10, .box_h = 16, .ofs_x = 1, .ofs_y = 0},
    {.bitmap_index = 2790, .adv_w = 234, .box_w = 14, .box_h = 16, .ofs_x = 0, .ofs_y = 0},
    {.bitmap_index = 2902, .adv_w = 254, .box_w = 14, .box_h = 17, .ofs_x = 1, .ofs_y = 0},
    {.bitmap_index = 3021, .adv_w = 111, .box_w = 5, .box_h = 17, .ofs_x = 1, .ofs_y = 0},
    {.bitmap_index = 3064, .adv_w = 130, .box_w = 7, .box_h = 17, .ofs_x = 0, .ofs_y = 0},
    {.bitmap_index = 3124, .adv_w = 213, .box_w = 13, .box_h = 18, .ofs_x = 1, .ofs_y = -1},
    {.bitmap_index = 3241, .adv_w = 157, .box_w = 9, .box_h = 17, .ofs_x = 1, .ofs_y = 0},
    {.bitmap_index = 3318, .adv_w = 275, .box_w = 15, .box_h = 17, .ofs_x = 1, .ofs_y = 0},
    {.bitmap_index = 3446, .adv_w = 254, .box_w = 13, .box_h = 18, .ofs_x = 1, .ofs_y = -1},
    {.bitmap_index = 3563, .adv_w = 243, .box_w = 15, .box_h = 16, .ofs_x = 0, .ofs_y = 0},
    {.bitmap_index = 3683, .adv_w = 187, .box_w = 11, .box_h = 16, .ofs_x = 1, .ofs_y = 0},
    {.bitmap_index = 3771, .adv_w = 250, .box_w = 16, .box_h = 19, .ofs_x = 0, .ofs_y = -3},
    {.bitmap_index = 3923, .adv_w = 213, .box_w = 12, .box_h = 17, .ofs_x = 1, .ofs_y = -1},
    {.bitmap_index = 4025, .adv_w = 185, .box_w = 11, .box_h = 16, .ofs_x = 0, .ofs_y = 0},
    {.bitmap_index = 4113, .adv_w = 179, .box_w = 12, .box_h = 16, .ofs_x = 0, .ofs_y = 0},
    {.bitmap_index = 4209, .adv_w = 240, .box_w = 13, .box_h = 17, .ofs_x = 1, .ofs_y = 0},
    {.bitmap_index = 4320, .adv_w = 220, .box_w = 14, .box_h = 17, .ofs_x = 0, .ofs_y = 0},
    {.bitmap_index = 4439, .adv_w = 340, .box_w = 21, .box_h = 18, .ofs_x = 0, .ofs_y = -1},
    {.bitmap_index = 4628, .adv_w = 220, .box_w = 14, .box_h = 18, .ofs_x = 0, .ofs_y = -1},
    {.bitmap_index = 4754, .adv_w = 209, .box_w = 14, .box_h = 17, .ofs_x = 0, .ofs_y = 0},
    {.bitmap_index = 4873, .adv_w = 199, .box_w = 13, .box_h = 16, .ofs_x = 0, .ofs_y = 0},
    {.bitmap_index = 4977, .adv_w = 102, .box_w = 6, .box_h = 21, .ofs_x = 1, .ofs_y = -3},
    {.bitmap_index = 5040, .adv_w = 111, .box_w = 8, .box_h = 22, .ofs_x = -1, .ofs_y = -4},
    {.bitmap_index = 5128, .adv_w = 102, .box_w = 5, .box_h = 21, .ofs_x = 0, .ofs_y = -3},
    {.bitmap_index = 5181, .adv_w = 156, .box_w = 10, .box_h = 7, .ofs_x = 0, .ofs_y = 3},
    {.bitmap_index = 5216, .adv_w = 156, .box_w = 11, .box_h = 3, .ofs_x = -1, .ofs_y = -5},
    {.bitmap_index = 5233, .adv_w = 90, .box_w = 7, .box_h = 4, .ofs_x = 0, .ofs_y = 13},
    {.bitmap_index = 5247, .adv_w = 173, .box_w = 11, .box_h = 13, .ofs_x = 0, .ofs_y = -1},
    {.bitmap_index = 5319, .adv_w = 184, .box_w = 10, .box_h = 19, .ofs_x = 1, .ofs_y = 0},
    {.bitmap_index = 5414, .adv_w = 142, .box_w = 9, .box_h = 12, .ofs_x = 0, .ofs_y = 0},
    {.bitmap_index = 5468, .adv_w = 185, .box_w = 11, .box_h = 20, .ofs_x = 0, .ofs_y = -1},
    {.bitmap_index = 5578, .adv_w = 164, .box_w = 10, .box_h = 12, .ofs_x = 0, .ofs_y = 0},
    {.bitmap_index = 5638, .adv_w = 112, .box_w = 9, .box_h = 19, .ofs_x = 0, .ofs_y = -1},
    {.bitmap_index = 5724, .adv_w = 187, .box_w = 12, .box_h = 17, .ofs_x = 0, .ofs_y = -5},
    {.bitmap_index = 5826, .adv_w = 193, .box_w = 10, .box_h = 19, .ofs_x = 1, .ofs_y = 0},
    {.bitmap_index = 5921, .adv_w = 90, .box_w = 4, .box_h = 18, .ofs_x = 1, .ofs_y = 0},
    {.bitmap_index = 5957, .adv_w = 91, .box_w = 7, .box_h = 23, .ofs_x = -2, .ofs_y = -5},
    {.bitmap_index = 6038, .adv_w = 177, .box_w = 11, .box_h = 20, .ofs_x = 1, .ofs_y = -1},
    {.bitmap_index = 6148, .adv_w = 93, .box_w = 4, .box_h = 19, .ofs_x = 1, .ofs_y = 0},
    {.bitmap_index = 6186, .adv_w = 296, .box_w = 17, .box_h = 13, .ofs_x = 1, .ofs_y = 0},
    {.bitmap_index = 6297, .adv_w = 192, .box_w = 10, .box_h = 13, .ofs_x = 1, .ofs_y = 0},
    {.bitmap_index = 6362, .adv_w = 177, .box_w = 11, .box_h = 12, .ofs_x = 0, .ofs_y = 0},
    {.bitmap_index = 6428, .adv_w = 184, .box_w = 10, .box_h = 18, .ofs_x = 1, .ofs_y = -5},
    {.bitmap_index = 6518, .adv_w = 185, .box_w = 11, .box_h = 18, .ofs_x = 0, .ofs_y = -5},
    {.bitmap_index = 6617, .adv_w = 131, .box_w = 8, .box_h = 13, .ofs_x = 1, .ofs_y = 0},
    {.bitmap_index = 6669, .adv_w = 145, .box_w = 9, .box_h = 12, .ofs_x = 0, .ofs_y = 0},
    {.bitmap_index = 6723, .adv_w = 131, .box_w = 8, .box_h = 15, .ofs_x = 0, .ofs_y = 0},
    {.bitmap_index = 6783, .adv_w = 188, .box_w = 10, .box_h = 13, .ofs_x = 1, .ofs_y = -1},
    {.bitmap_index = 6848, .adv_w = 169, .box_w = 11, .box_h = 12, .ofs_x = 0, .ofs_y = 0},
    {.bitmap_index = 6914, .adv_w = 269, .box_w = 17, .box_h = 12, .ofs_x = 0, .ofs_y = 0},
    {.bitmap_index = 7016, .adv_w = 174, .box_w = 11, .box_h = 13, .ofs_x = 0, .ofs_y = -1},
    {.bitmap_index = 7088, .adv_w = 171, .box_w = 11, .box_h = 18, .ofs_x = 0, .ofs_y = -5},
    {.bitmap_index = 7187, .adv_w = 153, .box_w = 10, .box_h = 13, .ofs_x = 0, .ofs_y = 0},
    {.bitmap_index = 7252, .adv_w = 102, .box_w = 7, .box_h = 21, .ofs_x = 0, .ofs_y = -3},
    {.bitmap_index = 7326, .adv_w = 92, .box_w = 3, .box_h = 22, .ofs_x = 1, .ofs_y = -4},
    {.bitmap_index = 7359, .adv_w = 102, .box_w = 6, .box_h = 21, .ofs_x = 0, .ofs_y = -3},
    {.bitmap_index = 7422, .adv_w = 156, .box_w = 10, .box_h = 5, .ofs_x = 0, .ofs_y = 4},
    {.bitmap_index = 7447, .adv_w = 368, .box_w = 24, .box_h = 24, .ofs_x = 0, .ofs_y = -3},
    {.bitmap_index = 7735, .adv_w = 368, .box_w = 23, .box_h = 18, .ofs_x = 0, .ofs_y = 0},
    {.bitmap_index = 7942, .adv_w = 368, .box_w = 23, .box_h = 21, .ofs_x = 0, .ofs_y = -2},
    {.bitmap_index = 8184, .adv_w = 368, .box_w = 23, .box_h = 18, .ofs_x = 0, .ofs_y = 0},
    {.bitmap_index = 8391, .adv_w = 253, .box_w = 16, .box_h = 17, .ofs_x = 0, .ofs_y = 0},
    {.bitmap_index = 8527, .adv_w = 368, .box_w = 24, .box_h = 24, .ofs_x = 0, .ofs_y = -3},
    {.bitmap_index = 8815, .adv_w = 368, .box_w = 23, .box_h = 24, .ofs_x = 0, .ofs_y = -3},
    {.bitmap_index = 9091, .adv_w = 414, .box_w = 26, .box_h = 21, .ofs_x = 0, .ofs_y = -2},
    {.bitmap_index = 9364, .adv_w = 368, .box_w = 23, .box_h = 23, .ofs_x = 0, .ofs_y = -3},
    {.bitmap_index = 9629, .adv_w = 414, .box_w = 26, .box_h = 18, .ofs_x = 0, .ofs_y = 0},
    {.bitmap_index = 9863, .adv_w = 368, .box_w = 23, .box_h = 24, .ofs_x = 0, .ofs_y = -3},
    {.bitmap_index = 10139, .adv_w = 184, .box_w = 12, .box_h = 19, .ofs_x = 0, .ofs_y = -1},
    {.bitmap_index = 10253, .adv_w = 276, .box_w = 18, .box_h = 19, .ofs_x = 0, .ofs_y = -1},
    {.bitmap_index = 10424, .adv_w = 414, .box_w = 26, .box_h = 23, .ofs_x = 0, .ofs_y = -3},
    {.bitmap_index = 10723, .adv_w = 368, .box_w = 23, .box_h = 18, .ofs_x = 0, .ofs_y = 0},
    {.bitmap_index = 10930, .adv_w = 253, .box_w = 16, .box_h = 24, .ofs_x = 0, .ofs_y = -3},
    {.bitmap_index = 11122, .adv_w = 322, .box_w = 16, .box_h = 22, .ofs_x = 2, .ofs_y = -2},
    {.bitmap_index = 11298, .adv_w = 322, .box_w = 21, .box_h = 25, .ofs_x = 0, .ofs_y = -4},
    {.bitmap_index = 11561, .adv_w = 322, .box_w = 21, .box_h = 21, .ofs_x = 0, .ofs_y = -2},
    {.bitmap_index = 11782, .adv_w = 322, .box_w = 21, .box_h = 21, .ofs_x = 0, .ofs_y = -2},
    {.bitmap_index = 12003, .adv_w = 322, .box_w = 16, .box_h = 22, .ofs_x = 2, .ofs_y = -2},
    {.bitmap_index = 12179, .adv_w = 322, .box_w = 22, .box_h = 21, .ofs_x = -1, .ofs_y = -2},
    {.bitmap_index = 12410, .adv_w = 230, .box_w = 13, .box_h = 21, .ofs_x = 1, .ofs_y = -2},
    {.bitmap_index = 12547, .adv_w = 230, .box_w = 13, .box_h = 21, .ofs_x = 1, .ofs_y = -2},
    {.bitmap_index = 12684, .adv_w = 322, .box_w = 21, .box_h = 21, .ofs_x = 0, .ofs_y = -2},
    {.bitmap_index = 12905, .adv_w = 322, .box_w = 21, .box_h = 5, .ofs_x = 0, .ofs_y = 6},
    {.bitmap_index = 12958, .adv_w = 414, .box_w = 26, .box_h = 18, .ofs_x = 0, .ofs_y = 0},
    {.bitmap_index = 13192, .adv_w = 460, .box_w = 29, .box_h = 24, .ofs_x = 0, .ofs_y = -3},
    {.bitmap_index = 13540, .adv_w = 414, .box_w = 28, .box_h = 24, .ofs_x = -1, .ofs_y = -3},
    {.bitmap_index = 13876, .adv_w = 368, .box_w = 23, .box_h = 22, .ofs_x = 0, .ofs_y = -2},
    {.bitmap_index = 14129, .adv_w = 322, .box_w = 20, .box_h = 13, .ofs_x = 0, .ofs_y = 2},
    {.bitmap_index = 14259, .adv_w = 322, .box_w = 20, .box_h = 13, .ofs_x = 0, .ofs_y = 2},
    {.bitmap_index = 14389, .adv_w = 460, .box_w = 29, .box_h = 19, .ofs_x = 0, .ofs_y = -1},
    {.bitmap_index = 14665, .adv_w = 368, .box_w = 23, .box_h = 18, .ofs_x = 0, .ofs_y = 0},
    {.bitmap_index = 14872, .adv_w = 368, .box_w = 23, .box_h = 23, .ofs_x = 0, .ofs_y = -3},
    {.bitmap_index = 15137, .adv_w = 368, .box_w = 24, .box_h = 24, .ofs_x = -1, .ofs_y = -3},
    {.bitmap_index = 15425, .adv_w = 322, .box_w = 21, .box_h = 21, .ofs_x = 0, .ofs_y = -2},
    {.bitmap_index = 15646, .adv_w = 322, .box_w = 21, .box_h = 24, .ofs_x = 0, .ofs_y = -3},
    {.bitmap_index = 15898, .adv_w = 322, .box_w = 21, .box_h = 21, .ofs_x = 0, .ofs_y = -2},
    {.bitmap_index = 16119, .adv_w = 322, .box_w = 21, .box_h = 19, .ofs_x = 0, .ofs_y = -1},
    {.bitmap_index = 16319, .adv_w = 368, .box_w = 23, .box_h = 18, .ofs_x = 0, .ofs_y = 0},
    {.bitmap_index = 16526, .adv_w = 230, .box_w = 16, .box_h = 24, .ofs_x = -1, .ofs_y = -3},
    {.bitmap_index = 16718, .adv_w = 322, .box_w = 21, .box_h = 24, .ofs_x = 0, .ofs_y = -3},
    {.bitmap_index = 16970, .adv_w = 322, .box_w = 21, .box_h = 24, .ofs_x = 0, .ofs_y = -3},
    {.bitmap_index = 17222, .adv_w = 414, .box_w = 26, .box_h = 18, .ofs_x = 0, .ofs_y = 0},
    {.bitmap_index = 17456, .adv_w = 368, .box_w = 25, .box_h = 24, .ofs_x = -1, .ofs_y = -3},
    {.bitmap_index = 17756, .adv_w = 276, .box_w = 18, .box_h = 24, .ofs_x = 0, .ofs_y = -3},
    {.bitmap_index = 17972, .adv_w = 460, .box_w = 29, .box_h = 22, .ofs_x = 0, .ofs_y = -2},
    {.bitmap_index = 18291, .adv_w = 460, .box_w = 29, .box_h = 15, .ofs_x = 0, .ofs_y = 1},
    {.bitmap_index = 18509, .adv_w = 460, .box_w = 29, .box_h = 15, .ofs_x = 0, .ofs_y = 1},
    {.bitmap_index = 18727, .adv_w = 460, .box_w = 29, .box_h = 15, .ofs_x = 0, .ofs_y = 1},
    {.bitmap_index = 18945, .adv_w = 460, .box_w = 29, .box_h = 15, .ofs_x = 0, .ofs_y = 1},
    {.bitmap_index = 19163, .adv_w = 460, .box_w = 29, .box_h = 15, .ofs_x = 0, .ofs_y = 1},
    {.bitmap_index = 19381, .adv_w = 460, .box_w = 29, .box_h = 19, .ofs_x = 0, .ofs_y = -1},
    {.bitmap_index = 19657, .adv_w = 322, .box_w = 18, .box_h = 24, .ofs_x = 1, .ofs_y = -3},
    {.bitmap_index = 19873, .adv_w = 322, .box_w = 21, .box_h = 24, .ofs_x = 0, .ofs_y = -3},
    {.bitmap_index = 20125, .adv_w = 368, .box_w = 24, .box_h = 24, .ofs_x = -1, .ofs_y = -3},
    {.bitmap_index = 20413, .adv_w = 460, .box_w = 29, .box_h = 18, .ofs_x = 0, .ofs_y = 0},
    {.bitmap_index = 20674, .adv_w = 276, .box_w = 18, .box_h = 24, .ofs_x = 0, .ofs_y = -3},
    {.bitmap_index = 20890, .adv_w = 370, .box_w = 24, .box_h = 15, .ofs_x = 0, .ofs_y = 1}
};

/*---------------------
 *  CHARACTER MAPPING
 *--------------------*/

static const uint16_t unicode_list_1[] = {
    0x0, 0x7, 0xa, 0xb, 0xc, 0x10, 0x12, 0x14,
    0x18, 0x1b, 0x20, 0x25, 0x26, 0x27, 0x3d, 0x42,
    0x47, 0x4a, 0x4b, 0x4c, 0x50, 0x51, 0x52, 0x53,
    0x66, 0x67, 0x6d, 0x6f, 0x70, 0x73, 0x76, 0x77,
    0x78, 0x7a, 0x92, 0x94, 0xc3, 0xc4, 0xc6, 0xc8,
    0xdf, 0xe6, 0xe9, 0xf2, 0x11b, 0x123, 0x15a, 0x1ea,
    0x23f, 0x240, 0x241, 0x242, 0x243, 0x286, 0x292, 0x2ec,
    0x303, 0x559, 0x7c1, 0x8a1
};

/*Collect the unicode lists and glyph_id offsets*/
static const lv_font_fmt_txt_cmap_t cmaps[] =
{
    {
        .range_start = 32, .range_length = 95, .glyph_id_start = 1,
        .unicode_list = NULL, .glyph_id_ofs_list = NULL, .list_length = 0, .type = LV_FONT_FMT_TXT_CMAP_FORMAT0_TINY
    },
    {
        .range_start = 61441, .range_length = 2210, .glyph_id_start = 96,
        .unicode_list = unicode_list_1, .glyph_id_ofs_list = NULL, .list_length = 60, .type = LV_FONT_FMT_TXT_CMAP_SPARSE_TINY
    }
};



/*--------------------
 *  ALL CUSTOM DATA
 *--------------------*/

#if LVGL_VERSION_MAJOR == 8
/*Store all the custom data of the font*/
static  lv_font_fmt_txt_glyph_cache_t cache;
#endif

#if LVGL_VERSION_MAJOR >= 8
static const lv_font_fmt_txt_dsc_t font_dsc = {
#else
static lv_font_fmt_txt_dsc_t font_dsc = {
#endif
    .glyph_bitmap = glyph_bitmap,
    .glyph_dsc = glyph_dsc,
    .cmaps = cmaps,
    .kern_dsc = NULL,
    .kern_scale = 0,
    .cmap_num = 2,
    .bpp = 4,
    .kern_classes = 0,
    .bitmap_format = 0,
#if LVGL_VERSION_MAJOR == 8
    .cache = &cache
#endif
};



/*-----------------
 *  PUBLIC FONT
 *----------------*/

/*Initialize a public general font descriptor*/
#if LVGL_VERSION_MAJOR >= 8
const lv_font_t lv_font_Acme_Regular_23 = {
#else
lv_font_t lv_font_Acme_Regular_23 = {
#endif
    .get_glyph_dsc = lv_font_get_glyph_dsc_fmt_txt,    /*Function pointer to get glyph's data*/
    .get_glyph_bitmap = lv_font_get_bitmap_fmt_txt,    /*Function pointer to get glyph's bitmap*/
    .line_height = 23,          /*The maximum line height required by the font*/
    .base_line = 3,             /*Baseline measured from the bottom of the line*/
#if !(LVGL_VERSION_MAJOR == 6 && LVGL_VERSION_MINOR == 0)
    .subpx = LV_FONT_SUBPX_NONE,
#endif
#if LV_VERSION_CHECK(7, 4, 0) || LVGL_VERSION_MAJOR >= 8
    .underline_position = -2,
    .underline_thickness = 1,
#endif
    .dsc = &font_dsc,          /*The custom font data. Will be accessed by `get_glyph_bitmap/dsc` */
#if LV_VERSION_CHECK(8, 2, 0) || LVGL_VERSION_MAJOR >= 9
    .fallback = NULL,
#endif
    .user_data = NULL,
};



#endif /*#if LV_FONT_ACME_REGULAR_23*/

